,사고번호,사고일시,요일,시군구,사고내용,사망자수,중상자수,경상자수,부상신고자수,사고유형,법규위반,노면상태,기상상태,도로형태,가해운전자 차종,가해운전자 성별,가해운전자 연령,가해운전자 상해정도,피해운전자 차종,피해운전자 성별,피해운전자 연령,피해운전자 상해정도
19987,2020010600100429,2020년 1월 6일 18시,월요일,서울특별시 노원구 상계동,경상사고,0,0,1,0,차대사람 - 기타,신호위반,포장 - 젖음/습기,비,교차로 - 교차로부근,승용,남,70세,상해없음,보행자,여,47세,경상
19988,2020010600100500,2020년 1월 6일 19시,월요일,서울특별시 동대문구 이문동,경상사고,0,0,1,0,차대사람 - 횡단중,보행자보호의무위반,포장 - 젖음/습기,비,교차로 - 교차로안,승용,여,45세,상해없음,보행자,남,39세,경상
19989,2020010600100504,2020년 1월 6일 19시,월요일,서울특별시 송파구 문정동,경상사고,0,0,1,0,차대사람 - 횡단중,보행자보호의무위반,포장 - 젖음/습기,비,기타 - 기타,승용,남,39세,상해없음,보행자,여,40세,경상
19990,2020010600100545,2020년 1월 6일 20시,월요일,서울특별시 중구 흥인동,중상사고,0,1,0,0,차대사람 - 기타,안전운전불이행,포장 - 젖음/습기,비,단일로 - 기타,화물,남,71세,상해없음,보행자,남,52세,중상
19991,2020010600100548,2020년 1월 6일 20시,월요일,서울특별시 강북구 미아동,중상사고,0,1,1,0,차대사람 - 횡단중,보행자보호의무위반,포장 - 젖음/습기,비,교차로 - 교차로부근,승용,남,28세,상해없음,보행자,여,84세,중상
19992,2020010600100551,2020년 1월 6일 20시,월요일,서울특별시 영등포구 문래동6가,경상사고,0,0,1,0,차대사람 - 횡단중,보행자보호의무위반,포장 - 젖음/습기,비,교차로 - 교차로횡단보도내,승용,여,32세,상해없음,보행자,남,45세,경상
19993,2020010600100554,2020년 1월 6일 20시,월요일,서울특별시 양천구 신정동,중상사고,0,1,0,0,차대사람 - 기타,안전운전불이행,포장 - 젖음/습기,비,교차로 - 교차로안,승용,남,29세,상해없음,보행자,남,73세,중상
19994,2020010600100557,2020년 1월 6일 20시,월요일,서울특별시 강남구 수서동,중상사고,0,1,0,0,차대사람 - 횡단중,보행자보호의무위반,포장 - 젖음/습기,비,교차로 - 교차로횡단보도내,승용,남,63세,상해없음,보행자,여,74세,중상
19995,2020010600100593,2020년 1월 6일 21시,월요일,서울특별시 중구 저동2가,중상사고,0,1,0,0,차대사람 - 기타,안전운전불이행,포장 - 젖음/습기,비,단일로 - 기타,승용,남,51세,상해없음,보행자,남,32세,중상
19996,2020010600100629,2020년 1월 6일 22시,월요일,서울특별시 서대문구 충정로2가,부상신고사고,0,0,0,1,차대사람 - 횡단중,안전운전불이행,포장 - 젖음/습기,비,단일로 - 기타,승합,남,56세,상해없음,보행자,남,48세,부상신고
19997,2020010600100631,2020년 1월 6일 22시,월요일,서울특별시 강남구 일원동,중상사고,0,1,0,0,차대사람 - 횡단중,보행자보호의무위반,포장 - 젖음/습기,비,교차로 - 교차로부근,승용,남,45세,상해없음,보행자,여,18세,중상
19998,2020010600100655,2020년 1월 6일 23시,월요일,서울특별시 영등포구 양평동1가,경상사고,0,0,1,0,차대사람 - 횡단중,신호위반,포장 - 젖음/습기,비,교차로 - 교차로안,승용,여,24세,상해없음,보행자,남,31세,경상
19999,2020010600100656,2020년 1월 6일 23시,월요일,서울특별시 중랑구 망우동,경상사고,0,0,1,0,차대사람 - 횡단중,보행자보호의무위반,포장 - 젖음/습기,비,교차로 - 교차로횡단보도내,승용,남,49세,상해없음,보행자,남,62세,경상
20000,2020010600100659,2020년 1월 6일 23시,월요일,서울특별시 양천구 목동,중상사고,0,1,0,0,차대사람 - 횡단중,신호위반,포장 - 젖음/습기,비,단일로 - 기타,이륜,남,40세,상해없음,보행자,남,47세,중상
20001,2020010600100660,2020년 1월 6일 23시,월요일,서울특별시 서초구 방배동,중상사고,0,1,0,0,차대사람 - 횡단중,안전운전불이행,포장 - 젖음/습기,비,단일로 - 기타,승합,남,59세,상해없음,보행자,남,48세,중상
20002,2020010700100003,2020년 1월 7일 00시,화요일,서울특별시 구로구 오류동,중상사고,0,2,0,0,차대사람 - 횡단중,신호위반,포장 - 젖음/습기,비,교차로 - 교차로횡단보도내,승용,남,68세,상해없음,보행자,여,53세,중상
20003,2020010700100004,2020년 1월 7일 00시,화요일,서울특별시 강남구 도곡동,중상사고,0,1,0,0,차대사람 - 기타,안전운전불이행,포장 - 젖음/습기,비,교차로 - 교차로안,승용,남,60세,상해없음,보행자,남,57세,중상
20004,2020010700100015,2020년 1월 7일 01시,화요일,서울특별시 서대문구 북가좌동,중상사고,0,1,0,0,차대사람 - 기타,안전운전불이행,포장 - 젖음/습기,비,단일로 - 기타,승용,남,58세,상해없음,보행자,남,57세,중상
20005,2020010700100016,2020년 1월 7일 01시,화요일,서울특별시 금천구 독산동,경상사고,0,0,1,0,차대사람 - 기타,안전운전불이행,포장 - 젖음/습기,비,단일로 - 기타,승용,남,47세,상해없음,보행자,여,25세,경상
20006,2020010700100027,2020년 1월 7일 02시,화요일,서울특별시 중랑구 묵동,경상사고,0,0,1,0,차대사람 - 차도통행중,안전운전불이행,포장 - 젖음/습기,비,교차로 - 교차로안,승용,남,53세,상해없음,보행자,남,42세,경상
20007,2020010700100058,2020년 1월 7일 06시,화요일,서울특별시 성동구 성수동2가,중상사고,0,1,0,0,차대사람 - 횡단중,안전운전불이행,포장 - 젖음/습기,비,교차로 - 교차로부근,화물,남,68세,상해없음,보행자,여,58세,중상
20008,2020010700100125,2020년 1월 7일 08시,화요일,서울특별시 중구 만리동2가,중상사고,0,1,0,0,차대사람 - 기타,안전운전불이행,포장 - 건조,맑음,단일로 - 기타,승용,남,44세,상해없음,보행자,여,65세,중상
20009,2020010700100127,2020년 1월 7일 08시,화요일,서울특별시 영등포구 양평동4가,경상사고,0,0,1,0,차대사람 - 횡단중,보행자보호의무위반,포장 - 젖음/습기,비,교차로 - 교차로안,승합,남,50세,상해없음,보행자,남,26세,경상
20010,2020010700100129,2020년 1월 7일 08시,화요일,서울특별시 구로구 구로동,중상사고,0,1,0,0,차대사람 - 기타,안전운전불이행,포장 - 젖음/습기,맑음,단일로 - 기타,승용,남,66세,상해없음,보행자,남,41세,중상
20011,2020010700100193,2020년 1월 7일 10시,화요일,서울특별시 동대문구 용두동,중상사고,0,1,0,0,차대사람 - 횡단중,보행자보호의무위반,포장 - 젖음/습기,비,교차로 - 교차로안,승용,남,47세,상해없음,보행자,여,58세,중상
20012,2020010700100194,2020년 1월 7일 10시,화요일,서울특별시 구로구 구로동,경상사고,0,0,1,0,차대사람 - 횡단중,안전운전불이행,포장 - 젖음/습기,비,교차로 - 교차로부근,승용,남,54세,상해없음,보행자,남,83세,경상
20013,2020010700100243,2020년 1월 7일 12시,화요일,서울특별시 강남구 논현동,경상사고,0,0,1,0,차대사람 - 기타,안전운전불이행,포장 - 젖음/습기,비,단일로 - 기타,승용,여,39세,상해없음,보행자,여,34세,경상
20014,2020010700100268,2020년 1월 7일 13시,화요일,서울특별시 성동구 도선동,경상사고,0,0,1,0,차대사람 - 보도통행중,안전운전불이행,포장 - 젖음/습기,비,단일로 - 기타,승용,여,40세,상해없음,보행자,남,59세,경상
20015,2020010700100271,2020년 1월 7일 13시,화요일,서울특별시 강남구 삼성동,경상사고,0,0,1,0,차대사람 - 기타,안전운전불이행,포장 - 건조,맑음,단일로 - 기타,승용,여,55세,상해없음,보행자,여,46세,경상
20016,2020010700100307,2020년 1월 7일 14시,화요일,서울특별시 서초구 서초동,부상신고사고,0,0,0,2,차대사람 - 차도통행중,안전운전불이행,포장 - 젖음/습기,비,단일로 - 기타,화물,남,61세,상해없음,보행자,여,24세,부상신고
20017,2020010700100354,2020년 1월 7일 16시,화요일,서울특별시 노원구 상계동,경상사고,0,0,1,0,차대사람 - 차도통행중,안전운전불이행,포장 - 젖음/습기,비,단일로 - 기타,승용,남,69세,상해없음,보행자,여,69세,경상
20018,2020010700100380,2020년 1월 7일 17시,화요일,서울특별시 용산구 용문동,중상사고,0,1,0,0,차대사람 - 기타,안전운전불이행,포장 - 젖음/습기,비,단일로 - 기타,개인형이동수단(PM),남,33세,상해없음,보행자,여,72세,중상
20019,2020010700100384,2020년 1월 7일 17시,화요일,서울특별시 강서구 방화동,중상사고,0,1,0,0,차대사람 - 횡단중,안전운전불이행,포장 - 젖음/습기,비,교차로 - 교차로부근,승합,남,37세,상해없음,보행자,여,60세,중상
20020,2020010700100386,2020년 1월 7일 17시,화요일,서울특별시 구로구 구로동,중상사고,0,1,0,0,차대사람 - 횡단중,신호위반,포장 - 젖음/습기,비,단일로 - 기타,화물,남,33세,상해없음,보행자,남,26세,중상
20021,2020010700100387,2020년 1월 7일 17시,화요일,서울특별시 서초구 양재동,중상사고,0,1,0,0,차대사람 - 횡단중,안전운전불이행,포장 - 젖음/습기,흐림,기타 - 기타,승용,남,38세,상해없음,보행자,여,70세,중상
20022,2020010700100454,2020년 1월 7일 18시,화요일,서울특별시 종로구 세종로,부상신고사고,0,0,0,1,차대사람 - 차도통행중,안전운전불이행,포장 - 젖음/습기,비,단일로 - 기타,승용,남,57세,상해없음,보행자,남,27세,부상신고
20023,2020010700100458,2020년 1월 7일 18시,화요일,서울특별시 강서구 마곡동,경상사고,0,0,1,0,차대사람 - 횡단중,보행자보호의무위반,포장 - 젖음/습기,비,교차로 - 교차로안,승용,여,27세,상해없음,보행자,여,27세,경상
20024,2020010700100459,2020년 1월 7일 18시,화요일,서울특별시 강동구 고덕동,경상사고,0,0,1,0,차대사람 - 횡단중,보행자보호의무위반,포장 - 젖음/습기,비,교차로 - 교차로횡단보도내,승용,남,51세,상해없음,보행자,남,12세,경상
20025,2020010700100460,2020년 1월 7일 18시,화요일,서울특별시 강동구 천호동,경상사고,0,0,1,0,차대사람 - 기타,보행자보호의무위반,포장 - 젖음/습기,비,교차로 - 교차로안,화물,남,47세,상해없음,보행자,여,33세,경상
20026,2020010700100462,2020년 1월 7일 18시,화요일,서울특별시 구로구 가리봉동,경상사고,0,0,1,0,차대사람 - 기타,안전운전불이행,포장 - 젖음/습기,비,단일로 - 기타,승합,기타불명,미분류,기타불명,보행자,남,60세,경상
20027,2020010700100466,2020년 1월 7일 18시,화요일,서울특별시 양천구 신정동,중상사고,0,1,0,0,차대사람 - 횡단중,신호위반,포장 - 젖음/습기,비,기타 - 기타,승용,남,38세,상해없음,보행자,여,51세,중상
20028,2020010700100590,2020년 1월 7일 20시,화요일,서울특별시 은평구 녹번동,경상사고,0,0,1,0,차대사람 - 횡단중,안전운전불이행,포장 - 젖음/습기,비,교차로 - 교차로안,승용,남,56세,상해없음,보행자,여,33세,경상
20029,2020010700100591,2020년 1월 7일 20시,화요일,서울특별시 은평구 신사동,중상사고,0,1,0,0,차대사람 - 횡단중,안전운전불이행,포장 - 젖음/습기,비,교차로 - 교차로부근,승용,여,74세,상해없음,보행자,여,80세,중상
20030,2020010700100596,2020년 1월 7일 20시,화요일,서울특별시 노원구 상계동,경상사고,0,0,1,0,차대사람 - 기타,신호위반,포장 - 젖음/습기,비,교차로 - 교차로횡단보도내,원동기,남,21세,상해없음,보행자,여,52세,경상
20031,2020010700100597,2020년 1월 7일 20시,화요일,서울특별시 강남구 대치동,경상사고,0,0,1,0,차대사람 - 기타,안전운전불이행,포장 - 건조,맑음,단일로 - 기타,승용,남,42세,상해없음,보행자,남,61세,경상
20032,2020010700100641,2020년 1월 7일 21시,화요일,서울특별시 은평구 수색동,경상사고,0,0,1,0,차대사람 - 횡단중,안전운전불이행,포장 - 건조,맑음,교차로 - 교차로안,화물,남,34세,상해없음,보행자,남,58세,경상
20033,2020010700100642,2020년 1월 7일 21시,화요일,서울특별시 영등포구 영등포동,중상사고,0,1,0,0,차대사람 - 기타,보행자보호의무위반,포장 - 젖음/습기,비,교차로 - 교차로횡단보도내,승용,남,58세,상해없음,보행자,여,41세,중상
20034,2020010700100644,2020년 1월 7일 21시,화요일,서울특별시 금천구 시흥동,중상사고,0,1,0,0,차대사람 - 길가장자리구역통행중,안전운전불이행,포장 - 젖음/습기,비,단일로 - 기타,승용,남,38세,상해없음,보행자,여,63세,중상
20035,2020010700100650,2020년 1월 7일 21시,화요일,서울특별시 도봉구 창동,부상신고사고,0,0,0,2,차대사람 - 기타,안전운전불이행,포장 - 젖음/습기,비,단일로 - 기타,승용,남,54세,상해없음,보행자,여,53세,부상신고
20036,2020010700100703,2020년 1월 7일 22시,화요일,서울특별시 강서구 화곡동,경상사고,0,0,1,0,차대사람 - 기타,안전운전불이행,포장 - 젖음/습기,비,교차로 - 교차로부근,이륜,남,27세,상해없음,보행자,여,28세,경상
20037,2020010700100706,2020년 1월 7일 22시,화요일,서울특별시 도봉구 도봉동,경상사고,0,0,1,0,차대사람 - 기타,안전운전불이행,포장 - 젖음/습기,비,교차로 - 교차로안,이륜,남,19세,상해없음,보행자,여,32세,경상
20038,2020010700100707,2020년 1월 7일 22시,화요일,서울특별시 서초구 방배동,사망사고,1,0,0,0,차대사람 - 차도통행중,안전운전불이행,포장 - 젖음/습기,비,단일로 - 기타,승용,남,62세,상해없음,보행자,남,72세,사망
20039,2020010700100735,2020년 1월 7일 23시,화요일,서울특별시 마포구 구수동,중상사고,0,1,0,0,차대사람 - 횡단중,신호위반,포장 - 젖음/습기,비,교차로 - 교차로횡단보도내,이륜,남,44세,상해없음,보행자,남,59세,중상
20040,2020010700100737,2020년 1월 7일 23시,화요일,서울특별시 서초구 양재동,경상사고,0,0,1,0,차대사람 - 기타,안전운전불이행,포장 - 건조,기타,주차장 - 주차장,승용,남,22세,상해없음,보행자,남,44세,경상
20041,2020010800100001,2020년 1월 8일 00시,수요일,서울특별시 중구 남대문로4가,중상사고,0,1,0,0,차대사람 - 차도통행중,안전운전불이행,포장 - 젖음/습기,비,교차로 - 교차로부근,승용,남,52세,상해없음,보행자,남,30세,중상
20042,2020010800100002,2020년 1월 8일 00시,수요일,서울특별시 금천구 시흥동,경상사고,0,0,1,0,차대사람 - 횡단중,신호위반,포장 - 젖음/습기,비,교차로 - 교차로횡단보도내,승용,남,25세,상해없음,보행자,여,18세,경상
20043,2020010800100046,2020년 1월 8일 03시,수요일,서울특별시 서대문구 북가좌동,중상사고,0,1,0,0,차대사람 - 차도통행중,안전운전불이행,포장 - 건조,맑음,단일로 - 기타,이륜,남,51세,상해없음,보행자,남,21세,중상
20044,2020010800100061,2020년 1월 8일 05시,수요일,서울특별시 마포구 노고산동,경상사고,0,0,1,0,차대사람 - 횡단중,신호위반,포장 - 젖음/습기,비,단일로 - 기타,승용,남,20세,상해없음,보행자,여,47세,경상
20045,2020010800100125,2020년 1월 8일 08시,수요일,서울특별시 영등포구 문래동6가,중상사고,0,1,0,0,차대사람 - 보도통행중,보행자보호의무위반,포장 - 젖음/습기,흐림,교차로 - 교차로안,승용,남,58세,상해없음,보행자,여,33세,중상
20046,2020010800100127,2020년 1월 8일 08시,수요일,서울특별시 중랑구 중화동,중상사고,0,1,0,0,차대사람 - 기타,안전운전불이행,포장 - 건조,맑음,교차로 - 교차로안,승용,남,31세,상해없음,보행자,여,72세,중상
20047,2020010800100161,2020년 1월 8일 09시,수요일,서울특별시 동대문구 답십리동,경상사고,0,0,1,0,차대사람 - 횡단중,안전운전불이행,포장 - 건조,맑음,교차로 - 교차로횡단보도내,승합,남,54세,상해없음,보행자,남,87세,경상
20048,2020010800100189,2020년 1월 8일 10시,수요일,서울특별시 강북구 수유동,경상사고,0,0,1,1,차대사람 - 횡단중,신호위반,포장 - 건조,맑음,교차로 - 교차로횡단보도내,승용,여,50세,상해없음,보행자,여,29세,경상
20049,2020010800100190,2020년 1월 8일 10시,수요일,서울특별시 동대문구 휘경동,경상사고,0,0,1,0,차대사람 - 횡단중,안전운전불이행,포장 - 건조,맑음,교차로 - 교차로부근,화물,남,74세,상해없음,보행자,여,74세,경상
20050,2020010800100191,2020년 1월 8일 10시,수요일,서울특별시 영등포구 대림동,중상사고,0,1,0,0,차대사람 - 기타,안전운전불이행,포장 - 건조,맑음,단일로 - 기타,화물,남,23세,상해없음,보행자,남,42세,중상
20051,2020010800100216,2020년 1월 8일 11시,수요일,서울특별시 동대문구 제기동,부상신고사고,0,0,0,1,차대사람 - 횡단중,안전운전불이행,포장 - 건조,맑음,교차로 - 교차로안,화물,남,45세,상해없음,보행자,남,76세,부상신고
20052,2020010800100219,2020년 1월 8일 11시,수요일,서울특별시 강남구 역삼동,중상사고,0,1,0,0,차대사람 - 기타,안전운전불이행,포장 - 건조,맑음,단일로 - 기타,승용,남,55세,상해없음,보행자,남,65세,중상
20053,2020010800100249,2020년 1월 8일 12시,수요일,서울특별시 서초구 반포동,경상사고,0,0,1,0,차대사람 - 보도통행중,안전운전불이행,포장 - 건조,맑음,기타 - 기타,승합,남,34세,상해없음,보행자,여,59세,경상
20054,2020010800100283,2020년 1월 8일 13시,수요일,서울특별시 강동구 길동,중상사고,0,1,0,0,차대사람 - 횡단중,보행자보호의무위반,포장 - 건조,흐림,교차로 - 교차로안,승용,여,40세,기타불명,보행자,여,49세,중상
20055,2020010800100338,2020년 1월 8일 15시,수요일,서울특별시 중구 신당동,중상사고,0,1,0,0,차대사람 - 횡단중,안전운전불이행,포장 - 건조,맑음,단일로 - 기타,화물,남,55세,상해없음,보행자,여,72세,중상
20056,2020010800100339,2020년 1월 8일 15시,수요일,서울특별시 중랑구 망우동,중상사고,0,1,0,0,차대사람 - 기타,안전운전불이행,포장 - 건조,맑음,단일로 - 기타,화물,남,59세,상해없음,보행자,여,93세,중상
20057,2020010800100341,2020년 1월 8일 15시,수요일,서울특별시 서초구 잠원동,중상사고,0,1,0,0,차대사람 - 기타,안전운전불이행,포장 - 건조,맑음,교차로 - 교차로안,승용,남,40세,상해없음,보행자,남,73세,중상
20058,2020010800100342,2020년 1월 8일 15시,수요일,서울특별시 양천구 신월동,경상사고,0,0,1,0,차대사람 - 기타,보행자보호의무위반,포장 - 건조,맑음,교차로 - 교차로횡단보도내,화물,남,67세,상해없음,보행자,남,69세,경상
20059,2020010800100361,2020년 1월 8일 16시,수요일,서울특별시 종로구 혜화동,경상사고,0,0,1,0,차대사람 - 기타,안전운전불이행,포장 - 건조,맑음,단일로 - 기타,이륜,남,43세,상해없음,보행자,남,54세,경상
20060,2020010800100363,2020년 1월 8일 16시,수요일,서울특별시 서초구 염곡동,경상사고,0,0,1,0,차대사람 - 횡단중,신호위반,포장 - 건조,맑음,교차로 - 교차로부근,승용,여,63세,상해없음,보행자,여,29세,경상
20061,2020010800100387,2020년 1월 8일 17시,수요일,서울특별시 성북구 정릉동,경상사고,0,0,1,0,차대사람 - 기타,안전운전불이행,포장 - 건조,맑음,단일로 - 기타,승용,남,68세,상해없음,보행자,남,30세,경상
20062,2020010800100389,2020년 1월 8일 17시,수요일,서울특별시 강서구 등촌동,중상사고,0,1,0,0,차대사람 - 보도통행중,보행자보호의무위반,포장 - 건조,맑음,교차로 - 교차로부근,승용,남,71세,상해없음,보행자,여,75세,중상
20063,2020010800100428,2020년 1월 8일 18시,수요일,서울특별시 금천구 시흥동,중상사고,0,1,0,0,차대사람 - 횡단중,안전운전불이행,포장 - 건조,맑음,단일로 - 기타,건설기계,남,62세,기타불명,보행자,여,75세,중상
20064,2020010800100430,2020년 1월 8일 18시,수요일,서울특별시 관악구 봉천동,경상사고,0,0,1,0,차대사람 - 횡단중,보행자보호의무위반,포장 - 건조,맑음,교차로 - 교차로부근,승용,남,54세,상해없음,보행자,여,29세,경상
20065,2020010800100432,2020년 1월 8일 18시,수요일,서울특별시 도봉구 쌍문동,중상사고,0,1,0,0,차대사람 - 횡단중,안전운전불이행,포장 - 건조,맑음,교차로 - 교차로안,승용,남,46세,상해없음,보행자,남,70세,중상
20066,2020010800100488,2020년 1월 8일 19시,수요일,서울특별시 강남구 논현동,경상사고,0,0,1,0,차대사람 - 길가장자리구역통행중,안전운전불이행,포장 - 건조,맑음,단일로 - 기타,승용,남,28세,상해없음,보행자,남,33세,경상
20067,2020010800100491,2020년 1월 8일 19시,수요일,서울특별시 서초구 서초동,경상사고,0,0,1,0,차대사람 - 기타,기타,포장 - 건조,맑음,기타 - 기타,원동기,남,17세,상해없음,보행자,남,28세,경상
20068,2020010800100521,2020년 1월 8일 20시,수요일,서울특별시 서초구 서초동,중상사고,0,1,0,0,차대사람 - 횡단중,안전운전불이행,포장 - 건조,맑음,단일로 - 기타,승합,남,64세,상해없음,보행자,여,26세,중상
20069,2020010800100545,2020년 1월 8일 21시,수요일,서울특별시 강북구 미아동,경상사고,0,0,1,0,차대사람 - 횡단중,보행자보호의무위반,포장 - 젖음/습기,비,교차로 - 교차로안,승용,남,66세,상해없음,보행자,남,29세,경상
20070,2020010800100547,2020년 1월 8일 21시,수요일,서울특별시 영등포구 영등포동5가,중상사고,0,1,0,0,차대사람 - 횡단중,보행자보호의무위반,포장 - 건조,맑음,단일로 - 기타,승용,남,61세,상해없음,보행자,여,27세,중상
20071,2020010800100549,2020년 1월 8일 21시,수요일,서울특별시 구로구 오류동,중상사고,0,1,0,0,차대사람 - 기타,신호위반,포장 - 건조,맑음,단일로 - 기타,승용,남,35세,상해없음,보행자,남,30세,중상
20072,2020010800100570,2020년 1월 8일 22시,수요일,서울특별시 용산구 한남동,경상사고,0,0,1,0,차대사람 - 길가장자리구역통행중,안전운전불이행,포장 - 건조,맑음,단일로 - 기타,승용,남,35세,상해없음,보행자,남,41세,경상
20073,2020010800100589,2020년 1월 8일 23시,수요일,서울특별시 강서구 화곡동,경상사고,0,0,1,0,차대사람 - 차도통행중,안전운전불이행,포장 - 건조,맑음,단일로 - 기타,승용,남,54세,상해없음,보행자,남,40세,경상
20074,2020010900100001,2020년 1월 9일 00시,목요일,서울특별시 용산구 한남동,중상사고,0,1,0,0,차대사람 - 횡단중,보행자보호의무위반,포장 - 건조,맑음,교차로 - 교차로안,승용,남,39세,상해없음,보행자,여,71세,중상
20075,2020010900100041,2020년 1월 9일 06시,목요일,서울특별시 서대문구 연희동,경상사고,0,0,1,0,차대사람 - 기타,안전운전불이행,포장 - 건조,맑음,단일로 - 기타,승용,여,61세,상해없음,보행자,남,73세,경상
20076,2020010900100042,2020년 1월 9일 06시,목요일,서울특별시 성북구 동소문동7가,중상사고,0,1,0,0,차대사람 - 횡단중,안전운전불이행,포장 - 건조,맑음,단일로 - 기타,화물,남,69세,상해없음,보행자,남,74세,중상
20077,2020010900100046,2020년 1월 9일 06시,목요일,서울특별시 서초구 잠원동,경상사고,0,0,1,0,차대사람 - 보도통행중,안전운전불이행,포장 - 건조,맑음,기타 - 기타,승용,남,72세,상해없음,보행자,남,62세,경상
20078,2020010900100062,2020년 1월 9일 07시,목요일,서울특별시 성동구 행당동,경상사고,0,0,1,0,차대사람 - 횡단중,보행자보호의무위반,포장 - 건조,맑음,단일로 - 기타,기타불명,기타불명,미분류,기타불명,보행자,남,38세,경상
20079,2020010900100087,2020년 1월 9일 08시,목요일,서울특별시 구로구 구로동,경상사고,0,0,1,0,차대사람 - 기타,안전운전불이행,포장 - 건조,맑음,단일로 - 기타,승용,남,44세,상해없음,보행자,남,30세,경상
20080,2020010900100119,2020년 1월 9일 09시,목요일,서울특별시 송파구 석촌동,중상사고,0,1,0,0,차대사람 - 기타,안전운전불이행,포장 - 건조,맑음,교차로 - 교차로안,승용,남,32세,상해없음,보행자,여,61세,중상
20081,2020010900100140,2020년 1월 9일 10시,목요일,서울특별시 서대문구 영천동,중상사고,0,1,0,0,차대사람 - 횡단중,안전운전불이행,포장 - 건조,맑음,교차로 - 교차로횡단보도내,화물,남,51세,상해없음,보행자,여,73세,중상
20082,2020010900100143,2020년 1월 9일 10시,목요일,서울특별시 양천구 목동,중상사고,0,1,0,0,차대사람 - 보도통행중,기타,포장 - 건조,맑음,단일로 - 기타,승용,남,61세,상해없음,보행자,남,65세,중상
20083,2020010900100166,2020년 1월 9일 11시,목요일,서울특별시 마포구 성산동,경상사고,0,0,1,0,차대사람 - 기타,안전운전불이행,포장 - 건조,맑음,단일로 - 기타,화물,남,49세,상해없음,보행자,남,28세,경상
20084,2020010900100169,2020년 1월 9일 11시,목요일,서울특별시 노원구 하계동,중상사고,0,1,0,0,차대사람 - 길가장자리구역통행중,안전운전불이행,포장 - 건조,맑음,교차로 - 교차로부근,승용,여,58세,상해없음,보행자,남,12세,중상
20085,2020010900100242,2020년 1월 9일 14시,목요일,서울특별시 종로구 평동,경상사고,0,0,2,0,차대사람 - 길가장자리구역통행중,안전운전불이행,포장 - 건조,맑음,단일로 - 지하차도(도로)내,화물,남,32세,상해없음,보행자,남,57세,경상
20086,2020010900100243,2020년 1월 9일 14시,목요일,서울특별시 성동구 상왕십리동,중상사고,0,1,0,0,차대사람 - 횡단중,신호위반,포장 - 건조,맑음,교차로 - 교차로안,화물,남,76세,상해없음,보행자,여,67세,중상
20087,2020010900100244,2020년 1월 9일 14시,목요일,서울특별시 송파구 문정동,경상사고,0,0,1,0,차대사람 - 길가장자리구역통행중,안전운전불이행,포장 - 건조,맑음,단일로 - 기타,승용,남,71세,상해없음,보행자,여,54세,경상
20088,2020010900100281,2020년 1월 9일 15시,목요일,서울특별시 송파구 마천동,경상사고,0,0,1,0,차대사람 - 길가장자리구역통행중,안전운전불이행,포장 - 건조,맑음,단일로 - 기타,화물,남,63세,상해없음,보행자,남,6세,경상
20089,2020010900100315,2020년 1월 9일 16시,목요일,서울특별시 서초구 서초동,부상신고사고,0,0,0,1,차대사람 - 기타,안전운전불이행,포장 - 건조,맑음,단일로 - 기타,승용,남,30세,상해없음,보행자,여,26세,부상신고
20090,2020010900100348,2020년 1월 9일 17시,목요일,서울특별시 서초구 잠원동,중상사고,0,1,0,0,차대사람 - 횡단중,보행자보호의무위반,포장 - 건조,맑음,교차로 - 교차로횡단보도내,승용,남,48세,상해없음,보행자,남,16세,중상
20091,2020010900100349,2020년 1월 9일 17시,목요일,서울특별시 노원구 중계동,중상사고,0,1,0,0,차대사람 - 횡단중,보행자보호의무위반,포장 - 건조,맑음,교차로 - 교차로횡단보도내,화물,남,43세,상해없음,보행자,여,72세,중상
20092,2020010900100377,2020년 1월 9일 18시,목요일,서울특별시 동대문구 전농동,중상사고,0,1,0,0,차대사람 - 횡단중,보행자보호의무위반,포장 - 건조,맑음,단일로 - 기타,자전거,남,18세,상해없음,보행자,여,14세,중상
20093,2020010900100444,2020년 1월 9일 19시,목요일,서울특별시 강서구 마곡동,중상사고,0,2,0,0,차대사람 - 횡단중,안전운전불이행,포장 - 건조,맑음,교차로 - 교차로횡단보도내,승용,여,66세,상해없음,보행자,남,46세,중상
20094,2020010900100446,2020년 1월 9일 19시,목요일,서울특별시 강서구 화곡동,경상사고,0,0,1,0,차대사람 - 차도통행중,안전운전불이행,포장 - 건조,맑음,교차로 - 교차로부근,승용,남,53세,상해없음,보행자,남,53세,경상
20095,2020010900100447,2020년 1월 9일 19시,목요일,서울특별시 강동구 천호동,경상사고,0,0,1,0,차대사람 - 횡단중,보행자보호의무위반,포장 - 건조,맑음,단일로 - 기타,승용,남,41세,상해없음,보행자,여,36세,경상
20096,2020010900100450,2020년 1월 9일 19시,목요일,서울특별시 강남구 역삼동,경상사고,0,0,1,0,차대사람 - 기타,안전운전불이행,포장 - 건조,맑음,단일로 - 기타,승용,남,48세,상해없음,보행자,남,43세,경상
20097,2020010900100480,2020년 1월 9일 20시,목요일,서울특별시 서초구 서초동,경상사고,0,0,1,0,차대사람 - 횡단중,보행자보호의무위반,포장 - 건조,맑음,교차로 - 교차로횡단보도내,승용,여,37세,상해없음,보행자,남,45세,경상
20098,2020010900100505,2020년 1월 9일 21시,목요일,서울특별시 은평구 갈현동,경상사고,0,0,1,0,차대사람 - 길가장자리구역통행중,안전운전불이행,포장 - 건조,맑음,단일로 - 기타,기타불명,기타불명,미분류,기타불명,보행자,남,17세,경상