,사고번호,사고일시,요일,시군구,사고내용,사망자수,중상자수,경상자수,부상신고자수,사고유형,법규위반,노면상태,기상상태,도로형태,가해운전자 차종,가해운전자 성별,가해운전자 연령,가해운전자 상해정도,피해운전자 차종,피해운전자 성별,피해운전자 연령,피해운전자 상해정도
20099,2020010900100525,2020년 1월 9일 22시,목요일,서울특별시 영등포구 영등포동4가,경상사고,0,0,1,0,차대사람 - 차도통행중,안전운전불이행,포장 - 건조,맑음,교차로 - 교차로안,승용,남,59세,상해없음,보행자,남,50세,경상
20100,2020010900100544,2020년 1월 9일 23시,목요일,서울특별시 강북구 미아동,중상사고,0,1,0,0,차대사람 - 횡단중,신호위반,포장 - 건조,맑음,단일로 - 기타,승용,남,59세,상해없음,보행자,남,14세,중상
20101,2020010900100545,2020년 1월 9일 23시,목요일,서울특별시 중랑구 면목동,중상사고,0,1,0,0,차대사람 - 길가장자리구역통행중,안전운전불이행,포장 - 건조,맑음,단일로 - 기타,승합,남,50세,상해없음,보행자,여,17세,중상
20102,2020010900100547,2020년 1월 9일 23시,목요일,서울특별시 은평구 역촌동,경상사고,0,0,1,0,차대사람 - 횡단중,보행자보호의무위반,포장 - 건조,맑음,기타 - 기타,화물,남,62세,상해없음,보행자,남,25세,경상
20103,2020011000100009,2020년 1월 10일 01시,금요일,서울특별시 마포구 상수동,경상사고,0,0,1,0,차대사람 - 기타,안전운전불이행,포장 - 건조,맑음,단일로 - 기타,승용,남,45세,상해없음,보행자,여,24세,경상
20104,2020011000100022,2020년 1월 10일 02시,금요일,서울특별시 송파구 방이동,경상사고,0,0,1,0,차대사람 - 차도통행중,안전운전불이행,포장 - 건조,맑음,단일로 - 기타,승용,남,56세,상해없음,보행자,남,33세,경상
20105,2020011000100024,2020년 1월 10일 02시,금요일,서울특별시 강남구 대치동,경상사고,0,0,1,0,차대사람 - 기타,안전운전불이행,포장 - 건조,기타,단일로 - 기타,화물,남,60세,상해없음,보행자,남,34세,경상
20106,2020011000100042,2020년 1월 10일 04시,금요일,서울특별시 강남구 수서동,사망사고,1,0,0,0,차대사람 - 횡단중,안전운전불이행,포장 - 건조,맑음,단일로 - 기타,화물,남,35세,상해없음,보행자,여,84세,사망
20107,2020011000100057,2020년 1월 10일 06시,금요일,서울특별시 도봉구 쌍문동,부상신고사고,0,0,0,1,차대사람 - 기타,안전운전불이행,포장 - 건조,맑음,단일로 - 기타,승합,남,55세,상해없음,보행자,여,57세,부상신고
20108,2020011000100097,2020년 1월 10일 08시,금요일,서울특별시 동작구 대방동,경상사고,0,0,1,0,차대사람 - 기타,보행자보호의무위반,포장 - 건조,맑음,교차로 - 교차로횡단보도내,승용,여,60세,상해없음,보행자,여,25세,경상
20109,2020011000100130,2020년 1월 10일 09시,금요일,서울특별시 구로구 고척동,중상사고,0,1,0,0,차대사람 - 횡단중,안전운전불이행,포장 - 건조,맑음,교차로 - 교차로부근,승용,남,65세,상해없음,보행자,여,84세,중상
20110,2020011000100132,2020년 1월 10일 09시,금요일,서울특별시 서초구 방배동,경상사고,0,0,1,0,차대사람 - 차도통행중,안전운전불이행,포장 - 건조,맑음,교차로 - 교차로안,승용,여,54세,상해없음,보행자,여,31세,경상
20111,2020011000100170,2020년 1월 10일 10시,금요일,서울특별시 성동구 성수동2가,중상사고,0,1,0,0,차대사람 - 차도통행중,보행자보호의무위반,포장 - 건조,맑음,단일로 - 기타,화물,남,57세,상해없음,보행자,여,85세,중상
20112,2020011000100229,2020년 1월 10일 12시,금요일,서울특별시 마포구 서교동,경상사고,0,0,1,0,차대사람 - 기타,안전운전불이행,포장 - 건조,맑음,단일로 - 기타,승용,남,58세,상해없음,보행자,남,24세,경상
20113,2020011000100266,2020년 1월 10일 13시,금요일,서울특별시 종로구 인의동,경상사고,0,0,1,0,차대사람 - 차도통행중,안전운전불이행,포장 - 건조,맑음,교차로 - 교차로부근,화물,남,48세,상해없음,보행자,남,52세,경상
20114,2020011000100336,2020년 1월 10일 15시,금요일,서울특별시 서대문구 홍제동,중상사고,0,1,0,0,차대사람 - 횡단중,안전운전불이행,포장 - 건조,맑음,단일로 - 기타,자전거,남,59세,상해없음,보행자,여,76세,중상
20115,2020011000100373,2020년 1월 10일 16시,금요일,서울특별시 강서구 외발산동,경상사고,0,0,1,0,차대사람 - 보도통행중,신호위반,포장 - 건조,맑음,교차로 - 교차로안,승용,여,42세,상해없음,보행자,여,19세,경상
20116,2020011000100409,2020년 1월 10일 17시,금요일,서울특별시 강남구 역삼동,부상신고사고,0,0,0,1,차대사람 - 길가장자리구역통행중,안전운전불이행,포장 - 건조,맑음,단일로 - 기타,승용,여,37세,상해없음,보행자,남,22세,부상신고
20117,2020011000100438,2020년 1월 10일 18시,금요일,서울특별시 노원구 월계동,중상사고,0,1,0,0,차대사람 - 기타,보행자보호의무위반,포장 - 건조,맑음,교차로 - 교차로안,화물,남,46세,상해없음,보행자,남,58세,중상
20118,2020011000100498,2020년 1월 10일 19시,금요일,서울특별시 동작구 상도동,경상사고,0,0,1,0,차대사람 - 기타,안전운전불이행,포장 - 건조,맑음,단일로 - 기타,승용,남,59세,상해없음,보행자,남,70세,경상
20119,2020011000100500,2020년 1월 10일 19시,금요일,서울특별시 강남구 역삼동,경상사고,0,0,1,0,차대사람 - 기타,안전운전불이행,포장 - 건조,맑음,단일로 - 기타,승용,남,25세,상해없음,보행자,여,24세,경상
20120,2020011000100537,2020년 1월 10일 20시,금요일,서울특별시 구로구 구로동,중상사고,0,1,0,0,차대사람 - 횡단중,신호위반,포장 - 건조,맑음,단일로 - 기타,승용,남,64세,상해없음,보행자,남,55세,중상
20121,2020011000100567,2020년 1월 10일 21시,금요일,서울특별시 용산구 동자동,경상사고,0,0,1,0,차대사람 - 길가장자리구역통행중,안전운전불이행,포장 - 건조,맑음,기타 - 기타,승용,여,38세,기타불명,보행자,남,45세,경상
20122,2020011000100588,2020년 1월 10일 22시,금요일,서울특별시 강동구 천호동,경상사고,0,0,1,0,차대사람 - 길가장자리구역통행중,안전운전불이행,포장 - 건조,맑음,단일로 - 기타,승용,남,21세,상해없음,보행자,여,39세,경상
20123,2020011000100623,2020년 1월 10일 23시,금요일,서울특별시 마포구 동교동,경상사고,0,0,1,0,차대사람 - 길가장자리구역통행중,안전운전불이행,포장 - 건조,맑음,교차로 - 교차로안,승용,남,59세,상해없음,보행자,남,37세,경상
20124,2020011000100626,2020년 1월 10일 23시,금요일,서울특별시 서초구 반포동,사망사고,1,0,0,0,차대사람 - 기타,안전운전불이행,포장 - 건조,맑음,단일로 - 지하차도(도로)내,승용,남,70세,상해없음,보행자,남,38세,사망
20125,2020011100100003,2020년 1월 11일 00시,토요일,서울특별시 강동구 천호동,경상사고,0,0,1,0,차대사람 - 차도통행중,안전운전불이행,포장 - 건조,맑음,단일로 - 기타,승용,남,28세,상해없음,보행자,남,25세,경상
20126,2020011100100023,2020년 1월 11일 01시,토요일,서울특별시 마포구 서교동,부상신고사고,0,0,0,1,차대사람 - 기타,안전운전불이행,포장 - 건조,맑음,단일로 - 기타,기타불명,기타불명,미분류,기타불명,보행자,남,47세,부상신고
20127,2020011100100060,2020년 1월 11일 05시,토요일,서울특별시 마포구 서교동,중상사고,0,1,0,0,차대사람 - 차도통행중,안전운전불이행,포장 - 건조,맑음,단일로 - 기타,승용,남,66세,상해없음,보행자,여,18세,중상
20128,2020011100100110,2020년 1월 11일 09시,토요일,서울특별시 강남구 압구정동,중상사고,0,1,0,0,차대사람 - 횡단중,보행자보호의무위반,포장 - 건조,맑음,교차로 - 교차로안,승용,여,44세,상해없음,보행자,남,56세,중상
20129,2020011100100168,2020년 1월 11일 11시,토요일,서울특별시 동작구 사당동,중상사고,0,1,0,0,차대사람 - 보도통행중,기타,포장 - 건조,맑음,단일로 - 기타,원동기,남,46세,상해없음,보행자,여,31세,중상
20130,2020011100100197,2020년 1월 11일 12시,토요일,서울특별시 중구 충무로2가,경상사고,0,0,1,0,차대사람 - 기타,안전운전불이행,포장 - 건조,맑음,단일로 - 기타,승합,남,45세,상해없음,보행자,남,57세,경상
20131,2020011100100198,2020년 1월 11일 12시,토요일,서울특별시 중랑구 신내동,경상사고,0,0,1,0,차대사람 - 기타,기타,포장 - 건조,맑음,단일로 - 기타,승합,남,44세,상해없음,보행자,남,46세,상해없음
20132,2020011100100239,2020년 1월 11일 13시,토요일,서울특별시 광진구 구의동,경상사고,0,0,1,0,차대사람 - 기타,안전운전불이행,포장 - 건조,맑음,단일로 - 기타,승용,여,49세,상해없음,보행자,여,27세,경상
20133,2020011100100278,2020년 1월 11일 14시,토요일,서울특별시 종로구 세종로,중상사고,0,1,0,0,차대사람 - 횡단중,안전운전불이행,포장 - 건조,맑음,단일로 - 기타,화물,남,50세,상해없음,보행자,남,59세,중상
20134,2020011100100279,2020년 1월 11일 14시,토요일,서울특별시 마포구 동교동,중상사고,0,1,0,0,차대사람 - 기타,안전운전불이행,포장 - 기타,기타,단일로 - 기타,승용,남,37세,상해없음,보행자,여,69세,중상
20135,2020011100100375,2020년 1월 11일 17시,토요일,서울특별시 관악구 신림동,중상사고,0,1,0,1,차대사람 - 횡단중,신호위반,포장 - 건조,맑음,단일로 - 기타,이륜,남,17세,상해없음,보행자,남,12세,중상
20136,2020011100100406,2020년 1월 11일 18시,토요일,서울특별시 은평구 응암동,중상사고,0,1,0,0,차대사람 - 횡단중,안전운전불이행,포장 - 건조,맑음,교차로 - 교차로부근,화물,남,64세,상해없음,보행자,남,60세,중상
20137,2020011100100457,2020년 1월 11일 19시,토요일,서울특별시 서초구 서초동,중상사고,0,1,0,0,차대사람 - 기타,보행자보호의무위반,포장 - 건조,맑음,교차로 - 교차로횡단보도내,승용,여,69세,상해없음,보행자,여,68세,중상
20138,2020011100100484,2020년 1월 11일 20시,토요일,서울특별시 강북구 수유동,경상사고,0,0,1,0,차대사람 - 기타,신호위반,포장 - 건조,맑음,교차로 - 교차로횡단보도내,승용,남,50세,상해없음,보행자,여,23세,경상
20139,2020011100100515,2020년 1월 11일 21시,토요일,서울특별시 성북구 보문동7가,경상사고,0,0,1,0,차대사람 - 횡단중,안전운전불이행,포장 - 건조,맑음,교차로 - 교차로안,승용,남,77세,상해없음,보행자,여,57세,경상
20140,2020011100100516,2020년 1월 11일 21시,토요일,서울특별시 영등포구 여의도동,부상신고사고,0,0,0,1,차대사람 - 기타,안전운전불이행,포장 - 건조,맑음,단일로 - 기타,승합,남,60세,상해없음,보행자,남,61세,부상신고
20141,2020011100100517,2020년 1월 11일 21시,토요일,서울특별시 중랑구 면목동,중상사고,0,1,0,0,차대사람 - 횡단중,보행자보호의무위반,포장 - 건조,기타,교차로 - 교차로횡단보도내,승용,여,68세,상해없음,보행자,여,66세,중상
20142,2020011100100518,2020년 1월 11일 21시,토요일,서울특별시 강동구 천호동,경상사고,0,0,1,0,차대사람 - 차도통행중,안전운전불이행,포장 - 건조,맑음,단일로 - 기타,승용,남,62세,상해없음,보행자,여,37세,경상
20143,2020011100100540,2020년 1월 11일 22시,토요일,서울특별시 성북구 동선동1가,경상사고,0,0,1,0,차대사람 - 횡단중,신호위반,포장 - 건조,맑음,단일로 - 기타,승용,남,65세,상해없음,보행자,여,19세,경상
20144,2020011100100560,2020년 1월 11일 23시,토요일,서울특별시 동대문구 장안동,중상사고,0,1,0,0,차대사람 - 횡단중,보행자보호의무위반,포장 - 건조,맑음,단일로 - 기타,승용,남,62세,상해없음,보행자,남,38세,중상
20145,2020011100100561,2020년 1월 11일 23시,토요일,서울특별시 마포구 대흥동,경상사고,0,0,1,0,차대사람 - 기타,안전운전불이행,포장 - 건조,맑음,단일로 - 기타,승합,남,63세,상해없음,보행자,여,77세,경상
20146,2020011200100041,2020년 1월 12일 03시,일요일,서울특별시 강북구 번동,중상사고,0,1,1,0,차대사람 - 기타,보행자보호의무위반,포장 - 건조,흐림,교차로 - 교차로횡단보도내,승용,남,72세,상해없음,보행자,남,40세,중상
20147,2020011200100061,2020년 1월 12일 06시,일요일,서울특별시 성동구 도선동,중상사고,0,1,0,0,차대사람 - 횡단중,신호위반,포장 - 건조,맑음,교차로 - 교차로안,승용,남,63세,상해없음,보행자,남,49세,중상
20148,2020011200100177,2020년 1월 12일 14시,일요일,서울특별시 동대문구 청량리동,중상사고,0,1,0,0,차대사람 - 횡단중,안전운전불이행,포장 - 건조,맑음,단일로 - 기타,승용,남,61세,상해없음,보행자,남,85세,중상
20149,2020011200100178,2020년 1월 12일 14시,일요일,서울특별시 영등포구 당산동6가,중상사고,0,2,0,0,차대사람 - 횡단중,안전운전불이행,포장 - 건조,맑음,단일로 - 기타,자전거,남,39세,중상,보행자,여,72세,중상
20150,2020011200100205,2020년 1월 12일 15시,일요일,서울특별시 마포구 상암동,경상사고,0,0,1,0,차대사람 - 기타,안전운전불이행,포장 - 건조,맑음,단일로 - 기타,승용,여,55세,상해없음,보행자,남,76세,경상
20151,2020011200100206,2020년 1월 12일 15시,일요일,서울특별시 마포구 공덕동,경상사고,0,0,1,0,차대사람 - 차도통행중,기타,포장 - 건조,맑음,단일로 - 기타,승용,여,24세,상해없음,보행자,여,22세,경상
20152,2020011200100207,2020년 1월 12일 15시,일요일,서울특별시 구로구 신도림동,중상사고,0,1,0,0,차대사람 - 보도통행중,기타,포장 - 건조,맑음,기타 - 기타,이륜,남,37세,상해없음,보행자,남,5세,중상
20153,2020011200100228,2020년 1월 12일 16시,일요일,서울특별시 광진구 자양동,중상사고,0,1,0,0,차대사람 - 기타,안전운전불이행,포장 - 건조,맑음,단일로 - 기타,승용,남,26세,상해없음,보행자,여,82세,중상
20154,2020011200100252,2020년 1월 12일 17시,일요일,서울특별시 중구 신당동,중상사고,0,1,0,0,차대사람 - 횡단중,신호위반,포장 - 건조,맑음,단일로 - 기타,이륜,남,22세,상해없음,보행자,여,7세,중상
20155,2020011200100257,2020년 1월 12일 17시,일요일,서울특별시 송파구 문정동,경상사고,0,0,1,0,차대사람 - 기타,기타,포장 - 건조,맑음,단일로 - 기타,자전거,남,45세,상해없음,보행자,여,32세,경상
20156,2020011200100278,2020년 1월 12일 18시,일요일,서울특별시 중랑구 망우동,경상사고,0,0,1,0,차대사람 - 횡단중,안전운전불이행,포장 - 건조,맑음,단일로 - 기타,승용,여,43세,상해없음,보행자,남,63세,경상
20157,2020011200100279,2020년 1월 12일 18시,일요일,서울특별시 구로구 고척동,경상사고,0,0,1,0,차대사람 - 기타,안전운전불이행,포장 - 건조,맑음,교차로 - 교차로안,승용,남,56세,상해없음,보행자,남,52세,경상
20158,2020011200100330,2020년 1월 12일 20시,일요일,서울특별시 금천구 시흥동,경상사고,0,0,1,0,차대사람 - 기타,신호위반,포장 - 건조,맑음,교차로 - 교차로횡단보도내,이륜,남,28세,상해없음,보행자,여,30세,경상
20159,2020011200100333,2020년 1월 12일 20시,일요일,서울특별시 도봉구 창동,중상사고,0,1,0,0,차대사람 - 횡단중,안전운전불이행,포장 - 건조,맑음,단일로 - 기타,이륜,남,22세,상해없음,보행자,여,80세,중상
20160,2020011200100334,2020년 1월 12일 20시,일요일,서울특별시 강남구 역삼동,경상사고,0,0,1,0,차대사람 - 길가장자리구역통행중,안전운전불이행,포장 - 건조,맑음,단일로 - 기타,기타불명,남,44세,상해없음,보행자,여,33세,경상
20161,2020011200100352,2020년 1월 12일 21시,일요일,서울특별시 은평구 응암동,경상사고,0,0,1,0,차대사람 - 횡단중,안전운전불이행,포장 - 건조,맑음,교차로 - 교차로횡단보도내,승용,남,50세,상해없음,보행자,남,5세,경상
20162,2020011200100381,2020년 1월 12일 23시,일요일,서울특별시 영등포구 영등포동3가,경상사고,0,0,1,0,차대사람 - 기타,안전운전불이행,포장 - 건조,맑음,단일로 - 기타,승용,남,46세,상해없음,보행자,남,64세,경상
20163,2020011200100383,2020년 1월 12일 23시,일요일,서울특별시 구로구 신도림동,중상사고,0,1,0,0,차대사람 - 횡단중,안전운전불이행,포장 - 건조,맑음,교차로 - 교차로횡단보도내,승합,남,48세,상해없음,보행자,남,20세,중상
20164,2020011300100020,2020년 1월 13일 05시,월요일,서울특별시 관악구 신림동,경상사고,0,0,1,0,차대사람 - 횡단중,안전운전불이행,포장 - 건조,기타,기타 - 기타,승용,남,46세,상해없음,보행자,남,71세,경상
20165,2020011300100044,2020년 1월 13일 07시,월요일,서울특별시 관악구 봉천동,경상사고,0,0,1,0,차대사람 - 차도통행중,안전운전불이행,포장 - 건조,맑음,교차로 - 교차로안,화물,남,53세,상해없음,보행자,여,32세,경상
20166,2020011300100067,2020년 1월 13일 08시,월요일,서울특별시 영등포구 양평동4가,경상사고,0,0,1,0,차대사람 - 길가장자리구역통행중,안전운전불이행,포장 - 건조,맑음,단일로 - 기타,승용,남,67세,상해없음,보행자,남,31세,경상
20167,2020011300100068,2020년 1월 13일 08시,월요일,서울특별시 동작구 사당동,경상사고,0,0,1,0,차대사람 - 기타,안전운전불이행,포장 - 건조,맑음,교차로 - 교차로안,승용,여,50세,상해없음,보행자,여,30세,경상
20168,2020011300100069,2020년 1월 13일 08시,월요일,서울특별시 중랑구 면목동,경상사고,0,0,1,0,차대사람 - 기타,안전운전불이행,포장 - 건조,맑음,단일로 - 기타,화물,남,49세,상해없음,보행자,여,35세,경상
20169,2020011300100086,2020년 1월 13일 09시,월요일,서울특별시 강남구 역삼동,경상사고,0,0,1,0,차대사람 - 기타,안전운전불이행,포장 - 건조,맑음,단일로 - 기타,승용,남,64세,상해없음,보행자,여,32세,경상
20170,2020011300100088,2020년 1월 13일 09시,월요일,서울특별시 양천구 신정동,경상사고,0,0,1,0,차대사람 - 기타,안전운전불이행,포장 - 건조,맑음,단일로 - 기타,승용,여,50세,상해없음,보행자,여,55세,경상
20171,2020011300100116,2020년 1월 13일 10시,월요일,서울특별시 동대문구 휘경동,중상사고,0,1,0,0,차대사람 - 횡단중,보행자보호의무위반,포장 - 건조,맑음,교차로 - 교차로횡단보도내,승용,남,48세,상해없음,보행자,여,54세,중상
20172,2020011300100179,2020년 1월 13일 12시,월요일,서울특별시 종로구 익선동,중상사고,0,1,0,0,차대사람 - 기타,안전운전불이행,포장 - 건조,맑음,단일로 - 기타,승용,여,44세,상해없음,보행자,여,65세,중상
20173,2020011300100181,2020년 1월 13일 12시,월요일,서울특별시 영등포구 여의도동,경상사고,0,0,1,0,차대사람 - 기타,안전운전불이행,포장 - 건조,맑음,단일로 - 기타,승용,남,58세,상해없음,보행자,여,26세,경상
20174,2020011300100185,2020년 1월 13일 12시,월요일,서울특별시 강서구 방화동,중상사고,0,1,0,0,차대사람 - 기타,안전운전불이행,포장 - 건조,맑음,단일로 - 기타,승용,남,60세,상해없음,보행자,여,68세,중상
20175,2020011300100213,2020년 1월 13일 13시,월요일,서울특별시 성북구 삼선동1가,경상사고,0,0,1,0,차대사람 - 기타,안전운전불이행,포장 - 건조,맑음,단일로 - 기타,승용,남,59세,상해없음,보행자,여,82세,경상
20176,2020011300100214,2020년 1월 13일 13시,월요일,서울특별시 관악구 봉천동,중상사고,0,1,0,0,차대사람 - 횡단중,신호위반,포장 - 건조,맑음,단일로 - 기타,승용,여,61세,상해없음,보행자,여,76세,중상
20177,2020011300100244,2020년 1월 13일 14시,월요일,서울특별시 성북구 정릉동,중상사고,0,1,0,0,차대사람 - 횡단중,중앙선침범,포장 - 건조,맑음,단일로 - 기타,이륜,남,46세,상해없음,보행자,여,81세,중상
20178,2020011300100246,2020년 1월 13일 14시,월요일,서울특별시 금천구 시흥동,중상사고,0,1,0,0,차대사람 - 기타,안전운전불이행,포장 - 건조,맑음,교차로 - 교차로안,승용,남,68세,상해없음,보행자,여,72세,중상
20179,2020011300100247,2020년 1월 13일 14시,월요일,서울특별시 동작구 사당동,중상사고,0,1,0,0,차대사람 - 기타,안전운전불이행,포장 - 건조,맑음,교차로 - 교차로부근,화물,남,65세,상해없음,보행자,남,57세,중상
20180,2020011300100326,2020년 1월 13일 16시,월요일,서울특별시 중랑구 상봉동,중상사고,0,1,0,0,차대사람 - 차도통행중,안전운전불이행,포장 - 건조,맑음,교차로 - 교차로부근,승용,남,37세,상해없음,보행자,여,62세,중상
20181,2020011300100327,2020년 1월 13일 16시,월요일,서울특별시 강서구 염창동,경상사고,0,0,1,0,차대사람 - 기타,보행자보호의무위반,포장 - 건조,맑음,단일로 - 기타,승용,남,39세,기타불명,보행자,여,7세,경상
20182,2020011300100407,2020년 1월 13일 18시,월요일,서울특별시 종로구 세종로,경상사고,0,0,1,0,차대사람 - 횡단중,보행자보호의무위반,포장 - 건조,맑음,교차로 - 교차로안,승용,남,33세,상해없음,보행자,남,37세,경상
20183,2020011300100414,2020년 1월 13일 18시,월요일,서울특별시 송파구 방이동,중상사고,0,1,0,0,차대사람 - 길가장자리구역통행중,안전운전불이행,포장 - 건조,맑음,단일로 - 기타,승용,남,66세,상해없음,보행자,여,57세,중상
20184,2020011300100417,2020년 1월 13일 18시,월요일,서울특별시 노원구 공릉동,경상사고,0,0,1,0,차대사람 - 횡단중,보행자보호의무위반,포장 - 건조,맑음,교차로 - 교차로횡단보도내,승용,여,56세,상해없음,보행자,여,51세,경상
20185,2020011300100468,2020년 1월 13일 19시,월요일,서울특별시 강동구 명일동,경상사고,0,0,1,0,차대사람 - 차도통행중,보행자보호의무위반,포장 - 건조,맑음,기타 - 기타,승용,남,45세,상해없음,보행자,여,56세,경상
20186,2020011300100535,2020년 1월 13일 21시,월요일,서울특별시 은평구 역촌동,경상사고,0,0,1,0,차대사람 - 보도통행중,안전운전불이행,포장 - 건조,맑음,기타 - 기타,기타불명,기타불명,미분류,기타불명,보행자,여,46세,경상
20187,2020011400100028,2020년 1월 14일 02시,화요일,서울특별시 강서구 화곡동,중상사고,0,1,0,0,차대사람 - 횡단중,안전운전불이행,포장 - 건조,맑음,교차로 - 교차로안,승용,남,74세,상해없음,보행자,여,67세,중상
20188,2020011400100067,2020년 1월 14일 07시,화요일,서울특별시 중랑구 신내동,사망사고,1,0,0,0,차대사람 - 횡단중,신호위반,포장 - 건조,맑음,교차로 - 교차로안,자전거,남,25세,상해없음,보행자,남,75세,사망
20189,2020011400100068,2020년 1월 14일 07시,화요일,서울특별시 구로구 구로동,중상사고,0,1,0,0,차대사람 - 기타,안전운전불이행,포장 - 건조,맑음,기타 - 기타,승합,남,37세,상해없음,보행자,남,42세,중상
20190,2020011400100118,2020년 1월 14일 09시,화요일,서울특별시 마포구 도화동,중상사고,0,1,0,0,차대사람 - 기타,보행자보호의무위반,포장 - 건조,맑음,단일로 - 기타,승용,남,56세,상해없음,보행자,여,74세,중상
20191,2020011400100120,2020년 1월 14일 09시,화요일,서울특별시 서초구 반포동,부상신고사고,0,0,0,1,차대사람 - 기타,안전운전불이행,포장 - 건조,맑음,교차로 - 교차로부근,승용,남,56세,상해없음,보행자,여,23세,부상신고
20192,2020011400100151,2020년 1월 14일 10시,화요일,서울특별시 금천구 독산동,중상사고,0,1,0,0,차대사람 - 기타,안전운전불이행,포장 - 건조,맑음,교차로 - 교차로안,화물,남,60세,상해없음,보행자,남,60세,중상
20193,2020011400100158,2020년 1월 14일 10시,화요일,서울특별시 도봉구 창동,중상사고,0,1,0,0,차대사람 - 기타,안전운전불이행,포장 - 건조,맑음,단일로 - 기타,승용,남,77세,상해없음,보행자,남,50세,중상
20194,2020011400100187,2020년 1월 14일 11시,화요일,서울특별시 금천구 시흥동,경상사고,0,0,1,0,차대사람 - 보도통행중,기타,포장 - 건조,맑음,교차로 - 교차로부근,승합,여,60세,상해없음,보행자,여,63세,경상
20195,2020011400100188,2020년 1월 14일 11시,화요일,서울특별시 강남구 역삼동,경상사고,0,0,1,0,차대사람 - 길가장자리구역통행중,안전운전불이행,포장 - 건조,맑음,단일로 - 기타,승용,남,24세,상해없음,보행자,남,34세,경상
20196,2020011400100189,2020년 1월 14일 11시,화요일,서울특별시 양천구 신월동,중상사고,0,1,0,0,차대사람 - 횡단중,안전운전불이행,포장 - 건조,맑음,단일로 - 기타,승합,남,59세,상해없음,보행자,여,82세,중상
20197,2020011400100222,2020년 1월 14일 12시,화요일,서울특별시 강북구 미아동,경상사고,0,0,1,0,차대사람 - 차도통행중,안전운전불이행,포장 - 건조,맑음,단일로 - 기타,승용,여,55세,상해없음,보행자,여,25세,경상
20198,2020011400100226,2020년 1월 14일 12시,화요일,서울특별시 강동구 천호동,중상사고,0,1,0,0,차대사람 - 기타,안전운전불이행,포장 - 건조,맑음,단일로 - 기타,승합,남,63세,상해없음,보행자,여,72세,중상
20199,2020011400100269,2020년 1월 14일 13시,화요일,서울특별시 마포구 서교동,중상사고,0,1,0,0,차대사람 - 기타,기타,포장 - 기타,맑음,기타 - 기타,승합,남,65세,상해없음,보행자,여,76세,중상
20200,2020011400100271,2020년 1월 14일 13시,화요일,서울특별시 강동구 성내동,경상사고,0,0,1,0,차대사람 - 차도통행중,안전운전불이행,포장 - 건조,맑음,교차로 - 교차로부근,화물,남,42세,상해없음,보행자,여,72세,경상
20201,2020011400100306,2020년 1월 14일 14시,화요일,서울특별시 송파구 잠실동,중상사고,0,1,0,0,차대사람 - 횡단중,안전운전불이행,포장 - 건조,기타,단일로 - 기타,승합,남,63세,상해없음,보행자,남,40세,중상
20202,2020011400100307,2020년 1월 14일 14시,화요일,서울특별시 구로구 신도림동,경상사고,0,0,1,0,차대사람 - 횡단중,안전운전불이행,포장 - 건조,맑음,단일로 - 기타,승합,남,55세,상해없음,보행자,여,53세,경상
20203,2020011400100308,2020년 1월 14일 14시,화요일,서울특별시 양천구 신월동,사망사고,1,0,0,0,차대사람 - 보도통행중,기타,포장 - 건조,맑음,기타 - 기타,건설기계,남,60세,상해없음,보행자,여,9세,사망
20204,2020011400100364,2020년 1월 14일 16시,화요일,서울특별시 송파구 석촌동,경상사고,0,0,2,0,차대사람 - 기타,신호위반,포장 - 건조,맑음,단일로 - 기타,화물,남,59세,상해없음,보행자,여,31세,경상
20205,2020011400100396,2020년 1월 14일 17시,화요일,서울특별시 송파구 잠실동,중상사고,0,1,0,0,차대사람 - 기타,안전운전불이행,포장 - 건조,맑음,교차로 - 교차로부근,이륜,남,20세,상해없음,보행자,여,65세,중상
20206,2020011400100432,2020년 1월 14일 18시,화요일,서울특별시 은평구 수색동,중상사고,0,1,0,0,차대사람 - 횡단중,안전운전불이행,포장 - 건조,맑음,교차로 - 교차로부근,승용,남,27세,상해없음,보행자,남,62세,중상
20207,2020011400100433,2020년 1월 14일 18시,화요일,서울특별시 동대문구 청량리동,중상사고,0,1,0,0,차대사람 - 기타,안전운전불이행,포장 - 건조,맑음,교차로 - 교차로안,승용,여,40세,상해없음,보행자,여,52세,중상
20208,2020011400100526,2020년 1월 14일 20시,화요일,서울특별시 강남구 역삼동,경상사고,0,0,1,0,차대사람 - 기타,안전운전불이행,포장 - 건조,맑음,단일로 - 기타,승용,남,35세,상해없음,보행자,여,27세,경상
20209,2020011400100577,2020년 1월 14일 22시,화요일,서울특별시 중랑구 면목동,중상사고,0,1,0,0,차대사람 - 횡단중,신호위반,포장 - 건조,맑음,교차로 - 교차로안,승용,남,49세,상해없음,보행자,여,55세,중상
20210,2020011400100586,2020년 1월 14일 23시,화요일,서울특별시 영등포구 영등포동8가,중상사고,0,1,0,0,차대사람 - 기타,안전운전불이행,포장 - 건조,맑음,교차로 - 교차로안,승용,남,51세,상해없음,보행자,남,48세,중상
20211,2020011500100035,2020년 1월 15일 05시,수요일,서울특별시 성북구 정릉동,경상사고,0,0,1,0,차대사람 - 횡단중,보행자보호의무위반,포장 - 건조,맑음,단일로 - 기타,승용,남,46세,상해없음,보행자,여,27세,경상
20212,2020011500100036,2020년 1월 15일 05시,수요일,서울특별시 동대문구 휘경동,중상사고,0,1,0,0,차대사람 - 횡단중,보행자보호의무위반,포장 - 건조,맑음,교차로 - 교차로안,승합,남,62세,상해없음,보행자,남,54세,중상