,사고번호,사고일시,요일,시군구,사고내용,사망자수,중상자수,경상자수,부상신고자수,사고유형,법규위반,노면상태,기상상태,도로형태,가해운전자 차종,가해운전자 성별,가해운전자 연령,가해운전자 상해정도,피해운전자 차종,피해운전자 성별,피해운전자 연령,피해운전자 상해정도
20438,2020012300100656,2020년 1월 23일 20시,목요일,서울특별시 용산구 이촌동,경상사고,0,0,1,0,차대사람 - 보도통행중,보행자보호의무위반,포장 - 건조,맑음,교차로 - 교차로횡단보도내,승용,남,52세,상해없음,보행자,남,68세,경상
20439,2020012300100658,2020년 1월 23일 20시,목요일,서울특별시 노원구 월계동,부상신고사고,0,0,0,1,차대사람 - 횡단중,안전운전불이행,포장 - 건조,맑음,교차로 - 교차로안,승용,남,32세,상해없음,보행자,남,66세,부상신고
20440,2020012300100723,2020년 1월 23일 22시,목요일,서울특별시 광진구 중곡동,부상신고사고,0,0,0,1,차대사람 - 기타,안전운전불이행,포장 - 건조,맑음,교차로 - 교차로안,승용,남,63세,기타불명,보행자,남,44세,부상신고
20441,2020012300100725,2020년 1월 23일 22시,목요일,서울특별시 강서구 등촌동,경상사고,0,0,1,0,차대사람 - 횡단중,보행자보호의무위반,포장 - 건조,맑음,교차로 - 교차로안,승용,남,52세,기타불명,보행자,여,24세,경상
20442,2020012300100749,2020년 1월 23일 23시,목요일,서울특별시 강동구 천호동,경상사고,0,0,1,0,차대사람 - 길가장자리구역통행중,안전운전불이행,포장 - 건조,맑음,단일로 - 기타,승용,남,20세,상해없음,보행자,남,28세,경상
20443,2020012400100038,2020년 1월 24일 02시,금요일,서울특별시 송파구 가락동,경상사고,0,0,1,0,차대사람 - 기타,안전운전불이행,포장 - 건조,맑음,단일로 - 기타,화물,남,50세,상해없음,보행자,남,21세,경상
20444,2020012400100067,2020년 1월 24일 05시,금요일,서울특별시 서대문구 북가좌동,부상신고사고,0,0,0,1,차대사람 - 길가장자리구역통행중,안전운전불이행,포장 - 건조,맑음,교차로 - 교차로부근,승용,남,52세,상해없음,보행자,남,27세,부상신고
20445,2020012400100081,2020년 1월 24일 06시,금요일,서울특별시 동작구 사당동,중상사고,0,1,0,0,차대사람 - 기타,신호위반,포장 - 건조,맑음,단일로 - 기타,승용,남,42세,상해없음,보행자,여,60세,중상
20446,2020012400100141,2020년 1월 24일 11시,금요일,서울특별시 서초구 반포동,경상사고,0,0,1,0,차대사람 - 기타,안전운전불이행,포장 - 건조,맑음,단일로 - 기타,승용,여,66세,상해없음,보행자,남,67세,경상
20447,2020012400100171,2020년 1월 24일 12시,금요일,서울특별시 광진구 구의동,경상사고,0,0,1,0,차대사람 - 기타,안전운전불이행,포장 - 건조,맑음,교차로 - 교차로부근,승용,남,50세,상해없음,보행자,여,62세,경상
20448,2020012400100173,2020년 1월 24일 12시,금요일,서울특별시 관악구 신림동,경상사고,0,0,1,0,차대사람 - 기타,안전운전불이행,포장 - 건조,맑음,교차로 - 교차로부근,승용,남,68세,상해없음,보행자,남,26세,경상
20449,2020012400100202,2020년 1월 24일 13시,금요일,서울특별시 은평구 진관동,경상사고,0,0,1,0,차대사람 - 횡단중,보행자보호의무위반,포장 - 건조,맑음,교차로 - 교차로횡단보도내,기타불명,기타불명,미분류,기타불명,보행자,남,63세,경상
20450,2020012400100306,2020년 1월 24일 17시,금요일,서울특별시 강서구 등촌동,사망사고,1,0,0,0,차대사람 - 횡단중,보행자보호의무위반,포장 - 건조,흐림,교차로 - 교차로부근,화물,남,65세,상해없음,보행자,여,68세,사망
20451,2020012400100319,2020년 1월 24일 18시,금요일,서울특별시 영등포구 영등포동3가,경상사고,0,0,1,0,차대사람 - 기타,안전운전불이행,포장 - 건조,맑음,단일로 - 기타,승용,여,39세,상해없음,보행자,남,47세,경상
20452,2020012400100351,2020년 1월 24일 19시,금요일,서울특별시 영등포구 도림동,경상사고,0,0,1,0,차대사람 - 기타,안전운전불이행,포장 - 건조,맑음,기타 - 기타,승용,남,40세,기타불명,보행자,여,51세,경상
20453,2020012400100355,2020년 1월 24일 19시,금요일,서울특별시 강서구 외발산동,경상사고,0,0,2,0,차대사람 - 기타,안전운전불이행,포장 - 건조,맑음,미분류 - 미분류,화물,남,64세,상해없음,보행자,남,52세,경상
20454,2020012400100357,2020년 1월 24일 19시,금요일,서울특별시 구로구 개봉동,경상사고,0,0,1,0,차대사람 - 횡단중,보행자보호의무위반,포장 - 건조,맑음,교차로 - 교차로횡단보도내,승용,남,69세,상해없음,보행자,남,26세,경상
20455,2020012400100388,2020년 1월 24일 20시,금요일,서울특별시 서대문구 홍은동,중상사고,0,1,0,0,차대사람 - 보도통행중,보행자보호의무위반,포장 - 건조,맑음,교차로 - 교차로안,승용,남,33세,상해없음,보행자,남,64세,중상
20456,2020012500100012,2020년 1월 25일 01시,토요일,서울특별시 강서구 내발산동,경상사고,0,0,1,0,차대사람 - 차도통행중,안전운전불이행,포장 - 건조,맑음,단일로 - 기타,승용,남,25세,상해없음,보행자,남,23세,경상
20457,2020012500100070,2020년 1월 25일 10시,토요일,서울특별시 성동구 금호동3가,경상사고,0,0,1,0,차대사람 - 기타,안전운전불이행,포장 - 건조,맑음,교차로 - 교차로횡단보도내,승합,남,47세,상해없음,보행자,여,56세,경상
20458,2020012500100110,2020년 1월 25일 12시,토요일,서울특별시 영등포구 당산동,경상사고,0,0,1,0,차대사람 - 기타,안전운전불이행,포장 - 건조,맑음,단일로 - 기타,승용,남,33세,상해없음,보행자,남,55세,경상
20459,2020012500100207,2020년 1월 25일 16시,토요일,서울특별시 송파구 가락동,경상사고,0,0,1,0,차대사람 - 기타,기타,포장 - 건조,맑음,단일로 - 기타,승용,남,67세,상해없음,보행자,여,32세,경상
20460,2020012500100225,2020년 1월 25일 17시,토요일,서울특별시 강동구 천호동,경상사고,0,0,1,0,차대사람 - 기타,보행자보호의무위반,포장 - 건조,맑음,교차로 - 교차로부근,승용,남,50세,상해없음,보행자,여,29세,경상
20461,2020012500100242,2020년 1월 25일 18시,토요일,서울특별시 용산구 보광동,중상사고,0,1,0,0,차대사람 - 횡단중,안전운전불이행,포장 - 건조,맑음,단일로 - 기타,이륜,남,53세,상해없음,보행자,여,79세,중상
20462,2020012500100331,2020년 1월 25일 22시,토요일,서울특별시 동작구 상도동,경상사고,0,0,1,0,차대사람 - 횡단중,보행자보호의무위반,포장 - 건조,맑음,교차로 - 교차로부근,이륜,남,21세,상해없음,보행자,남,26세,경상
20463,2020012600100001,2020년 1월 26일 00시,일요일,서울특별시 은평구 녹번동,사망사고,1,0,0,0,차대사람 - 횡단중,안전운전불이행,포장 - 건조,맑음,단일로 - 기타,승합,남,50세,상해없음,보행자,남,55세,사망
20464,2020012600100077,2020년 1월 26일 10시,일요일,서울특별시 관악구 신림동,경상사고,0,0,1,0,차대사람 - 기타,안전운전불이행,포장 - 건조,맑음,단일로 - 기타,승용,여,44세,상해없음,보행자,여,42세,경상
20465,2020012600100113,2020년 1월 26일 12시,일요일,서울특별시 동대문구 답십리동,경상사고,0,0,1,0,차대사람 - 횡단중,신호위반,포장 - 건조,맑음,교차로 - 교차로안,원동기,남,19세,상해없음,보행자,남,40세,경상
20466,2020012600100279,2020년 1월 26일 20시,일요일,서울특별시 영등포구 문래동6가,중상사고,0,1,0,0,차대사람 - 횡단중,신호위반,포장 - 건조,맑음,교차로 - 교차로안,사륜오토바이(ATV),남,28세,상해없음,보행자,남,72세,중상
20467,2020012600100300,2020년 1월 26일 21시,일요일,서울특별시 종로구 관철동,부상신고사고,0,0,0,1,차대사람 - 기타,안전운전불이행,포장 - 건조,맑음,단일로 - 기타,승합,남,45세,상해없음,보행자,여,31세,부상신고
20468,2020012700100020,2020년 1월 27일 01시,월요일,서울특별시 성동구 도선동,중상사고,0,1,0,0,차대사람 - 횡단중,신호위반,포장 - 건조,맑음,교차로 - 교차로횡단보도내,승용,남,64세,상해없음,보행자,남,48세,중상
20469,2020012700100029,2020년 1월 27일 02시,월요일,서울특별시 강서구 화곡동,경상사고,0,0,1,0,차대사람 - 횡단중,보행자보호의무위반,포장 - 건조,맑음,교차로 - 교차로부근,승용,남,21세,상해없음,보행자,남,45세,경상
20470,2020012700100042,2020년 1월 27일 03시,월요일,서울특별시 강남구 논현동,경상사고,0,0,1,0,차대사람 - 기타,불법유턴,포장 - 건조,기타,단일로 - 기타,승용,남,54세,상해없음,보행자,남,33세,경상
20471,2020012700100075,2020년 1월 27일 06시,월요일,서울특별시 마포구 성산동,중상사고,0,1,0,0,차대사람 - 기타,신호위반,포장 - 건조,맑음,교차로 - 교차로횡단보도내,승합,남,64세,상해없음,보행자,남,27세,중상
20472,2020012700100077,2020년 1월 27일 06시,월요일,서울특별시 영등포구 영등포동3가,경상사고,0,0,1,0,차대사람 - 기타,안전운전불이행,포장 - 건조,맑음,단일로 - 기타,이륜,남,27세,상해없음,보행자,남,17세,경상
20473,2020012700100087,2020년 1월 27일 07시,월요일,서울특별시 금천구 독산동,부상신고사고,0,0,0,1,차대사람 - 기타,안전운전불이행,포장 - 건조,맑음,단일로 - 기타,기타불명,기타불명,미분류,기타불명,보행자,여,32세,부상신고
20474,2020012700100121,2020년 1월 27일 11시,월요일,서울특별시 양천구 목동,경상사고,0,0,1,0,차대사람 - 기타,안전운전불이행,포장 - 건조,맑음,단일로 - 기타,승용,남,30세,상해없음,보행자,여,65세,경상
20475,2020012700100166,2020년 1월 27일 13시,월요일,서울특별시 중랑구 면목동,중상사고,0,1,0,0,차대사람 - 기타,안전운전불이행,포장 - 건조,맑음,교차로 - 교차로안,화물,남,40세,상해없음,보행자,여,78세,중상
20476,2020012700100167,2020년 1월 27일 13시,월요일,서울특별시 강동구 고덕동,경상사고,0,0,1,0,차대사람 - 횡단중,신호위반,포장 - 건조,맑음,교차로 - 교차로횡단보도내,이륜,남,24세,상해없음,보행자,남,13세,경상
20477,2020012700100184,2020년 1월 27일 14시,월요일,서울특별시 강서구 염창동,중상사고,0,1,0,0,차대사람 - 보도통행중,기타,포장 - 기타,맑음,단일로 - 기타,화물,남,52세,상해없음,보행자,여,66세,중상
20478,2020012700100245,2020년 1월 27일 17시,월요일,서울특별시 동작구 본동,부상신고사고,0,0,0,1,차대사람 - 기타,안전운전불이행,포장 - 건조,맑음,단일로 - 기타,승용,남,19세,상해없음,보행자,남,65세,부상신고
20479,2020012700100271,2020년 1월 27일 18시,월요일,서울특별시 동작구 사당동,경상사고,0,0,1,0,차대사람 - 기타,안전운전불이행,포장 - 건조,맑음,단일로 - 기타,승용,남,30세,상해없음,보행자,남,67세,경상
20480,2020012700100272,2020년 1월 27일 18시,월요일,서울특별시 강동구 천호동,중상사고,0,1,0,0,차대사람 - 길가장자리구역통행중,안전운전불이행,포장 - 젖음/습기,비,교차로 - 교차로안,승합,남,65세,상해없음,보행자,여,51세,중상
20481,2020012700100273,2020년 1월 27일 18시,월요일,서울특별시 강동구 둔촌동,중상사고,0,1,0,0,차대사람 - 길가장자리구역통행중,안전운전불이행,포장 - 건조,맑음,단일로 - 기타,승용,여,32세,상해없음,보행자,여,24세,중상
20482,2020012700100275,2020년 1월 27일 18시,월요일,서울특별시 도봉구 도봉동,중상사고,0,1,0,0,차대사람 - 횡단중,안전운전불이행,포장 - 건조,맑음,교차로 - 교차로안,승용,남,39세,상해없음,보행자,남,80세,중상
20483,2020012700100355,2020년 1월 27일 20시,월요일,서울특별시 강남구 대치동,경상사고,0,0,1,0,차대사람 - 기타,안전운전불이행,포장 - 젖음/습기,흐림,교차로 - 교차로안,이륜,남,51세,상해없음,보행자,여,26세,경상
20484,2020012700100397,2020년 1월 27일 21시,월요일,서울특별시 용산구 한남동,경상사고,0,0,1,0,차대사람 - 기타,안전운전불이행,포장 - 건조,맑음,단일로 - 기타,기타불명,기타불명,미분류,기타불명,보행자,여,63세,경상
20485,2020012700100398,2020년 1월 27일 21시,월요일,서울특별시 관악구 신림동,경상사고,0,0,1,0,차대사람 - 기타,안전운전불이행,포장 - 젖음/습기,비,교차로 - 교차로부근,승용,남,26세,상해없음,보행자,남,54세,경상
20486,2020012700100422,2020년 1월 27일 22시,월요일,서울특별시 양천구 목동,중상사고,0,1,0,0,차대사람 - 횡단중,보행자보호의무위반,포장 - 젖음/습기,비,교차로 - 교차로안,승용,남,31세,상해없음,보행자,여,35세,중상
20487,2020012700100444,2020년 1월 27일 23시,월요일,서울특별시 마포구 서교동,중상사고,0,1,0,0,차대사람 - 횡단중,신호위반,포장 - 건조,맑음,단일로 - 기타,이륜,남,16세,상해없음,보행자,여,52세,중상
20488,2020012700100445,2020년 1월 27일 23시,월요일,서울특별시 구로구 개봉동,경상사고,0,0,1,0,차대사람 - 길가장자리구역통행중,안전운전불이행,포장 - 건조,맑음,교차로 - 교차로부근,승용,여,31세,상해없음,보행자,여,43세,경상
20489,2020012800100013,2020년 1월 28일 01시,화요일,서울특별시 마포구 아현동,경상사고,0,0,1,0,차대사람 - 횡단중,보행자보호의무위반,포장 - 건조,맑음,교차로 - 교차로횡단보도내,승용,여,69세,상해없음,보행자,남,28세,경상
20490,2020012800100033,2020년 1월 28일 05시,화요일,서울특별시 중구 의주로2가,경상사고,0,0,1,0,차대사람 - 기타,신호위반,포장 - 젖음/습기,맑음,교차로 - 교차로횡단보도내,이륜,남,56세,상해없음,보행자,남,63세,경상
20491,2020012800100034,2020년 1월 28일 05시,화요일,서울특별시 광진구 화양동,경상사고,0,0,1,0,차대사람 - 기타,안전운전불이행,포장 - 건조,흐림,교차로 - 교차로안,승용,남,31세,상해없음,보행자,여,17세,경상
20492,2020012800100045,2020년 1월 28일 06시,화요일,서울특별시 동작구 신대방동,경상사고,0,0,1,0,차대사람 - 횡단중,안전운전불이행,포장 - 건조,맑음,교차로 - 교차로부근,승용,남,48세,상해없음,보행자,여,77세,경상
20493,2020012800100062,2020년 1월 28일 07시,화요일,서울특별시 강서구 마곡동,중상사고,0,1,0,0,차대사람 - 기타,과속,포장 - 건조,맑음,교차로 - 교차로횡단보도내,승용,남,57세,상해없음,보행자,여,25세,중상
20494,2020012800100064,2020년 1월 28일 07시,화요일,서울특별시 성북구 종암동,경상사고,0,0,1,0,차대사람 - 횡단중,신호위반,포장 - 건조,맑음,교차로 - 교차로횡단보도내,승용,남,72세,상해없음,보행자,여,44세,경상
20495,2020012800100088,2020년 1월 28일 08시,화요일,서울특별시 은평구 신사동,중상사고,0,1,0,0,차대사람 - 횡단중,안전운전불이행,포장 - 건조,맑음,단일로 - 기타,승용,남,72세,상해없음,보행자,여,83세,중상
20496,2020012800100117,2020년 1월 28일 09시,화요일,서울특별시 성북구 정릉동,경상사고,0,0,1,0,차대사람 - 보도통행중,안전운전불이행,포장 - 건조,맑음,교차로 - 교차로부근,승용,여,46세,상해없음,보행자,남,27세,경상
20497,2020012800100141,2020년 1월 28일 10시,화요일,서울특별시 영등포구 신길동,경상사고,0,0,1,0,차대사람 - 기타,안전운전불이행,포장 - 건조,맑음,교차로 - 교차로부근,화물,남,54세,상해없음,보행자,여,58세,경상
20498,2020012800100143,2020년 1월 28일 10시,화요일,서울특별시 관악구 봉천동,경상사고,0,0,1,0,차대사람 - 횡단중,안전운전불이행,포장 - 건조,맑음,교차로 - 교차로부근,화물,남,66세,상해없음,보행자,여,78세,경상
20499,2020012800100179,2020년 1월 28일 11시,화요일,서울특별시 동작구 상도1동,부상신고사고,0,0,0,1,차대사람 - 차도통행중,안전운전불이행,포장 - 건조,맑음,교차로 - 교차로부근,화물,남,54세,상해없음,보행자,여,86세,부상신고
20500,2020012800100196,2020년 1월 28일 12시,화요일,서울특별시 성북구 돈암동,중상사고,0,1,0,0,차대사람 - 기타,안전운전불이행,포장 - 건조,맑음,기타 - 기타,승합,남,60세,상해없음,보행자,여,69세,중상
20501,2020012800100200,2020년 1월 28일 12시,화요일,서울특별시 강서구 마곡동,중상사고,0,1,0,0,차대사람 - 기타,안전운전불이행,포장 - 건조,맑음,단일로 - 기타,승용,남,32세,상해없음,보행자,남,77세,중상
20502,2020012800100234,2020년 1월 28일 13시,화요일,서울특별시 강북구 미아동,경상사고,0,0,1,0,차대사람 - 기타,기타,포장 - 건조,맑음,단일로 - 기타,자전거,남,50세,상해없음,보행자,남,37세,경상
20503,2020012800100235,2020년 1월 28일 13시,화요일,서울특별시 동작구 신대방동,경상사고,0,0,1,0,차대사람 - 기타,안전운전불이행,포장 - 건조,맑음,단일로 - 기타,화물,남,50세,상해없음,보행자,남,60세,경상
20504,2020012800100261,2020년 1월 28일 14시,화요일,서울특별시 중랑구 면목동,경상사고,0,0,1,0,차대사람 - 횡단중,안전운전불이행,포장 - 건조,맑음,기타 - 기타,승용,남,28세,상해없음,보행자,여,76세,경상
20505,2020012800100263,2020년 1월 28일 14시,화요일,서울특별시 송파구 마천동,경상사고,0,0,1,0,차대사람 - 기타,안전운전불이행,포장 - 건조,맑음,단일로 - 기타,승용,남,61세,상해없음,보행자,여,56세,경상
20506,2020012800100290,2020년 1월 28일 15시,화요일,서울특별시 광진구 구의동,경상사고,0,0,1,0,차대사람 - 보도통행중,안전운전불이행,포장 - 기타,맑음,기타 - 기타,승용,남,31세,상해없음,보행자,남,28세,경상
20507,2020012800100322,2020년 1월 28일 16시,화요일,서울특별시 중랑구 묵동,경상사고,0,0,1,0,차대사람 - 기타,안전운전불이행,포장 - 건조,맑음,단일로 - 기타,승용,여,34세,상해없음,보행자,남,58세,경상
20508,2020012800100323,2020년 1월 28일 16시,화요일,서울특별시 성북구 하월곡동,경상사고,0,0,1,0,차대사람 - 횡단중,안전운전불이행,포장 - 건조,맑음,교차로 - 교차로부근,승용,남,65세,상해없음,보행자,남,28세,경상
20509,2020012800100347,2020년 1월 28일 17시,화요일,서울특별시 금천구 독산동,경상사고,0,0,1,0,차대사람 - 기타,보행자보호의무위반,포장 - 건조,맑음,단일로 - 기타,승용,여,56세,상해없음,보행자,여,53세,경상
20510,2020012800100350,2020년 1월 28일 17시,화요일,서울특별시 노원구 상계동,중상사고,0,1,0,0,차대사람 - 횡단중,안전운전불이행,포장 - 건조,맑음,교차로 - 교차로안,승용,여,42세,상해없음,보행자,여,62세,중상
20511,2020012800100376,2020년 1월 28일 18시,화요일,서울특별시 강동구 암사동,경상사고,0,0,1,0,차대사람 - 길가장자리구역통행중,안전운전불이행,포장 - 건조,맑음,단일로 - 기타,화물,남,60세,상해없음,보행자,남,61세,경상
20512,2020012800100458,2020년 1월 28일 20시,화요일,서울특별시 구로구 오류동,중상사고,0,1,0,0,차대사람 - 횡단중,보행자보호의무위반,포장 - 건조,맑음,교차로 - 교차로안,승용,남,36세,상해없음,보행자,남,57세,중상
20513,2020012800100471,2020년 1월 28일 21시,화요일,서울특별시 강동구 길동,경상사고,0,0,1,0,차대사람 - 기타,안전운전불이행,포장 - 건조,맑음,단일로 - 기타,승용,여,54세,상해없음,보행자,여,21세,경상
20514,2020012800100474,2020년 1월 28일 21시,화요일,서울특별시 성북구 종암동,경상사고,0,0,1,0,차대사람 - 기타,안전운전불이행,포장 - 건조,맑음,교차로 - 교차로부근,승용,남,43세,상해없음,보행자,남,66세,경상
20515,2020012900100003,2020년 1월 29일 00시,수요일,서울특별시 강북구 미아동,중상사고,0,1,0,0,차대사람 - 기타,안전운전불이행,포장 - 건조,맑음,주차장 - 주차장,승용,남,43세,상해없음,보행자,남,37세,중상
20516,2020012900100005,2020년 1월 29일 00시,수요일,서울특별시 양천구 목동,경상사고,0,0,1,0,차대사람 - 횡단중,안전운전불이행,포장 - 건조,맑음,기타 - 기타,승용,남,65세,상해없음,보행자,남,22세,경상
20517,2020012900100013,2020년 1월 29일 01시,수요일,서울특별시 중랑구 묵동,중상사고,0,1,0,0,차대사람 - 기타,안전운전불이행,포장 - 건조,흐림,단일로 - 기타,승용,남,66세,상해없음,보행자,남,46세,중상
20518,2020012900100045,2020년 1월 29일 05시,수요일,서울특별시 성북구 삼선동1가,경상사고,0,0,1,0,차대사람 - 길가장자리구역통행중,안전운전불이행,포장 - 건조,맑음,교차로 - 교차로안,화물,남,48세,상해없음,보행자,남,70세,경상
20519,2020012900100054,2020년 1월 29일 06시,수요일,서울특별시 송파구 가락동,경상사고,0,0,1,0,차대사람 - 횡단중,보행자보호의무위반,포장 - 건조,맑음,교차로 - 교차로횡단보도내,승용,남,71세,상해없음,보행자,여,54세,경상
20520,2020012900100114,2020년 1월 29일 09시,수요일,서울특별시 관악구 봉천동,경상사고,0,0,1,0,차대사람 - 횡단중,보행자보호의무위반,포장 - 건조,맑음,교차로 - 교차로부근,자전거,남,76세,상해없음,보행자,여,73세,경상
20521,2020012900100116,2020년 1월 29일 09시,수요일,서울특별시 강남구 논현동,경상사고,0,0,1,0,차대사람 - 길가장자리구역통행중,기타,포장 - 건조,맑음,교차로 - 교차로안,승용,남,49세,상해없음,보행자,여,58세,경상
20522,2020012900100156,2020년 1월 29일 11시,수요일,서울특별시 강남구 역삼동,중상사고,0,1,0,0,차대사람 - 횡단중,신호위반,포장 - 건조,맑음,교차로 - 교차로부근,승용,남,78세,상해없음,보행자,여,49세,중상
20523,2020012900100187,2020년 1월 29일 12시,수요일,서울특별시 성북구 석관동,경상사고,0,0,1,0,차대사람 - 횡단중,보행자보호의무위반,포장 - 건조,맑음,단일로 - 기타,이륜,남,31세,상해없음,보행자,여,8세,경상
20524,2020012900100244,2020년 1월 29일 14시,수요일,서울특별시 강남구 삼성동,경상사고,0,0,1,0,차대사람 - 횡단중,보행자보호의무위반,포장 - 건조,기타,단일로 - 기타,개인형이동수단(PM),남,54세,상해없음,보행자,남,47세,경상
20525,2020012900100303,2020년 1월 29일 16시,수요일,서울특별시 성북구 장위동,중상사고,0,1,1,0,차대사람 - 횡단중,신호위반,포장 - 건조,맑음,기타 - 기타,원동기,남,16세,중상,보행자,여,10세,경상
20526,2020012900100304,2020년 1월 29일 16시,수요일,서울특별시 강남구 일원동,중상사고,0,1,0,0,차대사람 - 길가장자리구역통행중,안전운전불이행,포장 - 건조,맑음,단일로 - 기타,승합,남,62세,상해없음,보행자,여,86세,중상
20527,2020012900100335,2020년 1월 29일 17시,수요일,서울특별시 양천구 신월동,중상사고,0,1,0,0,차대사람 - 기타,안전운전불이행,포장 - 건조,맑음,단일로 - 기타,승합,여,68세,상해없음,보행자,여,85세,중상
20528,2020012900100365,2020년 1월 29일 18시,수요일,서울특별시 송파구 마천동,사망사고,1,0,0,0,차대사람 - 기타,안전운전불이행,포장 - 건조,맑음,단일로 - 기타,화물,남,59세,상해없음,보행자,여,84세,사망
20529,2020012900100366,2020년 1월 29일 18시,수요일,서울특별시 서초구 서초동,부상신고사고,0,0,0,1,차대사람 - 차도통행중,안전운전불이행,포장 - 건조,맑음,단일로 - 기타,승용,여,53세,상해없음,보행자,여,29세,부상신고
20530,2020012900100367,2020년 1월 29일 18시,수요일,서울특별시 노원구 상계동,경상사고,0,0,1,0,차대사람 - 기타,안전운전불이행,포장 - 건조,맑음,교차로 - 교차로안,승합,남,58세,상해없음,보행자,남,55세,경상
20531,2020012900100406,2020년 1월 29일 19시,수요일,서울특별시 마포구 상수동,경상사고,0,0,1,0,차대사람 - 기타,교차로운행방법위반,포장 - 건조,맑음,교차로 - 교차로안,승용,남,25세,상해없음,보행자,여,24세,경상
20532,2020012900100409,2020년 1월 29일 19시,수요일,서울특별시 강남구 신사동,부상신고사고,0,0,0,1,차대사람 - 길가장자리구역통행중,신호위반,포장 - 건조,맑음,단일로 - 지하차도(도로)내,승용,여,44세,상해없음,보행자,남,33세,부상신고
20533,2020012900100410,2020년 1월 29일 19시,수요일,서울특별시 도봉구 창동,경상사고,0,0,1,0,차대사람 - 횡단중,안전운전불이행,포장 - 건조,맑음,교차로 - 교차로횡단보도내,승용,여,75세,상해없음,보행자,여,39세,경상
20534,2020012900100440,2020년 1월 29일 20시,수요일,서울특별시 성동구 송정동,경상사고,0,0,1,0,차대사람 - 차도통행중,안전운전불이행,포장 - 건조,맑음,단일로 - 기타,승용,남,25세,상해없음,보행자,남,40세,경상
20535,2020012900100454,2020년 1월 29일 21시,수요일,서울특별시 마포구 용강동,경상사고,0,0,1,0,차대사람 - 횡단중,보행자보호의무위반,포장 - 건조,맑음,교차로 - 교차로횡단보도내,승용,남,54세,상해없음,보행자,남,40세,경상
20536,2020012900100455,2020년 1월 29일 21시,수요일,서울특별시 강남구 논현동,경상사고,0,0,1,0,차대사람 - 기타,안전운전불이행,포장 - 건조,맑음,단일로 - 기타,승용,여,61세,기타불명,보행자,남,41세,경상
20537,2020013000100003,2020년 1월 30일 00시,목요일,서울특별시 양천구 목동,경상사고,0,0,1,0,차대사람 - 기타,보행자보호의무위반,포장 - 건조,맑음,단일로 - 기타,기타불명,기타불명,미분류,기타불명,보행자,남,50세,경상
20538,2020013000100049,2020년 1월 30일 06시,목요일,서울특별시 동대문구 청량리동,경상사고,0,0,1,0,차대사람 - 기타,안전운전불이행,포장 - 건조,맑음,단일로 - 기타,건설기계,남,47세,상해없음,보행자,남,56세,경상
20539,2020013000100070,2020년 1월 30일 07시,목요일,서울특별시 양천구 신정동,경상사고,0,0,1,0,차대사람 - 길가장자리구역통행중,안전운전불이행,포장 - 건조,맑음,단일로 - 기타,승용,남,64세,상해없음,보행자,남,37세,경상
20540,2020013000100094,2020년 1월 30일 08시,목요일,서울특별시 강서구 화곡동,경상사고,0,0,1,0,차대사람 - 횡단중,보행자보호의무위반,포장 - 건조,맑음,교차로 - 교차로부근,화물,남,38세,상해없음,보행자,여,44세,경상
20541,2020013000100095,2020년 1월 30일 08시,목요일,서울특별시 강서구 화곡동,경상사고,0,0,1,0,차대사람 - 보도통행중,기타,포장 - 건조,맑음,단일로 - 기타,승용,남,74세,상해없음,보행자,여,36세,경상
20542,2020013000100132,2020년 1월 30일 09시,목요일,서울특별시 강서구 화곡동,중상사고,0,1,0,0,차대사람 - 차도통행중,안전운전불이행,포장 - 건조,맑음,단일로 - 기타,승용,남,66세,상해없음,보행자,남,87세,중상
20543,2020013000100211,2020년 1월 30일 11시,목요일,서울특별시 강남구 대치동,경상사고,0,0,1,0,차대사람 - 길가장자리구역통행중,안전운전불이행,포장 - 건조,맑음,단일로 - 기타,화물,남,40세,상해없음,보행자,여,76세,경상
20544,2020013000100263,2020년 1월 30일 13시,목요일,서울특별시 관악구 남현동,경상사고,0,0,1,0,차대사람 - 기타,안전운전불이행,포장 - 건조,맑음,교차로 - 교차로부근,승용,남,61세,상해없음,보행자,여,49세,경상
20545,2020013000100265,2020년 1월 30일 13시,목요일,서울특별시 양천구 신정동,중상사고,0,1,0,0,차대사람 - 기타,안전운전불이행,포장 - 건조,맑음,단일로 - 기타,이륜,남,20세,상해없음,보행자,여,50세,중상
20546,2020013000100339,2020년 1월 30일 15시,목요일,서울특별시 구로구 구로동,중상사고,0,1,1,0,차대사람 - 횡단중,신호위반,포장 - 건조,맑음,단일로 - 기타,자전거,남,54세,경상,보행자,여,72세,중상
20547,2020013000100369,2020년 1월 30일 16시,목요일,서울특별시 용산구 청파동1가,경상사고,0,0,1,0,차대사람 - 횡단중,보행자보호의무위반,포장 - 건조,맑음,교차로 - 교차로안,승용,남,64세,상해없음,보행자,남,14세,경상
20548,2020013000100372,2020년 1월 30일 16시,목요일,서울특별시 강남구 청담동,경상사고,0,0,1,0,차대사람 - 길가장자리구역통행중,안전운전불이행,포장 - 건조,맑음,단일로 - 기타,승용,여,38세,상해없음,보행자,남,41세,경상
20549,2020013000100432,2020년 1월 30일 18시,목요일,서울특별시 강남구 논현동,부상신고사고,0,0,0,1,차대사람 - 보도통행중,안전운전불이행,포장 - 건조,기타,단일로 - 기타,기타불명,기타불명,미분류,기타불명,보행자,여,23세,부상신고