,사고번호,사고일시,요일,시군구,사고내용,사망자수,중상자수,경상자수,부상신고자수,사고유형,법규위반,노면상태,기상상태,도로형태,가해운전자 차종,가해운전자 성별,가해운전자 연령,가해운전자 상해정도,피해운전자 차종,피해운전자 성별,피해운전자 연령,피해운전자 상해정도
20777,2020020900100003,2020년 2월 9일 00시,일요일,서울특별시 은평구 진관동,경상사고,0,0,1,0,차대사람 - 횡단중,보행자보호의무위반,포장 - 건조,맑음,단일로 - 기타,승합,여,62세,상해없음,보행자,남,32세,경상
20778,2020020900100033,2020년 2월 9일 02시,일요일,서울특별시 영등포구 신길동,경상사고,0,0,1,0,차대사람 - 기타,안전운전불이행,포장 - 건조,맑음,단일로 - 기타,승용,남,58세,상해없음,보행자,여,22세,경상
20779,2020020900100152,2020년 2월 9일 12시,일요일,서울특별시 은평구 불광동,중상사고,0,1,0,0,차대사람 - 길가장자리구역통행중,안전운전불이행,포장 - 건조,맑음,교차로 - 교차로부근,승용,남,24세,기타불명,보행자,여,29세,중상
20780,2020020900100201,2020년 2월 9일 14시,일요일,서울특별시 서대문구 북아현동,중상사고,0,1,0,0,차대사람 - 차도통행중,안전운전불이행,포장 - 건조,맑음,교차로 - 교차로안,승용,남,51세,상해없음,보행자,여,64세,중상
20781,2020020900100203,2020년 2월 9일 14시,일요일,서울특별시 노원구 상계동,경상사고,0,0,1,0,차대사람 - 기타,안전운전불이행,포장 - 건조,맑음,주차장 - 주차장,화물,남,77세,상해없음,보행자,남,32세,경상
20782,2020020900100276,2020년 2월 9일 17시,일요일,서울특별시 노원구 중계동,중상사고,0,1,0,0,차대사람 - 횡단중,신호위반,포장 - 건조,맑음,교차로 - 교차로횡단보도내,이륜,남,51세,상해없음,보행자,여,68세,중상
20783,2020020900100312,2020년 2월 9일 18시,일요일,서울특별시 양천구 목동,중상사고,0,1,0,0,차대사람 - 기타,안전운전불이행,포장 - 건조,맑음,단일로 - 기타,승용,남,73세,상해없음,보행자,여,60세,중상
20784,2020020900100331,2020년 2월 9일 19시,일요일,서울특별시 동대문구 답십리동,경상사고,0,0,1,0,차대사람 - 기타,안전운전불이행,포장 - 건조,맑음,기타 - 기타,화물,남,44세,상해없음,보행자,여,48세,경상
20785,2020020900100370,2020년 2월 9일 20시,일요일,서울특별시 중구 을지로2가,중상사고,0,1,0,0,차대사람 - 횡단중,보행자보호의무위반,포장 - 건조,맑음,단일로 - 기타,승용,남,55세,상해없음,보행자,남,85세,중상
20786,2020020900100372,2020년 2월 9일 20시,일요일,서울특별시 관악구 봉천동,경상사고,0,0,1,0,차대사람 - 기타,안전운전불이행,포장 - 건조,맑음,단일로 - 기타,승용,남,66세,상해없음,보행자,남,52세,경상
20787,2020020900100375,2020년 2월 9일 20시,일요일,서울특별시 서초구 잠원동,경상사고,0,0,2,0,차대사람 - 기타,안전운전불이행,포장 - 건조,맑음,교차로 - 교차로안,승용,남,36세,상해없음,보행자,남,25세,경상
20788,2020020900100397,2020년 2월 9일 21시,일요일,서울특별시 중랑구 상봉동,경상사고,0,0,1,0,차대사람 - 기타,안전운전불이행,포장 - 건조,맑음,단일로 - 기타,승용,남,40세,상해없음,보행자,남,55세,경상
20789,2020020900100398,2020년 2월 9일 21시,일요일,서울특별시 관악구 신림동,중상사고,0,1,0,0,차대사람 - 횡단중,보행자보호의무위반,포장 - 건조,흐림,교차로 - 교차로횡단보도내,승용,남,28세,상해없음,보행자,여,30세,중상
20790,2020020900100441,2020년 2월 9일 23시,일요일,서울특별시 송파구 잠실동,경상사고,0,0,1,0,차대사람 - 횡단중,보행자보호의무위반,포장 - 건조,맑음,교차로 - 교차로부근,승용,여,29세,상해없음,보행자,여,25세,경상
20791,2020021000100001,2020년 2월 10일 00시,월요일,서울특별시 은평구 응암동,경상사고,0,0,1,0,차대사람 - 기타,안전운전불이행,포장 - 건조,맑음,단일로 - 기타,승용,남,53세,상해없음,보행자,남,28세,경상
20792,2020021000100002,2020년 2월 10일 00시,월요일,서울특별시 은평구 신사동,경상사고,0,0,1,0,차대사람 - 기타,안전운전불이행,포장 - 건조,맑음,단일로 - 기타,승용,남,65세,상해없음,보행자,남,18세,경상
20793,2020021000100013,2020년 2월 10일 01시,월요일,서울특별시 강서구 등촌동,경상사고,0,0,1,0,차대사람 - 횡단중,보행자보호의무위반,포장 - 건조,맑음,교차로 - 교차로횡단보도내,승용,남,59세,상해없음,보행자,남,53세,경상
20794,2020021000100020,2020년 2월 10일 02시,월요일,서울특별시 강남구 삼성동,중상사고,0,1,0,0,차대사람 - 기타,안전운전불이행,포장 - 건조,맑음,단일로 - 기타,화물,남,40세,상해없음,보행자,남,32세,중상
20795,2020021000100039,2020년 2월 10일 05시,월요일,서울특별시 노원구 하계동,중상사고,0,1,0,0,차대사람 - 횡단중,신호위반,포장 - 건조,맑음,교차로 - 교차로횡단보도내,승용,남,71세,상해없음,보행자,여,59세,중상
20796,2020021000100080,2020년 2월 10일 07시,월요일,서울특별시 서초구 반포동,부상신고사고,0,0,0,1,차대사람 - 기타,안전운전불이행,포장 - 건조,맑음,교차로 - 교차로부근,기타불명,기타불명,미분류,기타불명,보행자,남,28세,부상신고
20797,2020021000100188,2020년 2월 10일 10시,월요일,서울특별시 중구 신당동,중상사고,0,1,0,0,차대사람 - 차도통행중,안전운전불이행,포장 - 건조,맑음,교차로 - 교차로안,승용,남,56세,상해없음,보행자,남,70세,중상
20798,2020021000100229,2020년 2월 10일 11시,월요일,서울특별시 종로구 와룡동,중상사고,0,1,0,0,차대사람 - 횡단중,신호위반,포장 - 건조,맑음,단일로 - 기타,화물,남,57세,상해없음,보행자,여,24세,중상
20799,2020021000100232,2020년 2월 10일 11시,월요일,서울특별시 중랑구 상봉동,경상사고,0,0,1,0,차대사람 - 기타,안전운전불이행,포장 - 건조,맑음,단일로 - 기타,승용,남,74세,상해없음,보행자,여,23세,경상
20800,2020021000100262,2020년 2월 10일 12시,월요일,서울특별시 중구 필동2가,중상사고,0,1,0,0,차대사람 - 길가장자리구역통행중,신호위반,포장 - 건조,맑음,단일로 - 기타,원동기,남,44세,상해없음,보행자,남,75세,중상
20801,2020021000100263,2020년 2월 10일 12시,월요일,서울특별시 종로구 숭인동,경상사고,0,0,1,0,차대사람 - 횡단중,보행자보호의무위반,포장 - 건조,맑음,교차로 - 교차로횡단보도내,기타불명,기타불명,미분류,기타불명,보행자,남,38세,경상
20802,2020021000100325,2020년 2월 10일 14시,월요일,서울특별시 서대문구 홍은동,경상사고,0,0,1,0,차대사람 - 기타,보행자보호의무위반,포장 - 건조,맑음,단일로 - 기타,승용,여,44세,상해없음,보행자,여,11세,경상
20803,2020021000100345,2020년 2월 10일 15시,월요일,서울특별시 금천구 독산동,경상사고,0,0,1,0,차대사람 - 기타,안전운전불이행,포장 - 건조,맑음,단일로 - 기타,승용,남,35세,상해없음,보행자,남,80세,경상
20804,2020021000100347,2020년 2월 10일 15시,월요일,서울특별시 서초구 방배동,중상사고,0,1,0,0,차대사람 - 횡단중,보행자보호의무위반,포장 - 건조,맑음,단일로 - 기타,화물,남,52세,상해없음,보행자,여,56세,중상
20805,2020021000100390,2020년 2월 10일 16시,월요일,서울특별시 양천구 신월동,경상사고,0,0,1,0,차대사람 - 보도통행중,신호위반,포장 - 건조,맑음,교차로 - 교차로부근,승용,남,60세,상해없음,보행자,남,13세,경상
20806,2020021000100428,2020년 2월 10일 17시,월요일,서울특별시 강남구 논현동,경상사고,0,0,1,0,차대사람 - 기타,불법유턴,포장 - 건조,맑음,기타 - 기타,승용,남,59세,상해없음,보행자,여,27세,경상
20807,2020021000100467,2020년 2월 10일 18시,월요일,서울특별시 강남구 청담동,경상사고,0,0,1,0,차대사람 - 횡단중,보행자보호의무위반,포장 - 건조,맑음,교차로 - 교차로횡단보도내,승용,남,68세,상해없음,보행자,여,26세,경상
20808,2020021000100518,2020년 2월 10일 19시,월요일,서울특별시 동대문구 전농동,중상사고,0,1,0,0,차대사람 - 차도통행중,안전운전불이행,포장 - 건조,맑음,단일로 - 기타,승용,여,66세,상해없음,보행자,여,58세,중상
20809,2020021000100521,2020년 2월 10일 19시,월요일,서울특별시 강남구 개포동,중상사고,0,1,0,0,차대사람 - 횡단중,안전운전불이행,포장 - 건조,맑음,교차로 - 교차로안,승용,여,27세,상해없음,보행자,남,58세,중상
20810,2020021000100551,2020년 2월 10일 20시,월요일,서울특별시 중구 신당동,경상사고,0,0,1,0,차대사람 - 기타,안전운전불이행,포장 - 건조,맑음,단일로 - 기타,화물,남,60세,상해없음,보행자,여,25세,경상
20811,2020021000100614,2020년 2월 10일 22시,월요일,서울특별시 강남구 논현동,경상사고,0,0,2,0,차대사람 - 차도통행중,안전운전불이행,포장 - 건조,흐림,기타 - 기타,승용,남,60세,상해없음,보행자,여,40세,경상
20812,2020021000100615,2020년 2월 10일 22시,월요일,서울특별시 강동구 천호동,경상사고,0,0,1,0,차대사람 - 횡단중,보행자보호의무위반,포장 - 건조,맑음,단일로 - 기타,승용,남,69세,상해없음,보행자,남,61세,경상
20813,2020021000100641,2020년 2월 10일 23시,월요일,서울특별시 은평구 갈현동,경상사고,0,0,1,0,차대사람 - 횡단중,신호위반,포장 - 건조,맑음,교차로 - 교차로안,승용,남,69세,상해없음,보행자,남,58세,경상
20814,2020021100100001,2020년 2월 11일 00시,화요일,서울특별시 양천구 신월동,부상신고사고,0,0,0,1,차대사람 - 횡단중,안전운전불이행,포장 - 건조,맑음,단일로 - 기타,원동기,남,17세,기타불명,보행자,여,20세,부상신고
20815,2020021100100012,2020년 2월 11일 01시,화요일,서울특별시 서초구 서초동,부상신고사고,0,0,0,1,차대사람 - 차도통행중,안전운전불이행,포장 - 건조,맑음,교차로 - 교차로안,승용,남,27세,상해없음,보행자,남,25세,부상신고
20816,2020021100100034,2020년 2월 11일 03시,화요일,서울특별시 강남구 역삼동,중상사고,0,1,0,0,차대사람 - 길가장자리구역통행중,안전운전불이행,포장 - 기타,맑음,단일로 - 기타,승용,여,40세,상해없음,보행자,남,30세,중상
20817,2020021100100041,2020년 2월 11일 04시,화요일,서울특별시 도봉구 창동,경상사고,0,0,1,0,차대사람 - 횡단중,보행자보호의무위반,포장 - 건조,맑음,단일로 - 기타,승용,여,38세,상해없음,보행자,남,36세,경상
20818,2020021100100061,2020년 2월 11일 06시,화요일,서울특별시 서대문구 홍제동,중상사고,0,1,0,0,차대사람 - 횡단중,보행자보호의무위반,포장 - 건조,흐림,교차로 - 교차로안,승용,남,48세,상해없음,보행자,여,71세,중상
20819,2020021100100078,2020년 2월 11일 07시,화요일,서울특별시 강서구 화곡동,경상사고,0,0,1,0,차대사람 - 기타,안전운전불이행,포장 - 건조,맑음,교차로 - 교차로안,승용,남,20세,상해없음,보행자,여,25세,경상
20820,2020021100100102,2020년 2월 11일 08시,화요일,서울특별시 영등포구 대림동,중상사고,0,1,0,0,차대사람 - 횡단중,안전운전불이행,포장 - 건조,맑음,기타 - 기타,승용,여,40세,상해없음,보행자,남,63세,중상
20821,2020021100100106,2020년 2월 11일 08시,화요일,서울특별시 서초구 방배동,경상사고,0,0,1,0,차대사람 - 기타,안전운전불이행,포장 - 건조,맑음,교차로 - 교차로안,승용,남,25세,상해없음,보행자,남,64세,경상
20822,2020021100100160,2020년 2월 11일 10시,화요일,서울특별시 강북구 미아동,중상사고,0,1,0,0,차대사람 - 기타,보행자보호의무위반,포장 - 건조,맑음,단일로 - 기타,승용,여,37세,상해없음,보행자,남,73세,중상
20823,2020021100100191,2020년 2월 11일 11시,화요일,서울특별시 성동구 옥수동,경상사고,0,0,1,0,차대사람 - 횡단중,안전운전불이행,포장 - 건조,맑음,단일로 - 기타,기타불명,기타불명,미분류,기타불명,보행자,남,68세,경상
20824,2020021100100192,2020년 2월 11일 11시,화요일,서울특별시 중랑구 면목동,경상사고,0,0,1,0,차대사람 - 기타,안전운전불이행,포장 - 건조,맑음,단일로 - 기타,화물,남,54세,상해없음,보행자,남,22세,경상
20825,2020021100100193,2020년 2월 11일 11시,화요일,서울특별시 강서구 화곡동,경상사고,0,0,1,0,차대사람 - 기타,안전운전불이행,포장 - 건조,맑음,단일로 - 기타,승용,남,70세,상해없음,보행자,남,48세,경상
20826,2020021100100195,2020년 2월 11일 11시,화요일,서울특별시 성북구 하월곡동,중상사고,0,1,0,0,차대사람 - 기타,안전운전불이행,포장 - 건조,맑음,단일로 - 기타,승합,남,67세,상해없음,보행자,여,45세,중상
20827,2020021100100225,2020년 2월 11일 12시,화요일,서울특별시 성북구 길음동,경상사고,0,0,1,0,차대사람 - 기타,안전운전불이행,포장 - 건조,맑음,단일로 - 기타,승용,남,32세,상해없음,보행자,남,11세,경상
20828,2020021100100227,2020년 2월 11일 12시,화요일,서울특별시 금천구 독산동,경상사고,0,0,1,0,차대사람 - 기타,안전운전불이행,포장 - 건조,맑음,단일로 - 기타,승용,남,52세,상해없음,보행자,여,26세,경상
20829,2020021100100256,2020년 2월 11일 13시,화요일,서울특별시 강서구 공항동,경상사고,0,0,1,0,차대사람 - 기타,안전운전불이행,포장 - 건조,맑음,단일로 - 기타,승용,남,70세,상해없음,보행자,남,48세,경상
20830,2020021100100257,2020년 2월 11일 13시,화요일,서울특별시 강서구 화곡동,경상사고,0,0,1,0,차대사람 - 길가장자리구역통행중,안전운전불이행,포장 - 건조,맑음,교차로 - 교차로부근,화물,남,50세,상해없음,보행자,여,64세,경상
20831,2020021100100285,2020년 2월 11일 14시,화요일,서울특별시 용산구 보광동,경상사고,0,0,1,0,차대사람 - 기타,안전운전불이행,포장 - 건조,맑음,단일로 - 기타,기타불명,기타불명,미분류,기타불명,보행자,여,54세,경상
20832,2020021100100286,2020년 2월 11일 14시,화요일,서울특별시 영등포구 신길동,중상사고,0,1,0,0,차대사람 - 횡단중,신호위반,포장 - 건조,맑음,교차로 - 교차로안,화물,남,22세,상해없음,보행자,남,71세,중상
20833,2020021100100326,2020년 2월 11일 15시,화요일,서울특별시 강남구 역삼동,경상사고,0,0,1,0,차대사람 - 길가장자리구역통행중,보행자보호의무위반,포장 - 건조,맑음,단일로 - 기타,승용,남,30세,상해없음,보행자,여,23세,경상
20834,2020021100100327,2020년 2월 11일 15시,화요일,서울특별시 강서구 화곡동,경상사고,0,0,1,0,차대사람 - 보도통행중,기타,포장 - 건조,맑음,단일로 - 기타,승용,남,18세,상해없음,보행자,여,59세,경상
20835,2020021100100361,2020년 2월 11일 16시,화요일,서울특별시 중구 방산동,경상사고,0,0,1,0,차대사람 - 기타,안전운전불이행,포장 - 건조,맑음,단일로 - 기타,승용,여,33세,상해없음,보행자,여,53세,경상
20836,2020021100100362,2020년 2월 11일 16시,화요일,서울특별시 용산구 보광동,중상사고,0,1,0,0,차대사람 - 횡단중,안전운전불이행,포장 - 건조,맑음,단일로 - 기타,승용,남,40세,상해없음,보행자,남,77세,중상
20837,2020021100100434,2020년 2월 11일 18시,화요일,서울특별시 강동구 성내동,중상사고,0,1,0,0,차대사람 - 횡단중,안전운전불이행,포장 - 건조,맑음,교차로 - 교차로부근,기타불명,기타불명,미분류,기타불명,보행자,남,64세,중상
20838,2020021100100486,2020년 2월 11일 19시,화요일,서울특별시 도봉구 창동,경상사고,0,0,1,0,차대사람 - 보도통행중,기타,포장 - 건조,맑음,단일로 - 기타,자전거,남,24세,상해없음,보행자,남,28세,경상
20839,2020021100100527,2020년 2월 11일 20시,화요일,서울특별시 도봉구 창동,부상신고사고,0,0,0,1,차대사람 - 횡단중,안전운전불이행,포장 - 건조,맑음,교차로 - 교차로안,기타불명,기타불명,미분류,기타불명,보행자,남,69세,부상신고
20840,2020021100100528,2020년 2월 11일 20시,화요일,서울특별시 은평구 진관동,중상사고,0,1,0,0,차대사람 - 횡단중,안전운전불이행,포장 - 건조,맑음,단일로 - 기타,승용,남,59세,상해없음,보행자,여,80세,중상
20841,2020021100100556,2020년 2월 11일 21시,화요일,서울특별시 강북구 미아동,경상사고,0,0,1,0,차대사람 - 기타,안전운전불이행,포장 - 건조,맑음,단일로 - 기타,화물,남,47세,상해없음,보행자,남,34세,경상
20842,2020021100100560,2020년 2월 11일 21시,화요일,서울특별시 중랑구 중화동,부상신고사고,0,0,0,1,차대사람 - 차도통행중,보행자보호의무위반,포장 - 건조,맑음,교차로 - 교차로부근,승용,남,58세,기타불명,보행자,남,28세,부상신고
20843,2020021100100561,2020년 2월 11일 21시,화요일,서울특별시 강남구 논현동,경상사고,0,0,1,0,차대사람 - 기타,안전운전불이행,포장 - 건조,맑음,교차로 - 교차로안,화물,남,54세,상해없음,보행자,남,51세,경상
20844,2020021100100587,2020년 2월 11일 22시,화요일,서울특별시 노원구 중계동,경상사고,0,0,1,0,차대사람 - 횡단중,안전운전불이행,포장 - 건조,맑음,단일로 - 기타,승용,남,38세,상해없음,보행자,여,17세,경상
20845,2020021200100048,2020년 2월 12일 05시,수요일,서울특별시 동대문구 전농동,중상사고,0,1,0,0,차대사람 - 횡단중,보행자보호의무위반,포장 - 건조,맑음,교차로 - 교차로부근,승용,남,75세,상해없음,보행자,남,45세,중상
20846,2020021200100065,2020년 2월 12일 06시,수요일,서울특별시 중구 남창동,중상사고,0,1,0,0,차대사람 - 차도통행중,안전운전불이행,포장 - 건조,맑음,단일로 - 지하차도(도로)내,화물,남,55세,상해없음,보행자,여,63세,중상
20847,2020021200100066,2020년 2월 12일 06시,수요일,서울특별시 강서구 염창동,경상사고,0,0,1,0,차대사람 - 차도통행중,안전운전불이행,포장 - 젖음/습기,흐림,교차로 - 교차로횡단보도내,승용,남,50세,상해없음,보행자,남,55세,경상
20848,2020021200100111,2020년 2월 12일 08시,수요일,서울특별시 강동구 상일동,중상사고,0,1,0,0,차대사람 - 기타,안전운전불이행,포장 - 건조,맑음,교차로 - 교차로안,승합,남,52세,상해없음,보행자,여,78세,중상
20849,2020021200100114,2020년 2월 12일 08시,수요일,서울특별시 양천구 신정동,중상사고,0,1,0,0,차대사람 - 횡단중,신호위반,포장 - 젖음/습기,비,단일로 - 기타,승용,남,29세,상해없음,보행자,남,29세,중상
20850,2020021200100115,2020년 2월 12일 08시,수요일,서울특별시 강남구 자곡동,경상사고,0,0,1,0,차대사람 - 횡단중,신호위반,포장 - 건조,흐림,교차로 - 교차로안,승용,남,53세,상해없음,보행자,여,48세,경상
20851,2020021200100233,2020년 2월 12일 12시,수요일,서울특별시 강동구 상일동,경상사고,0,0,1,0,차대사람 - 기타,기타,포장 - 건조,맑음,단일로 - 기타,승합,남,61세,상해없음,보행자,여,77세,경상
20852,2020021200100256,2020년 2월 12일 13시,수요일,서울특별시 종로구 인사동,중상사고,0,1,0,1,차대사람 - 기타,안전운전불이행,포장 - 건조,흐림,단일로 - 기타,승합,남,64세,상해없음,보행자,여,50세,중상
20853,2020021200100314,2020년 2월 12일 15시,수요일,서울특별시 성동구 응봉동,경상사고,0,0,1,0,차대사람 - 기타,안전운전불이행,포장 - 젖음/습기,비,단일로 - 기타,승용,여,55세,상해없음,보행자,남,12세,경상
20854,2020021200100417,2020년 2월 12일 18시,수요일,서울특별시 강남구 역삼동,경상사고,0,0,1,0,차대사람 - 기타,안전운전불이행,포장 - 젖음/습기,비,단일로 - 기타,기타불명,기타불명,미분류,기타불명,보행자,여,36세,경상
20855,2020021200100419,2020년 2월 12일 18시,수요일,서울특별시 강남구 대치동,중상사고,0,1,0,0,차대사람 - 횡단중,안전운전불이행,포장 - 젖음/습기,흐림,교차로 - 교차로부근,승용,남,58세,상해없음,보행자,여,70세,중상
20856,2020021200100473,2020년 2월 12일 19시,수요일,서울특별시 종로구 계동,중상사고,0,1,0,0,차대사람 - 횡단중,보행자보호의무위반,포장 - 건조,맑음,교차로 - 교차로횡단보도내,승용,남,51세,상해없음,보행자,여,29세,중상
20857,2020021200100474,2020년 2월 12일 19시,수요일,서울특별시 종로구 동숭동,경상사고,0,0,1,0,차대사람 - 보도통행중,안전운전불이행,포장 - 젖음/습기,비,단일로 - 기타,승용,여,77세,상해없음,보행자,여,37세,경상
20858,2020021200100475,2020년 2월 12일 19시,수요일,서울특별시 서대문구 홍제동,경상사고,0,0,1,0,차대사람 - 횡단중,보행자보호의무위반,포장 - 젖음/습기,비,단일로 - 기타,승용,남,51세,상해없음,보행자,남,39세,경상
20859,2020021200100476,2020년 2월 12일 19시,수요일,서울특별시 은평구 녹번동,중상사고,0,1,0,0,차대사람 - 횡단중,보행자보호의무위반,포장 - 젖음/습기,비,교차로 - 교차로횡단보도내,승용,남,54세,상해없음,보행자,여,26세,중상
20860,2020021200100477,2020년 2월 12일 19시,수요일,서울특별시 영등포구 영등포동7가,경상사고,0,0,1,0,차대사람 - 횡단중,안전운전불이행,포장 - 젖음/습기,비,교차로 - 교차로부근,승용,남,43세,상해없음,보행자,여,41세,경상
20861,2020021200100486,2020년 2월 12일 19시,수요일,서울특별시 은평구 진관동,중상사고,0,1,0,0,차대사람 - 횡단중,신호위반,포장 - 젖음/습기,흐림,단일로 - 기타,이륜,남,32세,상해없음,보행자,남,39세,중상
20862,2020021200100522,2020년 2월 12일 20시,수요일,서울특별시 강북구 미아동,중상사고,0,1,0,0,차대사람 - 기타,신호위반,포장 - 젖음/습기,맑음,교차로 - 교차로안,이륜,남,57세,상해없음,보행자,여,56세,중상
20863,2020021200100526,2020년 2월 12일 20시,수요일,서울특별시 강남구 역삼동,경상사고,0,0,1,0,차대사람 - 보도통행중,보행자보호의무위반,포장 - 젖음/습기,비,교차로 - 교차로횡단보도내,화물,남,29세,상해없음,보행자,남,39세,경상
20864,2020021200100527,2020년 2월 12일 20시,수요일,서울특별시 강서구 화곡동,중상사고,0,1,0,0,차대사람 - 횡단중,안전운전불이행,포장 - 젖음/습기,비,단일로 - 기타,이륜,남,48세,상해없음,보행자,여,61세,중상
20865,2020021200100529,2020년 2월 12일 20시,수요일,서울특별시 강남구 대치동,중상사고,0,1,1,0,차대사람 - 횡단중,보행자보호의무위반,포장 - 젖음/습기,비,교차로 - 교차로횡단보도내,승용,여,45세,상해없음,보행자,남,37세,중상
20866,2020021200100566,2020년 2월 12일 21시,수요일,서울특별시 용산구 한남동,경상사고,0,0,1,0,차대사람 - 횡단중,보행자보호의무위반,포장 - 젖음/습기,비,기타 - 기타,승용,남,45세,상해없음,보행자,남,33세,경상
20867,2020021200100570,2020년 2월 12일 21시,수요일,서울특별시 강동구 천호동,경상사고,0,0,1,0,차대사람 - 횡단중,보행자보호의무위반,포장 - 젖음/습기,비,교차로 - 교차로횡단보도내,승합,남,41세,상해없음,보행자,여,56세,경상
20868,2020021200100571,2020년 2월 12일 21시,수요일,서울특별시 서초구 서초동,경상사고,0,0,1,0,차대사람 - 보도통행중,보행자보호의무위반,포장 - 젖음/습기,비,교차로 - 교차로부근,승용,여,44세,상해없음,보행자,남,58세,경상
20869,2020021300100001,2020년 2월 13일 00시,목요일,서울특별시 서대문구 북아현동,중상사고,0,2,0,0,차대사람 - 횡단중,신호위반,포장 - 건조,맑음,교차로 - 교차로안,승합,남,34세,상해없음,보행자,여,45세,중상
20870,2020021300100024,2020년 2월 13일 02시,목요일,서울특별시 동대문구 답십리동,경상사고,0,0,1,0,차대사람 - 횡단중,보행자보호의무위반,포장 - 건조,맑음,기타 - 기타,승용,남,52세,상해없음,보행자,남,65세,경상
20871,2020021300100083,2020년 2월 13일 08시,목요일,서울특별시 광진구 화양동,부상신고사고,0,0,0,1,차대사람 - 기타,안전운전불이행,포장 - 건조,맑음,단일로 - 기타,승용,남,64세,상해없음,보행자,남,32세,부상신고
20872,2020021300100112,2020년 2월 13일 09시,목요일,서울특별시 강남구 신사동,경상사고,0,0,1,0,차대사람 - 기타,안전운전불이행,포장 - 건조,맑음,단일로 - 기타,승용,남,67세,상해없음,보행자,남,26세,경상
20873,2020021300100178,2020년 2월 13일 11시,목요일,서울특별시 중랑구 면목동,경상사고,0,0,1,0,차대사람 - 횡단중,신호위반,포장 - 건조,맑음,교차로 - 교차로안,이륜,남,74세,상해없음,보행자,남,68세,경상
20874,2020021300100179,2020년 2월 13일 11시,목요일,서울특별시 관악구 봉천동,경상사고,0,0,1,0,차대사람 - 차도통행중,안전운전불이행,포장 - 건조,맑음,단일로 - 기타,승용,남,65세,상해없음,보행자,여,58세,경상
20875,2020021300100210,2020년 2월 13일 12시,목요일,서울특별시 노원구 하계동,중상사고,0,1,0,0,차대사람 - 차도통행중,안전운전불이행,포장 - 건조,흐림,교차로 - 교차로부근,승용,남,22세,상해없음,보행자,남,60세,중상
20876,2020021300100211,2020년 2월 13일 12시,목요일,서울특별시 강남구 역삼동,중상사고,0,1,0,0,차대사람 - 기타,안전운전불이행,포장 - 건조,맑음,단일로 - 기타,승용,여,61세,상해없음,보행자,여,26세,중상
20877,2020021300100241,2020년 2월 13일 13시,목요일,서울특별시 강남구 역삼동,경상사고,0,0,1,0,차대사람 - 횡단중,안전운전불이행,포장 - 건조,맑음,교차로 - 교차로부근,승용,남,61세,기타불명,보행자,여,34세,경상
20878,2020021300100269,2020년 2월 13일 14시,목요일,서울특별시 강남구 역삼동,중상사고,0,1,0,0,차대사람 - 기타,안전운전불이행,포장 - 건조,맑음,단일로 - 기타,승용,남,28세,상해없음,보행자,여,72세,중상
20879,2020021300100295,2020년 2월 13일 15시,목요일,서울특별시 강북구 수유동,중상사고,0,1,0,0,차대사람 - 기타,안전운전불이행,포장 - 건조,맑음,교차로 - 교차로부근,화물,남,52세,상해없음,보행자,여,82세,중상
20880,2020021300100297,2020년 2월 13일 15시,목요일,서울특별시 송파구 신천동,경상사고,0,0,1,0,차대사람 - 횡단중,보행자보호의무위반,포장 - 건조,맑음,교차로 - 교차로횡단보도내,승합,남,70세,상해없음,보행자,남,58세,경상
20881,2020021300100298,2020년 2월 13일 15시,목요일,서울특별시 구로구 궁동,중상사고,0,1,0,0,차대사람 - 기타,기타,포장 - 건조,맑음,단일로 - 기타,승합,남,49세,상해없음,보행자,여,80세,중상
20882,2020021300100361,2020년 2월 13일 17시,목요일,서울특별시 서대문구 창천동,경상사고,0,0,1,0,차대사람 - 기타,안전운전불이행,포장 - 건조,맑음,단일로 - 기타,승용,남,56세,상해없음,보행자,남,17세,경상
20883,2020021300100363,2020년 2월 13일 17시,목요일,서울특별시 금천구 가산동,경상사고,0,0,1,0,차대사람 - 기타,신호위반,포장 - 건조,맑음,교차로 - 교차로부근,승용,남,29세,상해없음,보행자,여,29세,경상
20884,2020021300100369,2020년 2월 13일 17시,목요일,서울특별시 노원구 상계동,경상사고,0,0,1,0,차대사람 - 길가장자리구역통행중,안전운전불이행,포장 - 건조,맑음,단일로 - 기타,승용,여,29세,상해없음,보행자,남,44세,경상
20885,2020021300100417,2020년 2월 13일 18시,목요일,서울특별시 송파구 석촌동,부상신고사고,0,0,0,1,차대사람 - 횡단중,안전운전불이행,포장 - 건조,맑음,단일로 - 기타,이륜,남,62세,상해없음,보행자,여,73세,부상신고
20886,2020021300100458,2020년 2월 13일 19시,목요일,서울특별시 구로구 신도림동,경상사고,0,0,1,0,차대사람 - 횡단중,안전운전불이행,포장 - 건조,맑음,교차로 - 교차로부근,승용,여,59세,상해없음,보행자,여,62세,경상
20887,2020021300100460,2020년 2월 13일 19시,목요일,서울특별시 강남구 역삼동,경상사고,0,0,1,0,차대사람 - 길가장자리구역통행중,안전운전불이행,포장 - 건조,맑음,단일로 - 기타,승용,남,27세,상해없음,보행자,남,50세,경상
20888,2020021300100503,2020년 2월 13일 20시,목요일,서울특별시 강남구 논현동,경상사고,0,0,1,0,차대사람 - 기타,보행자보호의무위반,포장 - 건조,기타,단일로 - 기타,승용,여,21세,상해없음,보행자,여,22세,경상