,사고번호,사고일시,요일,시군구,사고내용,사망자수,중상자수,경상자수,부상신고자수,사고유형,법규위반,노면상태,기상상태,도로형태,가해운전자 차종,가해운전자 성별,가해운전자 연령,가해운전자 상해정도,피해운전자 차종,피해운전자 성별,피해운전자 연령,피해운전자 상해정도
20889,2020021300100506,2020년 2월 13일 20시,목요일,서울특별시 노원구 월계동,경상사고,0,0,1,0,차대사람 - 보도통행중,안전운전불이행,포장 - 건조,맑음,교차로 - 교차로부근,승합,남,51세,상해없음,보행자,여,42세,경상
20890,2020021300100550,2020년 2월 13일 21시,목요일,서울특별시 양천구 신월동,부상신고사고,0,0,0,1,차대사람 - 기타,안전운전불이행,포장 - 건조,맑음,교차로 - 교차로안,승용,남,58세,상해없음,보행자,남,47세,부상신고
20891,2020021300100581,2020년 2월 13일 22시,목요일,서울특별시 용산구 서빙고동,중상사고,0,1,0,0,차대사람 - 횡단중,안전운전불이행,포장 - 건조,맑음,단일로 - 기타,승용,남,26세,상해없음,보행자,남,58세,중상
20892,2020021300100582,2020년 2월 13일 22시,목요일,서울특별시 성북구 돈암동,중상사고,0,1,0,0,차대사람 - 횡단중,안전운전불이행,포장 - 건조,맑음,단일로 - 기타,이륜,남,38세,상해없음,보행자,여,42세,중상
20893,2020021300100584,2020년 2월 13일 22시,목요일,서울특별시 강서구 마곡동,경상사고,0,0,1,0,차대사람 - 기타,안전운전불이행,포장 - 건조,맑음,교차로 - 교차로부근,승용,남,49세,상해없음,보행자,여,28세,경상
20894,2020021300100617,2020년 2월 13일 23시,목요일,서울특별시 강서구 등촌동,경상사고,0,0,1,1,차대사람 - 기타,안전운전불이행,포장 - 건조,맑음,단일로 - 기타,승용,남,70세,상해없음,보행자,남,33세,경상
20895,2020021400100037,2020년 2월 14일 04시,금요일,서울특별시 영등포구 영등포동4가,경상사고,0,0,1,0,차대사람 - 횡단중,안전운전불이행,포장 - 건조,맑음,단일로 - 기타,승용,남,65세,상해없음,보행자,남,66세,경상
20896,2020021400100075,2020년 2월 14일 07시,금요일,서울특별시 중랑구 면목동,중상사고,0,1,0,0,차대사람 - 기타,안전운전불이행,포장 - 건조,맑음,단일로 - 기타,승용,여,63세,상해없음,보행자,남,65세,중상
20897,2020021400100092,2020년 2월 14일 08시,금요일,서울특별시 중구 태평로2가,경상사고,0,0,1,0,차대사람 - 기타,안전운전불이행,포장 - 건조,맑음,단일로 - 기타,승용,여,47세,상해없음,보행자,여,24세,경상
20898,2020021400100096,2020년 2월 14일 08시,금요일,서울특별시 관악구 신림동,경상사고,0,0,1,0,차대사람 - 차도통행중,안전운전불이행,포장 - 기타,기타,교차로 - 교차로안,승용,남,79세,상해없음,보행자,여,23세,경상
20899,2020021400100169,2020년 2월 14일 10시,금요일,서울특별시 송파구 잠실동,경상사고,0,0,1,0,차대사람 - 기타,안전운전불이행,포장 - 건조,맑음,교차로 - 교차로안,화물,남,40세,상해없음,보행자,여,52세,경상
20900,2020021400100170,2020년 2월 14일 10시,금요일,서울특별시 성북구 하월곡동,중상사고,0,1,0,0,차대사람 - 기타,안전운전불이행,포장 - 건조,맑음,교차로 - 교차로횡단보도내,승용,여,36세,상해없음,보행자,남,77세,중상
20901,2020021400100185,2020년 2월 14일 11시,금요일,서울특별시 광진구 중곡동,경상사고,0,0,1,0,차대사람 - 기타,안전운전불이행,포장 - 건조,맑음,단일로 - 기타,승용,남,57세,상해없음,보행자,여,40세,경상
20902,2020021400100186,2020년 2월 14일 11시,금요일,서울특별시 마포구 동교동,경상사고,0,0,1,0,차대사람 - 기타,교차로운행방법위반,포장 - 건조,맑음,교차로 - 교차로안,승용,남,28세,상해없음,보행자,여,72세,경상
20903,2020021400100192,2020년 2월 14일 11시,금요일,서울특별시 서초구 서초동,부상신고사고,0,0,0,1,차대사람 - 길가장자리구역통행중,안전운전불이행,포장 - 건조,맑음,단일로 - 기타,승용,여,67세,상해없음,보행자,남,15세,부상신고
20904,2020021400100241,2020년 2월 14일 13시,금요일,서울특별시 서대문구 창천동,경상사고,0,0,1,0,차대사람 - 보도통행중,기타,포장 - 건조,맑음,기타 - 기타,원동기,남,26세,상해없음,보행자,남,24세,경상
20905,2020021400100242,2020년 2월 14일 13시,금요일,서울특별시 강북구 수유동,중상사고,0,1,0,0,차대사람 - 기타,안전운전불이행,포장 - 건조,맑음,단일로 - 기타,승용,여,60세,상해없음,보행자,남,62세,중상
20906,2020021400100245,2020년 2월 14일 13시,금요일,서울특별시 관악구 신림동,경상사고,0,0,1,0,차대사람 - 기타,안전운전불이행,포장 - 건조,맑음,단일로 - 기타,승합,남,55세,상해없음,보행자,여,70세,경상
20907,2020021400100246,2020년 2월 14일 13시,금요일,서울특별시 강남구 논현동,경상사고,0,0,1,0,차대사람 - 기타,기타,포장 - 건조,맑음,기타 - 기타,승용,여,35세,상해없음,보행자,여,21세,경상
20908,2020021400100287,2020년 2월 14일 14시,금요일,서울특별시 종로구 숭인동,경상사고,0,0,1,0,차대사람 - 기타,안전운전불이행,포장 - 건조,맑음,단일로 - 기타,승용,남,36세,상해없음,보행자,남,51세,경상
20909,2020021400100327,2020년 2월 14일 15시,금요일,서울특별시 서초구 서초동,경상사고,0,0,1,0,차대사람 - 횡단중,안전운전불이행,포장 - 건조,맑음,단일로 - 기타,승용,남,36세,상해없음,보행자,여,42세,경상
20910,2020021400100328,2020년 2월 14일 15시,금요일,서울특별시 노원구 중계동,중상사고,0,1,0,0,차대사람 - 횡단중,안전운전불이행,포장 - 건조,맑음,단일로 - 기타,승용,남,71세,상해없음,보행자,여,74세,중상
20911,2020021400100408,2020년 2월 14일 17시,금요일,서울특별시 송파구 잠실동,경상사고,0,0,1,0,차대사람 - 기타,안전운전불이행,포장 - 건조,맑음,단일로 - 기타,승용,남,69세,상해없음,보행자,남,39세,경상
20912,2020021400100450,2020년 2월 14일 18시,금요일,서울특별시 송파구 삼전동,중상사고,0,1,0,0,차대사람 - 기타,안전운전불이행,포장 - 건조,맑음,단일로 - 기타,승용,남,36세,상해없음,보행자,남,11세,중상
20913,2020021400100504,2020년 2월 14일 19시,금요일,서울특별시 송파구 방이동,경상사고,0,0,1,0,차대사람 - 차도통행중,안전운전불이행,포장 - 건조,맑음,단일로 - 기타,승용,남,47세,상해없음,보행자,남,54세,경상
20914,2020021400100507,2020년 2월 14일 19시,금요일,서울특별시 서초구 서초동,중상사고,0,1,0,0,차대사람 - 횡단중,보행자보호의무위반,포장 - 건조,맑음,교차로 - 교차로안,승용,여,48세,상해없음,보행자,여,52세,중상
20915,2020021400100617,2020년 2월 14일 22시,금요일,서울특별시 성북구 삼선동3가,경상사고,0,0,1,0,차대사람 - 횡단중,보행자보호의무위반,포장 - 건조,맑음,단일로 - 기타,승용,남,67세,상해없음,보행자,남,26세,경상
20916,2020021400100621,2020년 2월 14일 22시,금요일,서울특별시 구로구 개봉동,경상사고,0,0,1,0,차대사람 - 보도통행중,기타,포장 - 건조,맑음,단일로 - 기타,자전거,남,39세,상해없음,보행자,여,56세,경상
20917,2020021500100003,2020년 2월 15일 00시,토요일,서울특별시 강남구 청담동,사망사고,1,0,1,0,차대사람 - 횡단중,안전운전불이행,포장 - 건조,맑음,단일로 - 기타,이륜,남,50세,경상,보행자,남,40세,사망
20918,2020021500100026,2020년 2월 15일 01시,토요일,서울특별시 중랑구 망우동,경상사고,0,0,1,0,차대사람 - 기타,중앙선침범,포장 - 건조,맑음,단일로 - 기타,승용,남,54세,상해없음,보행자,남,38세,경상
20919,2020021500100063,2020년 2월 15일 04시,토요일,서울특별시 은평구 녹번동,경상사고,0,0,1,0,차대사람 - 기타,안전운전불이행,포장 - 건조,맑음,단일로 - 기타,승용,남,78세,상해없음,보행자,남,42세,경상
20920,2020021500100076,2020년 2월 15일 05시,토요일,서울특별시 종로구 평동,경상사고,0,0,1,0,차대사람 - 횡단중,보행자보호의무위반,포장 - 건조,맑음,교차로 - 교차로횡단보도내,승용,남,61세,상해없음,보행자,여,24세,경상
20921,2020021500100140,2020년 2월 15일 10시,토요일,서울특별시 성북구 정릉동,경상사고,0,0,1,0,차대사람 - 횡단중,보행자보호의무위반,포장 - 건조,맑음,교차로 - 교차로횡단보도내,승합,남,51세,상해없음,보행자,남,47세,경상
20922,2020021500100141,2020년 2월 15일 10시,토요일,서울특별시 성북구 동소문동1가,경상사고,0,0,1,0,차대사람 - 기타,안전운전불이행,포장 - 건조,맑음,기타 - 기타,승용,남,67세,상해없음,보행자,여,27세,경상
20923,2020021500100143,2020년 2월 15일 10시,토요일,서울특별시 성동구 금호동4가,경상사고,0,0,1,0,차대사람 - 횡단중,안전운전불이행,포장 - 건조,맑음,단일로 - 기타,승합,남,57세,상해없음,보행자,여,77세,경상
20924,2020021500100174,2020년 2월 15일 11시,토요일,서울특별시 서초구 양재동,경상사고,0,0,1,0,차대사람 - 기타,안전운전불이행,포장 - 건조,맑음,단일로 - 기타,승용,여,49세,상해없음,보행자,여,55세,경상
20925,2020021500100200,2020년 2월 15일 12시,토요일,서울특별시 서대문구 홍제동,경상사고,0,0,1,0,차대사람 - 차도통행중,안전운전불이행,포장 - 건조,맑음,단일로 - 기타,승용,여,53세,상해없음,보행자,남,65세,경상
20926,2020021500100203,2020년 2월 15일 12시,토요일,서울특별시 강북구 미아동,경상사고,0,0,1,0,차대사람 - 기타,안전운전불이행,포장 - 건조,맑음,교차로 - 교차로안,승합,남,58세,상해없음,보행자,남,55세,경상
20927,2020021500100204,2020년 2월 15일 12시,토요일,서울특별시 동대문구 장안동,경상사고,0,0,1,0,차대사람 - 길가장자리구역통행중,안전운전불이행,포장 - 건조,맑음,교차로 - 교차로안,승용,남,43세,상해없음,보행자,남,42세,경상
20928,2020021500100269,2020년 2월 15일 14시,토요일,서울특별시 성북구 안암동5가,경상사고,0,0,1,0,차대사람 - 횡단중,보행자보호의무위반,포장 - 건조,맑음,교차로 - 교차로부근,이륜,남,72세,상해없음,보행자,남,6세,경상
20929,2020021500100270,2020년 2월 15일 14시,토요일,서울특별시 동대문구 제기동,경상사고,0,0,1,0,차대사람 - 기타,기타,포장 - 건조,맑음,단일로 - 기타,승용,남,36세,상해없음,보행자,여,71세,경상
20930,2020021500100304,2020년 2월 15일 15시,토요일,서울특별시 강서구 화곡동,중상사고,0,1,0,0,차대사람 - 기타,안전운전불이행,포장 - 건조,맑음,교차로 - 교차로부근,승용,남,58세,상해없음,보행자,여,77세,중상
20931,2020021500100305,2020년 2월 15일 15시,토요일,서울특별시 구로구 구로동,중상사고,0,1,1,1,차대사람 - 기타,안전운전불이행,포장 - 건조,맑음,단일로 - 기타,승용,남,78세,상해없음,보행자,남,75세,중상
20932,2020021500100365,2020년 2월 15일 17시,토요일,서울특별시 서초구 서초동,경상사고,0,0,1,0,차대사람 - 기타,안전운전불이행,포장 - 건조,맑음,교차로 - 교차로안,화물,남,51세,상해없음,보행자,남,67세,경상
20933,2020021500100405,2020년 2월 15일 18시,토요일,서울특별시 송파구 잠실동,중상사고,0,1,0,0,차대사람 - 기타,안전운전불이행,포장 - 건조,맑음,단일로 - 기타,원동기,여,27세,상해없음,보행자,남,41세,중상
20934,2020021500100447,2020년 2월 15일 19시,토요일,서울특별시 동대문구 청량리동,부상신고사고,0,0,0,1,차대사람 - 차도통행중,안전운전불이행,포장 - 젖음/습기,흐림,단일로 - 기타,승합,남,59세,기타불명,보행자,남,74세,부상신고
20935,2020021500100448,2020년 2월 15일 19시,토요일,서울특별시 마포구 서교동,중상사고,0,1,0,0,차대사람 - 횡단중,보행자보호의무위반,포장 - 건조,맑음,교차로 - 교차로횡단보도내,승용,남,63세,상해없음,보행자,남,41세,중상
20936,2020021500100449,2020년 2월 15일 19시,토요일,서울특별시 성동구 행당동,경상사고,0,0,2,0,차대사람 - 길가장자리구역통행중,안전운전불이행,포장 - 건조,맑음,단일로 - 기타,승용,남,64세,상해없음,보행자,여,59세,경상
20937,2020021500100513,2020년 2월 15일 21시,토요일,서울특별시 강북구 수유동,경상사고,0,0,1,0,차대사람 - 기타,안전운전불이행,포장 - 건조,맑음,단일로 - 기타,승용,남,26세,기타불명,보행자,남,45세,경상
20938,2020021500100515,2020년 2월 15일 21시,토요일,서울특별시 영등포구 신길동,중상사고,0,1,0,0,차대사람 - 횡단중,신호위반,포장 - 젖음/습기,비,단일로 - 기타,이륜,남,17세,상해없음,보행자,남,64세,중상
20939,2020021500100517,2020년 2월 15일 21시,토요일,서울특별시 중랑구 면목동,중상사고,0,1,0,0,차대사람 - 기타,안전운전불이행,포장 - 젖음/습기,비,교차로 - 교차로횡단보도내,승용,남,68세,상해없음,보행자,여,63세,중상
20940,2020021500100550,2020년 2월 15일 22시,토요일,서울특별시 영등포구 문래동6가,경상사고,0,0,1,0,차대사람 - 횡단중,보행자보호의무위반,포장 - 젖음/습기,비,교차로 - 교차로횡단보도내,승용,남,37세,상해없음,보행자,남,60세,경상
20941,2020021500100590,2020년 2월 15일 23시,토요일,서울특별시 강북구 수유동,중상사고,0,1,0,0,차대사람 - 기타,안전운전불이행,포장 - 젖음/습기,맑음,기타 - 기타,이륜,남,46세,상해없음,보행자,남,57세,중상
20942,2020021500100592,2020년 2월 15일 23시,토요일,서울특별시 중랑구 면목동,경상사고,0,0,1,0,차대사람 - 기타,안전운전불이행,포장 - 건조,맑음,기타 - 기타,승용,남,27세,상해없음,보행자,남,47세,경상
20943,2020021500100593,2020년 2월 15일 23시,토요일,서울특별시 관악구 신림동,중상사고,0,1,0,0,차대사람 - 횡단중,안전운전불이행,포장 - 젖음/습기,비,단일로 - 기타,승용,남,39세,상해없음,보행자,남,75세,중상
20944,2020021500100595,2020년 2월 15일 23시,토요일,서울특별시 송파구 마천동,경상사고,0,0,1,0,차대사람 - 기타,안전운전불이행,포장 - 건조,맑음,단일로 - 기타,승용,남,54세,상해없음,보행자,여,35세,경상
20945,2020021500100596,2020년 2월 15일 23시,토요일,서울특별시 은평구 갈현동,중상사고,0,1,0,0,차대사람 - 횡단중,보행자보호의무위반,포장 - 젖음/습기,비,교차로 - 교차로횡단보도내,승용,남,64세,상해없음,보행자,남,49세,중상
20946,2020021600100005,2020년 2월 16일 00시,일요일,서울특별시 은평구 불광동,경상사고,0,0,1,0,차대사람 - 기타,안전운전불이행,비포장 - 젖음/습기,비,기타 - 기타,승용,남,58세,상해없음,보행자,남,52세,경상
20947,2020021600100028,2020년 2월 16일 01시,일요일,서울특별시 구로구 구로동,중상사고,0,1,0,0,차대사람 - 보도통행중,보행자보호의무위반,포장 - 젖음/습기,비,교차로 - 교차로안,승용,남,40세,상해없음,보행자,남,30세,중상
20948,2020021600100029,2020년 2월 16일 01시,일요일,서울특별시 양천구 목동,중상사고,0,1,0,0,차대사람 - 기타,안전운전불이행,포장 - 젖음/습기,비,교차로 - 교차로안,승용,남,56세,상해없음,보행자,남,50세,중상
20949,2020021600100048,2020년 2월 16일 02시,일요일,서울특별시 강남구 신사동,경상사고,0,0,1,0,차대사람 - 횡단중,안전운전불이행,포장 - 젖음/습기,비,교차로 - 교차로횡단보도내,승용,여,58세,상해없음,보행자,남,38세,경상
20950,2020021600100051,2020년 2월 16일 02시,일요일,서울특별시 노원구 상계동,경상사고,0,0,1,0,차대사람 - 횡단중,안전운전불이행,포장 - 젖음/습기,비,단일로 - 기타,승용,남,71세,상해없음,보행자,여,56세,경상
20951,2020021600100072,2020년 2월 16일 03시,일요일,서울특별시 강북구 미아동,경상사고,0,0,1,0,차대사람 - 횡단중,과속,포장 - 젖음/습기,비,교차로 - 교차로횡단보도내,승용,여,66세,상해없음,보행자,남,60세,경상
20952,2020021600100088,2020년 2월 16일 04시,일요일,서울특별시 강남구 신사동,중상사고,0,1,0,0,차대사람 - 기타,안전운전불이행,비포장 - 젖음/습기,비,단일로 - 기타,승용,남,54세,상해없음,보행자,남,36세,중상
20953,2020021600100105,2020년 2월 16일 05시,일요일,서울특별시 관악구 신림동,경상사고,0,0,1,0,차대사람 - 기타,안전운전불이행,포장 - 젖음/습기,눈,단일로 - 기타,승용,남,73세,상해없음,보행자,남,27세,경상
20954,2020021600100107,2020년 2월 16일 05시,일요일,서울특별시 강남구 논현동,중상사고,0,1,0,0,차대사람 - 횡단중,안전운전불이행,포장 - 젖음/습기,비,단일로 - 기타,승용,남,55세,상해없음,보행자,여,32세,중상
20955,2020021600100118,2020년 2월 16일 06시,일요일,서울특별시 강동구 성내동,경상사고,0,0,1,0,차대사람 - 보도통행중,신호위반,포장 - 젖음/습기,비,교차로 - 교차로횡단보도내,승용,남,36세,상해없음,보행자,남,79세,경상
20956,2020021600100127,2020년 2월 16일 07시,일요일,서울특별시 성북구 하월곡동,중상사고,0,1,0,0,차대사람 - 횡단중,안전운전불이행,포장 - 젖음/습기,비,교차로 - 교차로부근,승용,남,62세,상해없음,보행자,여,77세,중상
20957,2020021600100159,2020년 2월 16일 10시,일요일,서울특별시 종로구 세종로,중상사고,0,1,0,0,차대사람 - 차도통행중,안전운전불이행,포장 - 젖음/습기,눈,단일로 - 기타,승용,남,29세,상해없음,보행자,여,70세,중상
20958,2020021600100194,2020년 2월 16일 12시,일요일,서울특별시 양천구 신정동,중상사고,0,1,0,0,차대사람 - 기타,보행자보호의무위반,포장 - 서리/결빙,눈,단일로 - 기타,사륜오토바이(ATV),남,34세,상해없음,보행자,남,60세,중상
20959,2020021600100250,2020년 2월 16일 14시,일요일,서울특별시 영등포구 신길동,경상사고,0,0,1,0,차대사람 - 횡단중,보행자보호의무위반,포장 - 건조,맑음,기타 - 기타,승합,남,48세,상해없음,보행자,남,58세,경상
20960,2020021600100271,2020년 2월 16일 15시,일요일,서울특별시 동대문구 장안동,중상사고,0,1,0,0,차대사람 - 횡단중,안전운전불이행,포장 - 젖음/습기,눈,단일로 - 기타,승용,남,42세,상해없음,보행자,여,11세,중상
20961,2020021600100274,2020년 2월 16일 15시,일요일,서울특별시 강동구 암사동,경상사고,0,0,1,0,차대사람 - 기타,안전운전불이행,포장 - 건조,맑음,단일로 - 기타,승용,남,39세,상해없음,보행자,남,30세,경상
20962,2020021600100297,2020년 2월 16일 16시,일요일,서울특별시 송파구 잠실동,경상사고,0,0,1,0,차대사람 - 차도통행중,안전운전불이행,포장 - 건조,맑음,단일로 - 기타,자전거,남,53세,상해없음,보행자,남,58세,경상
20963,2020021600100298,2020년 2월 16일 16시,일요일,서울특별시 성북구 석관동,중상사고,0,2,0,0,차대사람 - 횡단중,신호위반,포장 - 건조,맑음,단일로 - 기타,원동기,남,45세,중상,보행자,남,66세,중상
20964,2020021600100355,2020년 2월 16일 18시,일요일,서울특별시 영등포구 대림동,중상사고,0,1,1,0,차대사람 - 기타,안전운전불이행,포장 - 건조,맑음,단일로 - 기타,승용,남,52세,중상,보행자,남,55세,경상
20965,2020021600100361,2020년 2월 16일 18시,일요일,서울특별시 도봉구 방학동,중상사고,0,1,0,0,차대사람 - 횡단중,안전운전불이행,포장 - 젖음/습기,눈,교차로 - 교차로안,승용,여,36세,상해없음,보행자,남,15세,중상
20966,2020021600100391,2020년 2월 16일 19시,일요일,서울특별시 성북구 성북동,경상사고,0,0,1,0,차대사람 - 보도통행중,기타,포장 - 건조,맑음,기타 - 기타,승용,남,50세,상해없음,보행자,여,65세,경상
20967,2020021600100393,2020년 2월 16일 19시,일요일,서울특별시 강동구 천호동,경상사고,0,0,1,0,차대사람 - 횡단중,신호위반,포장 - 건조,맑음,교차로 - 교차로횡단보도내,이륜,남,57세,상해없음,보행자,여,23세,경상
20968,2020021600100417,2020년 2월 16일 20시,일요일,서울특별시 서대문구 홍은동,부상신고사고,0,0,0,1,차대사람 - 기타,기타,포장 - 건조,맑음,단일로 - 기타,기타불명,기타불명,미분류,기타불명,보행자,남,37세,부상신고
20969,2020021700100029,2020년 2월 17일 06시,월요일,서울특별시 동대문구 용두동,경상사고,0,0,1,0,차대사람 - 횡단중,신호위반,포장 - 젖음/습기,흐림,단일로 - 기타,원동기,남,52세,상해없음,보행자,여,39세,경상
20970,2020021700100117,2020년 2월 17일 09시,월요일,서울특별시 마포구 동교동,중상사고,0,1,0,0,차대사람 - 기타,안전운전불이행,포장 - 건조,맑음,단일로 - 기타,승합,남,37세,상해없음,보행자,여,64세,중상
20971,2020021700100122,2020년 2월 17일 09시,월요일,서울특별시 서초구 반포동,경상사고,0,0,1,0,차대사람 - 차도통행중,안전운전불이행,포장 - 젖음/습기,눈,교차로 - 교차로부근,승용,여,36세,상해없음,보행자,남,77세,경상
20972,2020021700100124,2020년 2월 17일 09시,월요일,서울특별시 강남구 대치동,부상신고사고,0,0,0,1,차대사람 - 기타,기타,포장 - 건조,맑음,단일로 - 기타,기타불명,기타불명,미분류,기타불명,보행자,남,69세,부상신고
20973,2020021700100256,2020년 2월 17일 13시,월요일,서울특별시 종로구 관수동,부상신고사고,0,0,0,1,차대사람 - 차도통행중,안전운전불이행,포장 - 건조,맑음,단일로 - 지하차도(도로)내,승용,남,29세,상해없음,보행자,남,85세,부상신고
20974,2020021700100264,2020년 2월 17일 13시,월요일,서울특별시 강남구 개포동,경상사고,0,0,1,0,차대사람 - 횡단중,신호위반,포장 - 건조,흐림,교차로 - 교차로안,화물,남,58세,상해없음,보행자,여,31세,경상
20975,2020021700100309,2020년 2월 17일 14시,월요일,서울특별시 성북구 석관동,경상사고,0,0,1,0,차대사람 - 횡단중,안전운전불이행,포장 - 건조,맑음,교차로 - 교차로부근,화물,남,61세,상해없음,보행자,남,53세,경상
20976,2020021700100313,2020년 2월 17일 14시,월요일,서울특별시 노원구 상계동,경상사고,0,0,1,0,차대사람 - 횡단중,보행자보호의무위반,포장 - 건조,맑음,교차로 - 교차로안,승용,여,64세,상해없음,보행자,남,78세,경상
20977,2020021700100351,2020년 2월 17일 15시,월요일,서울특별시 강동구 천호동,중상사고,0,1,0,0,차대사람 - 횡단중,보행자보호의무위반,포장 - 건조,맑음,교차로 - 교차로안,승용,남,45세,상해없음,보행자,여,57세,중상
20978,2020021700100391,2020년 2월 17일 16시,월요일,서울특별시 동대문구 휘경동,경상사고,0,0,1,0,차대사람 - 기타,보행자보호의무위반,포장 - 건조,맑음,기타 - 기타,승합,남,75세,상해없음,보행자,여,65세,경상
20979,2020021700100427,2020년 2월 17일 17시,월요일,서울특별시 서초구 잠원동,중상사고,0,1,0,0,차대사람 - 기타,보행자보호의무위반,포장 - 건조,맑음,단일로 - 기타,승용,여,41세,상해없음,보행자,여,63세,중상
20980,2020021700100462,2020년 2월 17일 18시,월요일,서울특별시 성동구 도선동,경상사고,0,0,1,0,차대사람 - 횡단중,신호위반,포장 - 건조,맑음,교차로 - 교차로횡단보도내,승용,여,49세,상해없음,보행자,여,24세,경상
20981,2020021700100463,2020년 2월 17일 18시,월요일,서울특별시 중랑구 상봉동,중상사고,0,1,0,0,차대사람 - 횡단중,신호위반,포장 - 젖음/습기,눈,교차로 - 교차로횡단보도내,승용,여,72세,상해없음,보행자,여,26세,중상
20982,2020021700100466,2020년 2월 17일 18시,월요일,서울특별시 노원구 상계동,경상사고,0,0,1,0,차대사람 - 보도통행중,기타,포장 - 건조,맑음,단일로 - 기타,자전거,여,34세,상해없음,보행자,남,65세,경상
20983,2020021700100469,2020년 2월 17일 18시,월요일,서울특별시 서초구 방배동,부상신고사고,0,0,0,1,차대사람 - 기타,안전운전불이행,포장 - 기타,기타,기타 - 기타,기타불명,기타불명,미분류,기타불명,보행자,남,55세,부상신고
20984,2020021700100515,2020년 2월 17일 19시,월요일,서울특별시 영등포구 여의도동,경상사고,0,0,1,0,차대사람 - 횡단중,신호위반,포장 - 건조,맑음,교차로 - 교차로안,승용,남,28세,상해없음,보행자,남,22세,경상
20985,2020021700100517,2020년 2월 17일 19시,월요일,서울특별시 강남구 청담동,중상사고,0,1,0,0,차대사람 - 길가장자리구역통행중,안전운전불이행,포장 - 건조,맑음,단일로 - 기타,승용,남,43세,상해없음,보행자,여,27세,중상
20986,2020021700100520,2020년 2월 17일 19시,월요일,서울특별시 송파구 방이동,경상사고,0,0,1,0,차대사람 - 길가장자리구역통행중,안전운전불이행,포장 - 건조,맑음,단일로 - 기타,승용,여,34세,상해없음,보행자,여,26세,경상
20987,2020021700100522,2020년 2월 17일 19시,월요일,서울특별시 서초구 내곡동,중상사고,0,1,0,0,차대사람 - 보도통행중,신호위반,포장 - 건조,흐림,단일로 - 기타,화물,남,71세,상해없음,보행자,여,34세,중상
20988,2020021700100566,2020년 2월 17일 20시,월요일,서울특별시 중구 남대문로4가,경상사고,0,0,1,0,차대사람 - 길가장자리구역통행중,안전운전불이행,포장 - 건조,흐림,단일로 - 지하차도(도로)내,승용,남,56세,상해없음,보행자,남,43세,경상
20989,2020021700100576,2020년 2월 17일 20시,월요일,서울특별시 구로구 항동,경상사고,0,0,1,0,차대사람 - 횡단중,안전운전불이행,포장 - 건조,맑음,교차로 - 교차로안,승용,남,38세,상해없음,보행자,남,61세,경상
20990,2020021700100577,2020년 2월 17일 20시,월요일,서울특별시 서초구 서초동,중상사고,0,1,0,0,차대사람 - 횡단중,안전운전불이행,포장 - 건조,흐림,단일로 - 기타,승용,남,48세,상해없음,보행자,여,57세,중상
20991,2020021700100651,2020년 2월 17일 22시,월요일,서울특별시 금천구 시흥동,중상사고,0,1,0,0,차대사람 - 기타,신호위반,포장 - 건조,맑음,교차로 - 교차로횡단보도내,승합,남,62세,상해없음,보행자,여,69세,중상
20992,2020021700100678,2020년 2월 17일 23시,월요일,서울특별시 영등포구 신길동,경상사고,0,0,1,0,차대사람 - 횡단중,안전운전불이행,포장 - 건조,맑음,단일로 - 기타,이륜,남,17세,상해없음,보행자,남,51세,경상
20993,2020021700100682,2020년 2월 17일 23시,월요일,서울특별시 송파구 삼전동,경상사고,0,0,1,0,차대사람 - 횡단중,신호위반,포장 - 건조,맑음,교차로 - 교차로횡단보도내,이륜,남,19세,상해없음,보행자,남,15세,경상
20994,2020021800100002,2020년 2월 18일 00시,화요일,서울특별시 강북구 미아동,경상사고,0,0,1,0,차대사람 - 횡단중,안전운전불이행,포장 - 건조,맑음,단일로 - 기타,승용,남,55세,상해없음,보행자,여,23세,경상
20995,2020021800100037,2020년 2월 18일 04시,화요일,서울특별시 강동구 길동,경상사고,0,0,1,0,차대사람 - 횡단중,안전운전불이행,포장 - 건조,맑음,단일로 - 기타,화물,남,54세,상해없음,보행자,남,21세,경상
20996,2020021800100041,2020년 2월 18일 05시,화요일,서울특별시 강동구 상일동,부상신고사고,0,0,0,1,차대사람 - 보도통행중,안전운전불이행,포장 - 건조,맑음,교차로 - 교차로횡단보도내,건설기계,남,60세,상해없음,보행자,여,32세,부상신고
20997,2020021800100052,2020년 2월 18일 06시,화요일,서울특별시 용산구 산천동,중상사고,0,1,0,0,차대사람 - 횡단중,안전운전불이행,포장 - 건조,맑음,단일로 - 기타,승용,남,50세,상해없음,보행자,여,52세,중상
20998,2020021800100055,2020년 2월 18일 06시,화요일,서울특별시 송파구 장지동,경상사고,0,0,1,0,차대사람 - 횡단중,신호위반,포장 - 건조,맑음,단일로 - 기타,승용,남,63세,상해없음,보행자,여,49세,경상
20999,2020021800100082,2020년 2월 18일 07시,화요일,서울특별시 강서구 화곡동,중상사고,0,1,0,0,차대사람 - 기타,안전운전불이행,포장 - 건조,맑음,교차로 - 교차로안,화물,남,61세,상해없음,보행자,여,46세,중상
21000,2020021800100102,2020년 2월 18일 08시,화요일,서울특별시 금천구 가산동,경상사고,0,0,1,0,차대사람 - 기타,안전운전불이행,포장 - 건조,맑음,단일로 - 기타,승용,여,29세,상해없음,보행자,남,22세,경상
21001,2020021800100142,2020년 2월 18일 09시,화요일,서울특별시 서초구 서초동,부상신고사고,0,0,0,1,차대사람 - 보도통행중,안전운전불이행,포장 - 건조,맑음,기타 - 기타,승용,여,63세,상해없음,보행자,남,31세,부상신고