,사고번호,사고일시,요일,시군구,사고내용,사망자수,중상자수,경상자수,부상신고자수,사고유형,법규위반,노면상태,기상상태,도로형태,가해운전자 차종,가해운전자 성별,가해운전자 연령,가해운전자 상해정도,피해운전자 차종,피해운전자 성별,피해운전자 연령,피해운전자 상해정도
21228,2020022700100396,2020년 2월 27일 21시,목요일,서울특별시 중구 저동1가,경상사고,0,0,1,0,차대사람 - 기타,안전운전불이행,포장 - 건조,흐림,단일로 - 기타,승합,남,53세,상해없음,보행자,남,56세,경상
21229,2020022700100400,2020년 2월 27일 21시,목요일,서울특별시 도봉구 도봉동,경상사고,0,0,1,0,차대사람 - 보도통행중,기타,포장 - 건조,맑음,교차로 - 교차로안,화물,남,59세,상해없음,보행자,여,8세,경상
21230,2020022700100413,2020년 2월 27일 22시,목요일,서울특별시 구로구 고척동,중상사고,0,1,0,0,차대사람 - 기타,안전운전불이행,포장 - 건조,맑음,단일로 - 기타,승용,남,56세,상해없음,보행자,여,54세,중상
21231,2020022800100029,2020년 2월 28일 04시,금요일,서울특별시 강북구 미아동,경상사고,0,0,1,0,차대사람 - 기타,안전운전불이행,포장 - 건조,맑음,단일로 - 기타,승용,남,57세,상해없음,보행자,남,48세,경상
21232,2020022800100031,2020년 2월 28일 04시,금요일,서울특별시 강남구 논현동,중상사고,0,1,0,0,차대사람 - 기타,신호위반,포장 - 건조,흐림,기타 - 기타,승용,남,30세,상해없음,보행자,여,20세,중상
21233,2020022800100042,2020년 2월 28일 06시,금요일,서울특별시 강남구 논현동,부상신고사고,0,0,0,1,차대사람 - 기타,안전운전불이행,포장 - 건조,기타,단일로 - 기타,이륜,남,28세,상해없음,보행자,여,23세,부상신고
21234,2020022800100051,2020년 2월 28일 07시,금요일,서울특별시 마포구 도화동,중상사고,0,1,0,0,차대사람 - 횡단중,보행자보호의무위반,포장 - 건조,흐림,교차로 - 교차로안,승용,여,43세,상해없음,보행자,여,62세,중상
21235,2020022800100064,2020년 2월 28일 08시,금요일,서울특별시 종로구 명륜2가,중상사고,0,1,0,0,차대사람 - 횡단중,보행자보호의무위반,포장 - 건조,맑음,단일로 - 기타,승용,남,65세,상해없음,보행자,남,80세,중상
21236,2020022800100108,2020년 2월 28일 10시,금요일,서울특별시 영등포구 당산동3가,경상사고,0,0,1,0,차대사람 - 기타,보행자보호의무위반,포장 - 젖음/습기,비,단일로 - 기타,승용,남,57세,상해없음,보행자,여,18세,경상
21237,2020022800100127,2020년 2월 28일 11시,금요일,서울특별시 관악구 신림동,중상사고,0,1,0,0,차대사람 - 횡단중,안전운전불이행,포장 - 건조,맑음,단일로 - 기타,건설기계,남,57세,상해없음,보행자,남,85세,중상
21238,2020022800100167,2020년 2월 28일 13시,금요일,서울특별시 강북구 미아동,경상사고,0,0,1,0,차대사람 - 길가장자리구역통행중,안전운전불이행,포장 - 젖음/습기,비,단일로 - 기타,승용,남,35세,상해없음,보행자,여,32세,경상
21239,2020022800100168,2020년 2월 28일 13시,금요일,서울특별시 마포구 상암동,사망사고,1,0,0,0,차대사람 - 횡단중,안전운전불이행,포장 - 젖음/습기,비,교차로 - 교차로안,승합,여,49세,상해없음,보행자,여,46세,사망
21240,2020022800100169,2020년 2월 28일 13시,금요일,서울특별시 강남구 역삼동,경상사고,0,0,1,0,차대사람 - 기타,안전운전불이행,포장 - 기타,맑음,단일로 - 기타,승용,남,38세,상해없음,보행자,여,21세,경상
21241,2020022800100170,2020년 2월 28일 13시,금요일,서울특별시 송파구 문정동,경상사고,0,0,1,0,차대사람 - 차도통행중,신호위반,포장 - 젖음/습기,비,교차로 - 교차로안,승용,여,45세,기타불명,보행자,여,13세,경상
21242,2020022800100196,2020년 2월 28일 14시,금요일,서울특별시 동작구 노량진동,경상사고,0,0,1,0,차대사람 - 횡단중,보행자보호의무위반,포장 - 젖음/습기,비,교차로 - 교차로부근,승용,남,60세,기타불명,보행자,여,22세,경상
21243,2020022800100216,2020년 2월 28일 15시,금요일,서울특별시 서대문구 홍제동,중상사고,0,1,0,0,차대사람 - 차도통행중,안전운전불이행,포장 - 건조,맑음,단일로 - 기타,승용,여,31세,상해없음,보행자,여,77세,중상
21244,2020022800100218,2020년 2월 28일 15시,금요일,서울특별시 강동구 길동,경상사고,0,0,1,0,차대사람 - 길가장자리구역통행중,안전운전불이행,포장 - 젖음/습기,비,교차로 - 교차로부근,승용,여,65세,상해없음,보행자,여,35세,경상
21245,2020022800100219,2020년 2월 28일 15시,금요일,서울특별시 강동구 길동,경상사고,0,0,1,0,차대사람 - 기타,안전운전불이행,포장 - 건조,맑음,단일로 - 기타,승합,남,35세,상해없음,보행자,남,74세,경상
21246,2020022800100264,2020년 2월 28일 17시,금요일,서울특별시 강북구 미아동,경상사고,0,0,1,0,차대사람 - 횡단중,안전운전불이행,포장 - 건조,흐림,교차로 - 교차로횡단보도내,승합,남,62세,상해없음,보행자,남,22세,경상
21247,2020022800100327,2020년 2월 28일 19시,금요일,서울특별시 서대문구 홍은동,경상사고,0,0,1,0,차대사람 - 횡단중,보행자보호의무위반,포장 - 건조,맑음,교차로 - 교차로횡단보도내,승용,여,56세,기타불명,보행자,남,41세,경상
21248,2020022800100332,2020년 2월 28일 19시,금요일,서울특별시 강남구 압구정동,중상사고,0,1,0,0,차대사람 - 횡단중,보행자보호의무위반,포장 - 건조,맑음,교차로 - 교차로안,승용,남,58세,상해없음,보행자,여,65세,중상
21249,2020022800100336,2020년 2월 28일 19시,금요일,서울특별시 강남구 개포동,중상사고,0,1,0,0,차대사람 - 기타,보행자보호의무위반,포장 - 젖음/습기,비,교차로 - 교차로횡단보도내,승용,남,63세,상해없음,보행자,남,64세,중상
21250,2020022800100377,2020년 2월 28일 20시,금요일,서울특별시 마포구 용강동,경상사고,0,0,1,0,차대사람 - 횡단중,안전운전불이행,포장 - 젖음/습기,비,교차로 - 교차로안,승용,남,52세,상해없음,보행자,남,44세,경상
21251,2020022800100380,2020년 2월 28일 20시,금요일,서울특별시 강남구 삼성동,경상사고,0,0,1,0,차대사람 - 횡단중,안전운전불이행,포장 - 건조,맑음,교차로 - 교차로안,승용,남,49세,상해없음,보행자,남,43세,경상
21252,2020022800100409,2020년 2월 28일 21시,금요일,서울특별시 강서구 마곡동,중상사고,0,1,0,0,차대사람 - 횡단중,신호위반,포장 - 젖음/습기,비,단일로 - 기타,이륜,남,19세,상해없음,보행자,여,30세,중상
21253,2020022800100410,2020년 2월 28일 21시,금요일,서울특별시 양천구 신월동,경상사고,0,0,1,0,차대사람 - 횡단중,보행자보호의무위반,포장 - 젖음/습기,비,교차로 - 교차로안,승용,남,31세,기타불명,보행자,남,47세,경상
21254,2020022800100430,2020년 2월 28일 22시,금요일,서울특별시 도봉구 쌍문동,경상사고,0,0,1,0,차대사람 - 횡단중,보행자보호의무위반,포장 - 건조,맑음,교차로 - 교차로부근,이륜,남,19세,상해없음,보행자,여,33세,경상
21255,2020022800100452,2020년 2월 28일 23시,금요일,서울특별시 중구 신당동,중상사고,0,1,0,0,차대사람 - 기타,안전운전불이행,포장 - 건조,맑음,단일로 - 기타,승용,남,47세,상해없음,보행자,남,27세,중상
21256,2020022800100453,2020년 2월 28일 23시,금요일,서울특별시 은평구 증산동,경상사고,0,0,1,0,차대사람 - 횡단중,안전운전불이행,포장 - 젖음/습기,비,교차로 - 교차로횡단보도내,승용,남,53세,상해없음,보행자,남,52세,경상
21257,2020022800100454,2020년 2월 28일 23시,금요일,서울특별시 관악구 신림동,사망사고,1,1,0,0,차대사람 - 횡단중,안전운전불이행,포장 - 젖음/습기,비,단일로 - 기타,승용,여,33세,상해없음,보행자,여,65세,사망
21258,2020022900100001,2020년 2월 29일 00시,토요일,서울특별시 서대문구 홍제동,경상사고,0,0,1,0,차대사람 - 횡단중,안전운전불이행,포장 - 젖음/습기,비,교차로 - 교차로횡단보도내,승용,남,64세,상해없음,보행자,여,25세,경상
21259,2020022900100056,2020년 2월 29일 04시,토요일,서울특별시 광진구 중곡동,중상사고,0,1,0,0,차대사람 - 기타,신호위반,포장 - 젖음/습기,비,기타 - 기타,승용,남,40세,상해없음,보행자,남,68세,중상
21260,2020022900100064,2020년 2월 29일 05시,토요일,서울특별시 금천구 독산동,경상사고,0,0,1,0,차대사람 - 횡단중,보행자보호의무위반,포장 - 건조,맑음,교차로 - 교차로안,승용,남,64세,기타불명,보행자,남,59세,경상
21261,2020022900100070,2020년 2월 29일 06시,토요일,서울특별시 서대문구 홍은동,중상사고,0,1,0,0,차대사람 - 차도통행중,안전운전불이행,포장 - 건조,맑음,단일로 - 기타,승용,여,53세,상해없음,보행자,여,87세,중상
21262,2020022900100087,2020년 2월 29일 08시,토요일,서울특별시 관악구 봉천동,중상사고,0,1,0,0,차대사람 - 차도통행중,안전운전불이행,포장 - 건조,기타,단일로 - 기타,화물,남,44세,상해없음,보행자,여,44세,중상
21263,2020022900100109,2020년 2월 29일 10시,토요일,서울특별시 중구 신당동,경상사고,0,0,1,0,차대사람 - 횡단중,안전운전불이행,포장 - 건조,맑음,단일로 - 기타,승용,남,21세,상해없음,보행자,여,27세,경상
21264,2020022900100147,2020년 2월 29일 12시,토요일,서울특별시 관악구 신림동,중상사고,0,1,0,0,차대사람 - 기타,안전운전불이행,포장 - 건조,맑음,단일로 - 기타,화물,남,69세,상해없음,보행자,여,61세,중상
21265,2020022900100149,2020년 2월 29일 12시,토요일,서울특별시 강동구 성내동,중상사고,0,1,0,0,차대사람 - 횡단중,보행자보호의무위반,포장 - 건조,맑음,교차로 - 교차로부근,기타불명,기타불명,미분류,기타불명,보행자,남,54세,중상
21266,2020022900100171,2020년 2월 29일 13시,토요일,서울특별시 성동구 홍익동,경상사고,0,0,1,0,차대사람 - 기타,안전운전불이행,포장 - 건조,맑음,단일로 - 기타,이륜,남,49세,상해없음,보행자,여,63세,경상
21267,2020022900100192,2020년 2월 29일 14시,토요일,서울특별시 관악구 신림동,경상사고,0,0,1,0,차대사람 - 길가장자리구역통행중,안전운전불이행,포장 - 건조,맑음,단일로 - 기타,승용,남,50세,상해없음,보행자,남,64세,경상
21268,2020022900100193,2020년 2월 29일 14시,토요일,서울특별시 강동구 암사동,중상사고,0,1,0,0,차대사람 - 횡단중,안전운전불이행,포장 - 건조,맑음,교차로 - 교차로안,승용,남,35세,상해없음,보행자,여,93세,중상
21269,2020022900100242,2020년 2월 29일 16시,토요일,서울특별시 강북구 미아동,경상사고,0,0,1,0,차대사람 - 기타,안전운전불이행,포장 - 건조,맑음,단일로 - 기타,승용,여,38세,상해없음,보행자,남,66세,경상
21270,2020022900100243,2020년 2월 29일 16시,토요일,서울특별시 동대문구 제기동,경상사고,0,0,1,0,차대사람 - 횡단중,보행자보호의무위반,포장 - 건조,맑음,단일로 - 기타,승용,남,28세,상해없음,보행자,남,77세,경상
21271,2020022900100287,2020년 2월 29일 18시,토요일,서울특별시 마포구 대흥동,중상사고,0,1,0,0,차대사람 - 횡단중,신호위반,포장 - 건조,맑음,교차로 - 교차로부근,승용,남,79세,상해없음,보행자,여,78세,중상
21272,2020022900100336,2020년 2월 29일 20시,토요일,서울특별시 도봉구 방학동,중상사고,0,1,0,0,차대사람 - 횡단중,안전운전불이행,포장 - 건조,맑음,교차로 - 교차로안,승용,남,56세,상해없음,보행자,여,46세,중상
21273,2020022900100338,2020년 2월 29일 20시,토요일,서울특별시 서초구 방배동,경상사고,0,0,1,0,차대사람 - 보도통행중,안전운전불이행,포장 - 건조,맑음,단일로 - 기타,승용,남,55세,상해없음,보행자,남,52세,경상
21274,2020022900100372,2020년 2월 29일 22시,토요일,서울특별시 서대문구 홍은동,경상사고,0,0,1,0,차대사람 - 길가장자리구역통행중,안전운전불이행,포장 - 건조,맑음,단일로 - 기타,화물,남,47세,상해없음,보행자,남,29세,경상
21275,2020022900100395,2020년 2월 29일 23시,토요일,서울특별시 마포구 연남동,경상사고,0,0,1,0,차대사람 - 기타,보행자보호의무위반,포장 - 건조,맑음,단일로 - 기타,승용,남,28세,상해없음,보행자,남,23세,경상
21276,2020022900100397,2020년 2월 29일 23시,토요일,서울특별시 은평구 역촌동,중상사고,0,1,1,0,차대사람 - 횡단중,안전운전불이행,포장 - 건조,맑음,교차로 - 교차로안,이륜,남,18세,경상,보행자,남,43세,중상
21277,2020022900100398,2020년 2월 29일 23시,토요일,서울특별시 은평구 대조동,중상사고,0,1,0,0,차대사람 - 기타,안전운전불이행,포장 - 건조,맑음,교차로 - 교차로횡단보도내,승용,남,34세,상해없음,보행자,남,64세,중상
21278,2020030100100002,2020년 3월 1일 00시,일요일,서울특별시 강동구 암사동,경상사고,0,0,1,0,차대사람 - 차도통행중,안전운전불이행,포장 - 건조,맑음,단일로 - 기타,승합,남,46세,상해없음,보행자,남,41세,경상
21279,2020030100100032,2020년 3월 1일 03시,일요일,서울특별시 강서구 가양동,경상사고,0,0,1,0,차대사람 - 기타,기타,포장 - 건조,맑음,교차로 - 교차로횡단보도내,승용,남,65세,상해없음,보행자,남,69세,경상
21280,2020030100100033,2020년 3월 1일 03시,일요일,서울특별시 강남구 역삼동,중상사고,0,1,0,0,차대사람 - 기타,안전운전불이행,포장 - 건조,맑음,단일로 - 기타,승용,남,62세,상해없음,보행자,남,28세,중상
21281,2020030100100105,2020년 3월 1일 13시,일요일,서울특별시 중구 남대문로4가,중상사고,0,1,0,0,차대사람 - 보도통행중,보행자보호의무위반,포장 - 건조,흐림,단일로 - 기타,승용,남,37세,상해없음,보행자,남,82세,중상
21282,2020030100100127,2020년 3월 1일 14시,일요일,서울특별시 서초구 서초동,경상사고,0,0,1,0,차대사람 - 기타,안전운전불이행,포장 - 건조,맑음,단일로 - 기타,승용,남,38세,상해없음,보행자,여,29세,경상
21283,2020030100100161,2020년 3월 1일 16시,일요일,서울특별시 종로구 숭인동,경상사고,0,0,1,0,차대사람 - 길가장자리구역통행중,안전운전불이행,포장 - 건조,맑음,단일로 - 기타,승용,남,24세,상해없음,보행자,남,48세,경상
21284,2020030100100268,2020년 3월 1일 22시,일요일,서울특별시 마포구 상암동,중상사고,0,1,0,0,차대사람 - 횡단중,보행자보호의무위반,포장 - 젖음/습기,비,교차로 - 교차로횡단보도내,승합,남,66세,상해없음,보행자,남,35세,중상
21285,2020030200100023,2020년 3월 2일 04시,월요일,서울특별시 성북구 하월곡동,중상사고,0,1,0,0,차대사람 - 기타,안전운전불이행,포장 - 건조,흐림,단일로 - 기타,승용,남,63세,상해없음,보행자,여,66세,중상
21286,2020030200100093,2020년 3월 2일 09시,월요일,서울특별시 서초구 잠원동,경상사고,0,0,1,0,차대사람 - 길가장자리구역통행중,안전운전불이행,포장 - 건조,맑음,단일로 - 기타,승용,남,52세,상해없음,보행자,남,33세,경상
21287,2020030200100142,2020년 3월 2일 11시,월요일,서울특별시 중구 신당동,부상신고사고,0,0,0,1,차대사람 - 기타,안전운전불이행,포장 - 건조,맑음,교차로 - 교차로횡단보도내,승합,남,56세,상해없음,보행자,남,73세,부상신고
21288,2020030200100145,2020년 3월 2일 11시,월요일,서울특별시 양천구 신월동,중상사고,0,1,0,0,차대사람 - 기타,안전운전불이행,포장 - 건조,맑음,교차로 - 교차로부근,승용,남,74세,상해없음,보행자,여,74세,중상
21289,2020030200100197,2020년 3월 2일 13시,월요일,서울특별시 강북구 미아동,경상사고,0,0,1,0,차대사람 - 기타,안전운전불이행,포장 - 건조,맑음,단일로 - 기타,승용,여,47세,상해없음,보행자,여,51세,경상
21290,2020030200100199,2020년 3월 2일 13시,월요일,서울특별시 영등포구 영등포동2가,경상사고,0,0,1,0,차대사람 - 길가장자리구역통행중,안전운전불이행,포장 - 건조,맑음,단일로 - 기타,승용,남,73세,기타불명,보행자,남,56세,경상
21291,2020030200100200,2020년 3월 2일 13시,월요일,서울특별시 강남구 논현동,경상사고,0,0,1,0,차대사람 - 보도통행중,안전운전불이행,포장 - 건조,맑음,기타 - 기타,승용,남,25세,상해없음,보행자,여,70세,경상
21292,2020030200100270,2020년 3월 2일 16시,월요일,서울특별시 중구 장충동2가,부상신고사고,0,0,0,1,차대사람 - 차도통행중,안전운전불이행,포장 - 건조,맑음,교차로 - 교차로부근,승용,남,28세,상해없음,보행자,남,55세,부상신고
21293,2020030200100298,2020년 3월 2일 17시,월요일,서울특별시 마포구 성산동,경상사고,0,0,1,0,차대사람 - 횡단중,보행자보호의무위반,포장 - 건조,맑음,교차로 - 교차로횡단보도내,승용,남,84세,상해없음,보행자,남,9세,경상
21294,2020030200100301,2020년 3월 2일 17시,월요일,서울특별시 양천구 신월동,경상사고,0,0,1,0,차대사람 - 보도통행중,기타,포장 - 건조,맑음,단일로 - 기타,승용,남,48세,상해없음,보행자,남,64세,경상
21295,2020030200100331,2020년 3월 2일 18시,월요일,서울특별시 강남구 삼성동,중상사고,0,1,0,0,차대사람 - 기타,안전운전불이행,포장 - 건조,맑음,단일로 - 기타,승용,남,37세,상해없음,보행자,여,56세,중상
21296,2020030200100332,2020년 3월 2일 18시,월요일,서울특별시 강동구 천호동,경상사고,0,0,1,0,차대사람 - 길가장자리구역통행중,안전운전불이행,포장 - 건조,맑음,단일로 - 기타,승용,남,66세,상해없음,보행자,여,59세,경상
21297,2020030200100359,2020년 3월 2일 19시,월요일,서울특별시 영등포구 당산동3가,중상사고,0,1,0,0,차대사람 - 횡단중,안전운전불이행,포장 - 건조,맑음,단일로 - 기타,화물,남,50세,기타불명,보행자,여,67세,중상
21298,2020030200100360,2020년 3월 2일 19시,월요일,서울특별시 성동구 성수동2가,중상사고,0,1,0,0,차대사람 - 횡단중,안전운전불이행,포장 - 건조,맑음,교차로 - 교차로부근,승용,남,47세,상해없음,보행자,여,63세,중상
21299,2020030200100361,2020년 3월 2일 19시,월요일,서울특별시 성동구 성수동2가,중상사고,0,1,0,0,차대사람 - 보도통행중,기타,포장 - 건조,맑음,기타 - 기타,승용,남,33세,상해없음,보행자,남,48세,중상
21300,2020030200100390,2020년 3월 2일 20시,월요일,서울특별시 송파구 신천동,중상사고,0,1,0,0,차대사람 - 횡단중,신호위반,포장 - 건조,맑음,교차로 - 교차로횡단보도내,승용,남,47세,상해없음,보행자,여,65세,중상
21301,2020030200100446,2020년 3월 2일 23시,월요일,서울특별시 동대문구 용두동,중상사고,0,1,0,0,차대사람 - 횡단중,안전운전불이행,포장 - 건조,맑음,교차로 - 교차로안,승용,남,30세,상해없음,보행자,남,69세,중상
21302,2020030200100447,2020년 3월 2일 23시,월요일,서울특별시 중랑구 면목동,경상사고,0,0,1,0,차대사람 - 기타,신호위반,포장 - 건조,맑음,교차로 - 교차로안,승용,여,52세,상해없음,보행자,남,52세,경상
21303,2020030300100026,2020년 3월 3일 03시,화요일,서울특별시 중랑구 면목동,중상사고,0,1,0,0,차대사람 - 기타,안전운전불이행,포장 - 건조,맑음,단일로 - 기타,승용,남,55세,상해없음,보행자,남,43세,중상
21304,2020030300100059,2020년 3월 3일 07시,화요일,서울특별시 강북구 번동,경상사고,0,0,1,0,차대사람 - 횡단중,보행자보호의무위반,포장 - 건조,맑음,교차로 - 교차로횡단보도내,승용,남,43세,상해없음,보행자,남,64세,경상
21305,2020030300100072,2020년 3월 3일 08시,화요일,서울특별시 동대문구 제기동,중상사고,0,1,0,0,차대사람 - 기타,안전운전불이행,포장 - 건조,맑음,교차로 - 교차로부근,화물,남,64세,상해없음,보행자,남,74세,중상
21306,2020030300100073,2020년 3월 3일 08시,화요일,서울특별시 마포구 창전동,중상사고,0,1,0,0,차대사람 - 횡단중,신호위반,포장 - 건조,맑음,교차로 - 교차로부근,승용,여,31세,상해없음,보행자,여,58세,중상
21307,2020030300100119,2020년 3월 3일 10시,화요일,서울특별시 용산구 신창동,중상사고,0,1,0,0,차대사람 - 횡단중,안전운전불이행,포장 - 건조,맑음,단일로 - 기타,승용,여,49세,상해없음,보행자,여,67세,중상
21308,2020030300100165,2020년 3월 3일 12시,화요일,서울특별시 강남구 역삼동,경상사고,0,0,1,0,차대사람 - 길가장자리구역통행중,안전운전불이행,포장 - 건조,맑음,단일로 - 기타,승용,남,53세,상해없음,보행자,남,34세,경상
21309,2020030300100204,2020년 3월 3일 14시,화요일,서울특별시 강북구 수유동,중상사고,0,1,0,0,차대사람 - 차도통행중,안전운전불이행,포장 - 건조,맑음,단일로 - 기타,승용,남,39세,상해없음,보행자,남,60세,중상
21310,2020030300100224,2020년 3월 3일 15시,화요일,서울특별시 강서구 화곡동,경상사고,0,0,1,0,차대사람 - 기타,안전운전불이행,포장 - 건조,맑음,단일로 - 기타,승용,남,49세,상해없음,보행자,남,85세,경상
21311,2020030300100259,2020년 3월 3일 17시,화요일,서울특별시 도봉구 창동,경상사고,0,0,1,0,차대사람 - 횡단중,안전운전불이행,포장 - 건조,맑음,교차로 - 교차로안,승용,남,62세,상해없음,보행자,여,13세,경상
21312,2020030300100277,2020년 3월 3일 18시,화요일,서울특별시 종로구 종로5가,경상사고,0,0,1,0,차대사람 - 기타,기타,포장 - 건조,맑음,단일로 - 기타,승용,남,48세,상해없음,보행자,남,27세,경상
21313,2020030300100337,2020년 3월 3일 20시,화요일,서울특별시 동작구 노량진동,경상사고,0,0,1,0,차대사람 - 횡단중,안전운전불이행,포장 - 건조,맑음,교차로 - 교차로부근,승용,남,54세,상해없음,보행자,남,29세,경상
21314,2020030300100338,2020년 3월 3일 20시,화요일,서울특별시 양천구 신월동,경상사고,0,0,1,0,차대사람 - 횡단중,보행자보호의무위반,포장 - 건조,맑음,교차로 - 교차로횡단보도내,화물,남,60세,상해없음,보행자,여,84세,경상
21315,2020030300100339,2020년 3월 3일 20시,화요일,서울특별시 도봉구 방학동,경상사고,0,0,1,0,차대사람 - 기타,중앙선침범,포장 - 건조,맑음,단일로 - 기타,승용,남,36세,상해없음,보행자,여,44세,경상
21316,2020030300100380,2020년 3월 3일 22시,화요일,서울특별시 영등포구 문래동6가,경상사고,0,0,1,0,차대사람 - 횡단중,보행자보호의무위반,포장 - 건조,맑음,교차로 - 교차로횡단보도내,승용,남,59세,상해없음,보행자,여,26세,경상
21317,2020030400100057,2020년 3월 4일 08시,수요일,서울특별시 영등포구 영등포동,경상사고,0,0,1,0,차대사람 - 횡단중,신호위반,포장 - 건조,맑음,단일로 - 기타,승용,남,48세,상해없음,보행자,남,40세,경상
21318,2020030400100058,2020년 3월 4일 08시,수요일,서울특별시 성동구 성수동2가,경상사고,0,0,1,0,차대사람 - 보도통행중,기타,포장 - 건조,맑음,단일로 - 기타,자전거,기타불명,미분류,기타불명,보행자,여,23세,경상
21319,2020030400100090,2020년 3월 4일 10시,수요일,서울특별시 서초구 잠원동,경상사고,0,0,1,0,차대사람 - 기타,안전운전불이행,포장 - 건조,맑음,단일로 - 기타,화물,남,45세,상해없음,보행자,남,26세,경상
21320,2020030400100105,2020년 3월 4일 11시,수요일,서울특별시 영등포구 영등포동3가,경상사고,0,0,1,0,차대사람 - 횡단중,안전운전불이행,포장 - 건조,맑음,교차로 - 교차로안,승용,여,28세,상해없음,보행자,여,86세,경상
21321,2020030400100106,2020년 3월 4일 11시,수요일,서울특별시 강남구 논현동,경상사고,0,0,1,0,차대사람 - 길가장자리구역통행중,안전운전불이행,포장 - 건조,맑음,교차로 - 교차로부근,승용,여,31세,상해없음,보행자,남,53세,경상
21322,2020030400100190,2020년 3월 4일 14시,수요일,서울특별시 중랑구 망우동,경상사고,0,0,1,0,차대사람 - 기타,안전운전불이행,포장 - 건조,맑음,단일로 - 기타,승합,남,48세,상해없음,보행자,여,56세,경상
21323,2020030400100191,2020년 3월 4일 14시,수요일,서울특별시 강남구 논현동,경상사고,0,0,1,0,차대사람 - 길가장자리구역통행중,안전운전불이행,포장 - 건조,맑음,교차로 - 교차로안,이륜,남,54세,상해없음,보행자,여,23세,경상
21324,2020030400100192,2020년 3월 4일 14시,수요일,서울특별시 노원구 월계동,경상사고,0,0,1,0,차대사람 - 기타,안전운전불이행,포장 - 건조,맑음,교차로 - 교차로안,자전거,남,48세,상해없음,보행자,여,73세,경상
21325,2020030400100210,2020년 3월 4일 15시,수요일,서울특별시 도봉구 창동,경상사고,0,0,1,0,차대사람 - 횡단중,안전운전불이행,포장 - 젖음/습기,흐림,단일로 - 기타,승용,여,47세,상해없음,보행자,남,23세,경상
21326,2020030400100227,2020년 3월 4일 16시,수요일,서울특별시 강동구 천호동,경상사고,0,0,1,0,차대사람 - 횡단중,안전운전불이행,포장 - 건조,맑음,단일로 - 기타,승용,여,54세,상해없음,보행자,여,79세,경상
21327,2020030400100258,2020년 3월 4일 17시,수요일,서울특별시 중랑구 묵동,중상사고,0,1,0,0,차대사람 - 횡단중,신호위반,포장 - 건조,맑음,단일로 - 기타,화물,여,66세,상해없음,보행자,남,19세,중상
21328,2020030400100320,2020년 3월 4일 19시,수요일,서울특별시 강서구 개화동,중상사고,0,1,0,0,차대사람 - 보도통행중,보행자보호의무위반,포장 - 건조,맑음,단일로 - 기타,승용,남,71세,상해없음,보행자,남,29세,중상
21329,2020030400100356,2020년 3월 4일 20시,수요일,서울특별시 강남구 청담동,중상사고,0,1,0,0,차대사람 - 기타,기타,포장 - 건조,기타,기타 - 기타,승용,여,42세,상해없음,보행자,남,29세,중상
21330,2020030400100384,2020년 3월 4일 21시,수요일,서울특별시 양천구 신정동,중상사고,0,1,0,0,차대사람 - 횡단중,보행자보호의무위반,포장 - 건조,맑음,교차로 - 교차로안,승용,여,41세,상해없음,보행자,여,59세,중상
21331,2020030400100410,2020년 3월 4일 22시,수요일,서울특별시 성동구 용답동,경상사고,0,0,1,0,차대사람 - 횡단중,보행자보호의무위반,포장 - 건조,맑음,교차로 - 교차로횡단보도내,승용,남,62세,상해없음,보행자,여,19세,경상
21332,2020030400100412,2020년 3월 4일 22시,수요일,서울특별시 서초구 양재동,중상사고,0,1,0,0,차대사람 - 횡단중,안전운전불이행,포장 - 건조,맑음,교차로 - 교차로안,승용,여,30세,상해없음,보행자,여,56세,중상
21333,2020030500100003,2020년 3월 5일 00시,목요일,서울특별시 은평구 녹번동,경상사고,0,0,1,0,차대사람 - 횡단중,안전운전불이행,포장 - 건조,맑음,교차로 - 교차로횡단보도내,기타불명,기타불명,미분류,기타불명,보행자,남,49세,경상
21334,2020030500100011,2020년 3월 5일 01시,목요일,서울특별시 구로구 개봉동,경상사고,0,0,1,0,차대사람 - 차도통행중,직진우회전진행방해,포장 - 건조,맑음,교차로 - 교차로안,승용,남,35세,상해없음,보행자,남,30세,경상
21335,2020030500100083,2020년 3월 5일 08시,목요일,서울특별시 중랑구 면목동,경상사고,0,0,1,0,차대사람 - 기타,안전운전불이행,포장 - 건조,맑음,단일로 - 기타,자전거,여,30세,상해없음,보행자,여,53세,경상
21336,2020030500100086,2020년 3월 5일 08시,목요일,서울특별시 송파구 잠실동,경상사고,0,0,1,0,차대사람 - 기타,안전운전불이행,포장 - 건조,맑음,기타 - 기타,승용,남,60세,상해없음,보행자,남,59세,경상
21337,2020030500100120,2020년 3월 5일 09시,목요일,서울특별시 동작구 사당동,중상사고,0,1,0,0,차대사람 - 기타,안전운전불이행,포장 - 건조,맑음,교차로 - 교차로안,승용,여,47세,상해없음,보행자,여,68세,중상
21338,2020030500100137,2020년 3월 5일 10시,목요일,서울특별시 마포구 동교동,중상사고,0,1,0,0,차대사람 - 횡단중,보행자보호의무위반,포장 - 건조,맑음,교차로 - 교차로안,건설기계,남,46세,상해없음,보행자,여,25세,중상
21339,2020030500100138,2020년 3월 5일 10시,목요일,서울특별시 서초구 양재동,경상사고,0,0,1,0,차대사람 - 기타,보행자보호의무위반,포장 - 건조,맑음,단일로 - 기타,승용,남,67세,상해없음,보행자,남,43세,경상
21340,2020030500100228,2020년 3월 5일 14시,목요일,서울특별시 중구 신당동,중상사고,0,1,0,0,차대사람 - 기타,안전운전불이행,포장 - 건조,맑음,단일로 - 기타,화물,남,68세,상해없음,보행자,남,21세,중상