,사고번호,사고일시,요일,시군구,사고내용,사망자수,중상자수,경상자수,부상신고자수,사고유형,법규위반,노면상태,기상상태,도로형태,가해운전자 차종,가해운전자 성별,가해운전자 연령,가해운전자 상해정도,피해운전자 차종,피해운전자 성별,피해운전자 연령,피해운전자 상해정도
21341,2020030500100258,2020년 3월 5일 15시,목요일,서울특별시 영등포구 양평동,중상사고,0,1,1,0,차대사람 - 기타,안전운전불이행,포장 - 건조,맑음,단일로 - 기타,자전거,남,15세,경상,보행자,여,64세,중상
21342,2020030500100280,2020년 3월 5일 16시,목요일,서울특별시 종로구 견지동,경상사고,0,0,1,0,차대사람 - 기타,안전운전불이행,포장 - 건조,맑음,기타 - 기타,승용,남,31세,상해없음,보행자,남,62세,경상
21343,2020030500100296,2020년 3월 5일 17시,목요일,서울특별시 종로구 숭인동,중상사고,0,2,0,0,차대사람 - 길가장자리구역통행중,안전운전불이행,포장 - 건조,맑음,단일로 - 기타,승용,여,48세,상해없음,보행자,남,79세,중상
21344,2020030500100338,2020년 3월 5일 18시,목요일,서울특별시 구로구 구로동,경상사고,0,0,1,0,차대사람 - 횡단중,보행자보호의무위반,포장 - 건조,맑음,교차로 - 교차로횡단보도내,이륜,남,27세,상해없음,보행자,여,31세,경상
21345,2020030500100438,2020년 3월 5일 21시,목요일,서울특별시 광진구 구의동,중상사고,0,1,0,0,차대사람 - 횡단중,안전운전불이행,포장 - 건조,맑음,교차로 - 교차로안,승용,남,40세,상해없음,보행자,남,43세,중상
21346,2020030500100441,2020년 3월 5일 21시,목요일,서울특별시 강동구 천호동,중상사고,0,1,0,0,차대사람 - 횡단중,안전운전불이행,포장 - 건조,맑음,단일로 - 기타,이륜,남,17세,상해없음,보행자,남,74세,중상
21347,2020030500100464,2020년 3월 5일 22시,목요일,서울특별시 강남구 논현동,경상사고,0,0,1,0,차대사람 - 길가장자리구역통행중,안전운전불이행,포장 - 건조,맑음,단일로 - 지하차도(도로)내,승용,남,41세,상해없음,보행자,남,36세,경상
21348,2020030500100488,2020년 3월 5일 23시,목요일,서울특별시 중랑구 면목동,경상사고,0,0,1,1,차대사람 - 기타,안전운전불이행,포장 - 건조,맑음,단일로 - 기타,이륜,여,45세,부상신고,보행자,여,56세,경상
21349,2020030600100034,2020년 3월 6일 04시,금요일,서울특별시 강남구 역삼동,경상사고,0,0,1,0,차대사람 - 기타,안전운전불이행,포장 - 건조,맑음,단일로 - 기타,승용,남,49세,기타불명,보행자,남,26세,경상
21350,2020030600100083,2020년 3월 6일 08시,금요일,서울특별시 영등포구 당산동6가,경상사고,0,0,1,0,차대사람 - 횡단중,보행자보호의무위반,포장 - 건조,맑음,교차로 - 교차로횡단보도내,화물,남,66세,상해없음,보행자,남,29세,경상
21351,2020030600100177,2020년 3월 6일 11시,금요일,서울특별시 금천구 시흥동,경상사고,0,0,1,0,차대사람 - 기타,안전운전불이행,포장 - 건조,맑음,교차로 - 교차로안,승용,여,59세,상해없음,보행자,여,72세,경상
21352,2020030600100288,2020년 3월 6일 15시,금요일,서울특별시 성북구 정릉동,중상사고,0,2,0,0,차대사람 - 횡단중,신호위반,포장 - 건조,맑음,단일로 - 기타,원동기,남,16세,상해없음,보행자,여,55세,중상
21353,2020030600100290,2020년 3월 6일 15시,금요일,서울특별시 중랑구 망우동,중상사고,0,1,0,0,차대사람 - 횡단중,신호위반,포장 - 건조,맑음,교차로 - 교차로횡단보도내,자전거,남,59세,상해없음,보행자,여,29세,중상
21354,2020030600100358,2020년 3월 6일 17시,금요일,서울특별시 관악구 신림동,경상사고,0,0,1,0,차대사람 - 기타,안전운전불이행,포장 - 건조,맑음,단일로 - 기타,승합,남,59세,상해없음,보행자,남,4세,경상
21355,2020030600100360,2020년 3월 6일 17시,금요일,서울특별시 강동구 천호동,중상사고,0,1,0,0,차대사람 - 기타,안전운전불이행,포장 - 건조,맑음,교차로 - 교차로부근,승합,남,33세,상해없음,보행자,여,66세,중상
21356,2020030600100361,2020년 3월 6일 17시,금요일,서울특별시 송파구 거여동,중상사고,0,1,0,0,차대사람 - 기타,불법유턴,포장 - 건조,맑음,단일로 - 기타,승용,여,57세,상해없음,보행자,남,64세,중상
21357,2020030600100362,2020년 3월 6일 17시,금요일,서울특별시 송파구 풍납동,경상사고,0,0,1,0,차대사람 - 차도통행중,안전운전불이행,포장 - 건조,맑음,단일로 - 기타,승용,여,51세,상해없음,보행자,여,42세,경상
21358,2020030600100363,2020년 3월 6일 17시,금요일,서울특별시 구로구 구로동,경상사고,0,0,1,0,차대사람 - 기타,안전운전불이행,비포장 - 건조,맑음,기타 - 기타,자전거,남,54세,상해없음,보행자,여,71세,경상
21359,2020030600100457,2020년 3월 6일 19시,금요일,서울특별시 구로구 구로동,경상사고,0,0,2,0,차대사람 - 횡단중,신호위반,포장 - 건조,맑음,교차로 - 교차로횡단보도내,이륜,남,18세,상해없음,보행자,여,62세,경상
21360,2020030600100488,2020년 3월 6일 20시,금요일,서울특별시 서대문구 연희동,부상신고사고,0,0,0,1,차대사람 - 기타,안전운전불이행,포장 - 건조,흐림,단일로 - 기타,기타불명,기타불명,미분류,기타불명,보행자,여,47세,부상신고
21361,2020030600100491,2020년 3월 6일 20시,금요일,서울특별시 강서구 화곡동,경상사고,0,0,1,0,차대사람 - 기타,안전운전불이행,포장 - 건조,맑음,기타 - 기타,승용,남,70세,상해없음,보행자,남,44세,경상
21362,2020030600100544,2020년 3월 6일 22시,금요일,서울특별시 동작구 대방동,중상사고,0,1,0,0,차대사람 - 기타,안전운전불이행,포장 - 건조,맑음,교차로 - 교차로부근,승용,여,69세,상해없음,보행자,남,45세,중상
21363,2020030600100545,2020년 3월 6일 22시,금요일,서울특별시 구로구 고척동,경상사고,0,0,1,0,차대사람 - 보도통행중,보행자보호의무위반,포장 - 건조,맑음,교차로 - 교차로부근,승용,남,23세,상해없음,보행자,남,24세,경상
21364,2020030600100546,2020년 3월 6일 22시,금요일,서울특별시 강남구 대치동,중상사고,0,1,0,0,차대사람 - 기타,안전운전불이행,포장 - 건조,맑음,단일로 - 기타,승용,남,69세,상해없음,보행자,남,51세,중상
21365,2020030600100563,2020년 3월 6일 23시,금요일,서울특별시 광진구 군자동,경상사고,0,0,1,0,차대사람 - 횡단중,신호위반,포장 - 건조,맑음,교차로 - 교차로횡단보도내,이륜,남,17세,상해없음,보행자,여,19세,경상
21366,2020030600100565,2020년 3월 6일 23시,금요일,서울특별시 송파구 가락동,경상사고,0,0,1,0,차대사람 - 기타,안전운전불이행,포장 - 건조,맑음,기타 - 기타,이륜,남,49세,상해없음,보행자,남,52세,경상
21367,2020030700100002,2020년 3월 7일 00시,토요일,서울특별시 성동구 행당동,경상사고,0,0,1,0,차대사람 - 기타,안전운전불이행,포장 - 건조,맑음,단일로 - 기타,이륜,남,26세,상해없음,보행자,남,39세,경상
21368,2020030700100134,2020년 3월 7일 11시,토요일,서울특별시 송파구 방이동,경상사고,0,0,1,0,차대사람 - 기타,안전운전불이행,포장 - 건조,맑음,단일로 - 기타,승용,여,56세,상해없음,보행자,여,64세,경상
21369,2020030700100191,2020년 3월 7일 13시,토요일,서울특별시 양천구 신월동,경상사고,0,0,1,0,차대사람 - 횡단중,안전운전불이행,포장 - 건조,맑음,교차로 - 교차로안,기타불명,기타불명,미분류,기타불명,보행자,남,71세,경상
21370,2020030700100281,2020년 3월 7일 17시,토요일,서울특별시 관악구 신림동,경상사고,0,0,1,0,차대사람 - 기타,안전운전불이행,포장 - 건조,맑음,단일로 - 기타,승용,남,24세,상해없음,보행자,여,35세,경상
21371,2020030700100332,2020년 3월 7일 19시,토요일,서울특별시 동작구 사당동,경상사고,0,0,1,0,차대사람 - 기타,안전운전불이행,포장 - 건조,맑음,단일로 - 기타,화물,남,46세,상해없음,보행자,여,18세,경상
21372,2020030700100333,2020년 3월 7일 19시,토요일,서울특별시 강서구 가양동,경상사고,0,0,1,0,차대사람 - 횡단중,보행자보호의무위반,포장 - 건조,맑음,교차로 - 교차로횡단보도내,승용,남,74세,상해없음,보행자,남,20세,경상
21373,2020030700100363,2020년 3월 7일 20시,토요일,서울특별시 성북구 동소문동2가,경상사고,0,0,1,0,차대사람 - 보도통행중,기타,포장 - 건조,맑음,단일로 - 기타,이륜,남,45세,상해없음,보행자,남,40세,경상
21374,2020030700100364,2020년 3월 7일 20시,토요일,서울특별시 성북구 정릉동,경상사고,0,0,1,0,차대사람 - 기타,안전운전불이행,포장 - 건조,맑음,교차로 - 교차로안,이륜,남,64세,상해없음,보행자,남,72세,경상
21375,2020030700100390,2020년 3월 7일 21시,토요일,서울특별시 강동구 천호동,중상사고,0,1,0,0,차대사람 - 횡단중,보행자보호의무위반,포장 - 건조,맑음,교차로 - 교차로횡단보도내,이륜,남,42세,상해없음,보행자,여,32세,중상
21376,2020030800100002,2020년 3월 8일 00시,일요일,서울특별시 서초구 서초동,중상사고,0,1,0,0,차대사람 - 기타,안전운전불이행,포장 - 건조,맑음,단일로 - 기타,화물,남,65세,상해없음,보행자,남,54세,중상
21377,2020030800100042,2020년 3월 8일 04시,일요일,서울특별시 도봉구 방학동,중상사고,0,1,0,0,차대사람 - 기타,과속,포장 - 건조,맑음,교차로 - 교차로부근,승용,남,39세,상해없음,보행자,남,22세,중상
21378,2020030800100093,2020년 3월 8일 10시,일요일,서울특별시 동작구 흑석동,경상사고,0,0,1,0,차대사람 - 보도통행중,기타,비포장 - 건조,맑음,기타 - 기타,승용,남,59세,상해없음,보행자,남,21세,경상
21379,2020030800100206,2020년 3월 8일 16시,일요일,서울특별시 송파구 잠실동,부상신고사고,0,0,0,1,차대사람 - 기타,안전운전불이행,포장 - 건조,맑음,기타 - 기타,이륜,남,30세,부상신고,보행자,남,72세,상해없음
21380,2020030800100319,2020년 3월 8일 20시,일요일,서울특별시 동대문구 전농동,사망사고,1,0,0,0,차대사람 - 기타,안전운전불이행,포장 - 건조,흐림,교차로 - 교차로부근,승용,남,31세,상해없음,보행자,남,59세,사망
21381,2020030800100363,2020년 3월 8일 23시,일요일,서울특별시 성동구 용답동,경상사고,0,0,1,0,차대사람 - 횡단중,안전운전불이행,포장 - 건조,맑음,기타 - 기타,승용,남,43세,상해없음,보행자,여,26세,경상
21382,2020030800100365,2020년 3월 8일 23시,일요일,서울특별시 구로구 구로동,경상사고,0,0,1,0,차대사람 - 기타,안전운전불이행,포장 - 건조,맑음,단일로 - 기타,승합,남,51세,상해없음,보행자,여,21세,경상
21383,2020030900100001,2020년 3월 9일 00시,월요일,서울특별시 강남구 신사동,경상사고,0,0,1,0,차대사람 - 기타,안전운전불이행,포장 - 건조,흐림,기타 - 기타,승용,남,51세,상해없음,보행자,남,23세,경상
21384,2020030900100010,2020년 3월 9일 01시,월요일,서울특별시 마포구 망원동,경상사고,0,0,1,0,차대사람 - 횡단중,신호위반,포장 - 건조,맑음,단일로 - 기타,승용,남,39세,상해없음,보행자,남,21세,경상
21385,2020030900100019,2020년 3월 9일 03시,월요일,서울특별시 강남구 논현동,중상사고,0,2,0,0,차대사람 - 기타,안전운전불이행,포장 - 건조,맑음,단일로 - 기타,승용,남,29세,상해없음,보행자,남,41세,중상
21386,2020030900100032,2020년 3월 9일 06시,월요일,서울특별시 서대문구 남가좌동,경상사고,0,0,1,0,차대사람 - 보도통행중,기타,포장 - 건조,맑음,기타 - 기타,승용,남,72세,상해없음,보행자,여,34세,경상
21387,2020030900100075,2020년 3월 9일 08시,월요일,서울특별시 중랑구 신내동,경상사고,0,0,1,0,차대사람 - 기타,안전운전불이행,포장 - 건조,맑음,단일로 - 기타,승합,남,37세,상해없음,보행자,여,55세,경상
21388,2020030900100078,2020년 3월 9일 08시,월요일,서울특별시 구로구 구로동,중상사고,0,1,0,0,차대사람 - 횡단중,안전운전불이행,포장 - 건조,맑음,교차로 - 교차로횡단보도내,승용,남,38세,상해없음,보행자,남,74세,중상
21389,2020030900100147,2020년 3월 9일 10시,월요일,서울특별시 양천구 신정동,경상사고,0,0,1,0,차대사람 - 횡단중,신호위반,포장 - 건조,맑음,단일로 - 기타,승합,남,60세,상해없음,보행자,남,85세,경상
21390,2020030900100203,2020년 3월 9일 12시,월요일,서울특별시 서초구 서초동,경상사고,0,0,1,0,차대사람 - 기타,안전운전불이행,포장 - 건조,맑음,기타 - 기타,승용,남,35세,상해없음,보행자,남,29세,경상
21391,2020030900100230,2020년 3월 9일 13시,월요일,서울특별시 성동구 성수동2가,사망사고,1,0,0,0,차대사람 - 횡단중,안전운전불이행,포장 - 건조,맑음,교차로 - 교차로부근,화물,남,54세,상해없음,보행자,남,72세,사망
21392,2020030900100254,2020년 3월 9일 14시,월요일,서울특별시 용산구 청파동2가,경상사고,0,0,1,0,차대사람 - 기타,안전운전불이행,포장 - 건조,맑음,단일로 - 기타,승용,남,60세,상해없음,보행자,여,47세,경상
21393,2020030900100255,2020년 3월 9일 14시,월요일,서울특별시 강남구 역삼동,경상사고,0,0,1,0,차대사람 - 차도통행중,안전운전불이행,포장 - 건조,맑음,단일로 - 기타,승용,여,32세,상해없음,보행자,남,61세,경상
21394,2020030900100257,2020년 3월 9일 14시,월요일,서울특별시 서초구 서초동,경상사고,0,0,1,0,차대사람 - 기타,신호위반,포장 - 건조,맑음,기타 - 기타,승용,여,21세,상해없음,보행자,남,18세,경상
21395,2020030900100280,2020년 3월 9일 15시,월요일,서울특별시 서초구 서초동,부상신고사고,0,0,0,1,차대사람 - 기타,기타,포장 - 건조,맑음,단일로 - 기타,승용,남,59세,상해없음,보행자,여,24세,부상신고
21396,2020030900100408,2020년 3월 9일 19시,월요일,서울특별시 종로구 명륜2가,중상사고,0,2,0,0,차대사람 - 횡단중,안전운전불이행,포장 - 건조,맑음,단일로 - 기타,원동기,남,46세,중상,보행자,남,83세,중상
21397,2020030900100412,2020년 3월 9일 19시,월요일,서울특별시 동작구 흑석동,경상사고,0,0,1,0,차대사람 - 횡단중,보행자보호의무위반,포장 - 건조,맑음,교차로 - 교차로횡단보도내,승용,남,48세,상해없음,보행자,남,33세,경상
21398,2020030900100415,2020년 3월 9일 19시,월요일,서울특별시 양천구 신정동,경상사고,0,0,1,0,차대사람 - 기타,안전운전불이행,포장 - 건조,맑음,단일로 - 기타,화물,남,59세,상해없음,보행자,여,21세,경상
21399,2020030900100444,2020년 3월 9일 20시,월요일,서울특별시 강동구 암사동,경상사고,0,0,1,0,차대사람 - 횡단중,안전운전불이행,포장 - 건조,맑음,단일로 - 기타,승용,남,58세,상해없음,보행자,남,68세,경상
21400,2020031000100004,2020년 3월 10일 00시,화요일,서울특별시 중랑구 묵동,중상사고,0,1,0,0,차대사람 - 횡단중,안전운전불이행,포장 - 건조,맑음,교차로 - 교차로부근,승용,남,70세,상해없음,보행자,남,72세,중상
21401,2020031000100044,2020년 3월 10일 03시,화요일,서울특별시 도봉구 창동,중상사고,0,1,0,0,차대사람 - 횡단중,안전운전불이행,포장 - 젖음/습기,비,교차로 - 교차로안,승용,남,58세,상해없음,보행자,여,21세,중상
21402,2020031000100058,2020년 3월 10일 05시,화요일,서울특별시 종로구 숭인동,경상사고,0,0,1,0,차대사람 - 횡단중,불법유턴,포장 - 젖음/습기,비,교차로 - 교차로안,승용,남,68세,상해없음,보행자,남,58세,경상
21403,2020031000100059,2020년 3월 10일 05시,화요일,서울특별시 서대문구 홍제동,중상사고,0,1,0,0,차대사람 - 횡단중,신호위반,포장 - 젖음/습기,비,교차로 - 교차로안,승용,남,25세,상해없음,보행자,남,56세,중상
21404,2020031000100060,2020년 3월 10일 05시,화요일,서울특별시 강동구 천호동,경상사고,0,0,1,0,차대사람 - 기타,안전운전불이행,포장 - 젖음/습기,비,단일로 - 기타,승용,남,22세,상해없음,보행자,남,62세,경상
21405,2020031000100066,2020년 3월 10일 06시,화요일,서울특별시 강북구 미아동,중상사고,0,1,0,0,차대사람 - 기타,보행자보호의무위반,포장 - 건조,맑음,교차로 - 교차로안,화물,남,58세,상해없음,보행자,남,60세,중상
21406,2020031000100076,2020년 3월 10일 07시,화요일,서울특별시 마포구 염리동,경상사고,0,0,1,0,차대사람 - 횡단중,안전운전불이행,포장 - 젖음/습기,비,교차로 - 교차로안,화물,남,54세,상해없음,보행자,남,52세,경상
21407,2020031000100093,2020년 3월 10일 08시,화요일,서울특별시 도봉구 쌍문동,경상사고,0,0,1,0,차대사람 - 기타,안전운전불이행,포장 - 젖음/습기,비,단일로 - 기타,승용,남,50세,상해없음,보행자,여,27세,경상
21408,2020031000100117,2020년 3월 10일 09시,화요일,서울특별시 도봉구 방학동,경상사고,0,0,1,0,차대사람 - 기타,안전운전불이행,포장 - 젖음/습기,맑음,단일로 - 기타,화물,남,58세,상해없음,보행자,여,29세,경상
21409,2020031000100256,2020년 3월 10일 15시,화요일,서울특별시 서초구 서초동,사망사고,1,0,0,0,차대사람 - 보도통행중,안전운전불이행,포장 - 젖음/습기,비,교차로 - 교차로안,화물,남,34세,상해없음,보행자,남,73세,사망
21410,2020031000100275,2020년 3월 10일 16시,화요일,서울특별시 마포구 성산동,중상사고,0,1,1,0,차대사람 - 기타,안전운전불이행,포장 - 건조,맑음,단일로 - 기타,승용,남,39세,경상,보행자,남,69세,중상
21411,2020031000100361,2020년 3월 10일 19시,화요일,서울특별시 동대문구 용두동,중상사고,0,1,0,0,차대사람 - 보도통행중,기타,포장 - 기타,흐림,단일로 - 기타,승용,남,48세,상해없음,보행자,남,56세,중상
21412,2020031000100362,2020년 3월 10일 19시,화요일,서울특별시 광진구 중곡동,중상사고,0,1,0,0,차대사람 - 횡단중,신호위반,포장 - 건조,맑음,단일로 - 기타,이륜,남,34세,상해없음,보행자,여,48세,중상
21413,2020031000100363,2020년 3월 10일 19시,화요일,서울특별시 마포구 창전동,중상사고,0,1,0,0,차대사람 - 기타,신호위반,포장 - 젖음/습기,비,교차로 - 교차로횡단보도내,원동기,남,21세,상해없음,보행자,남,33세,중상
21414,2020031000100364,2020년 3월 10일 19시,화요일,서울특별시 마포구 동교동,경상사고,0,0,1,0,차대사람 - 기타,안전운전불이행,포장 - 젖음/습기,비,단일로 - 기타,원동기,남,36세,상해없음,보행자,남,44세,경상
21415,2020031000100366,2020년 3월 10일 19시,화요일,서울특별시 성동구 응봉동,경상사고,0,0,1,0,차대사람 - 횡단중,안전운전불이행,포장 - 젖음/습기,비,교차로 - 교차로안,승용,여,55세,상해없음,보행자,남,64세,경상
21416,2020031000100369,2020년 3월 10일 19시,화요일,서울특별시 서초구 서초동,중상사고,0,1,0,0,차대사람 - 기타,보행자보호의무위반,포장 - 건조,맑음,교차로 - 교차로횡단보도내,승용,여,69세,상해없음,보행자,여,55세,중상
21417,2020031000100429,2020년 3월 10일 21시,화요일,서울특별시 영등포구 영등포동3가,부상신고사고,0,0,0,1,차대사람 - 기타,안전운전불이행,포장 - 건조,맑음,단일로 - 기타,승용,남,44세,상해없음,보행자,남,49세,부상신고
21418,2020031100100128,2020년 3월 11일 10시,수요일,서울특별시 마포구 동교동,중상사고,0,1,0,0,차대사람 - 횡단중,보행자보호의무위반,포장 - 건조,맑음,교차로 - 교차로횡단보도내,승용,남,71세,상해없음,보행자,여,23세,중상
21419,2020031100100130,2020년 3월 11일 10시,수요일,서울특별시 구로구 고척동,중상사고,0,1,0,0,차대사람 - 보도통행중,보행자보호의무위반,포장 - 건조,맑음,교차로 - 교차로횡단보도내,승용,남,67세,상해없음,보행자,여,64세,중상
21420,2020031100100231,2020년 3월 11일 14시,수요일,서울특별시 종로구 낙원동,중상사고,0,1,0,0,차대사람 - 길가장자리구역통행중,안전운전불이행,포장 - 건조,맑음,기타 - 기타,승용,남,45세,상해없음,보행자,남,53세,중상
21421,2020031100100234,2020년 3월 11일 14시,수요일,서울특별시 양천구 신정동,경상사고,0,0,1,0,차대사람 - 기타,신호위반,포장 - 건조,맑음,단일로 - 기타,화물,남,51세,상해없음,보행자,남,5세,경상
21422,2020031100100268,2020년 3월 11일 15시,수요일,서울특별시 용산구 이촌동,경상사고,0,0,1,0,차대사람 - 기타,안전운전불이행,포장 - 건조,맑음,단일로 - 기타,자전거,남,40세,상해없음,보행자,여,60세,경상
21423,2020031100100273,2020년 3월 11일 15시,수요일,서울특별시 마포구 대흥동,경상사고,0,0,1,0,차대사람 - 보도통행중,기타,포장 - 기타,맑음,기타 - 기타,승용,남,66세,상해없음,보행자,여,59세,경상
21424,2020031100100275,2020년 3월 11일 15시,수요일,서울특별시 관악구 봉천동,경상사고,0,0,1,0,차대사람 - 기타,안전운전불이행,포장 - 기타,맑음,교차로 - 교차로부근,기타불명,기타불명,미분류,기타불명,보행자,여,20세,경상
21425,2020031100100280,2020년 3월 11일 15시,수요일,서울특별시 노원구 중계동,중상사고,0,2,0,0,차대사람 - 보도통행중,기타,포장 - 건조,맑음,단일로 - 기타,승용,남,47세,상해없음,보행자,여,70세,중상
21426,2020031100100308,2020년 3월 11일 16시,수요일,서울특별시 강남구 도곡동,중상사고,0,1,0,0,차대사람 - 차도통행중,안전운전불이행,포장 - 건조,맑음,단일로 - 기타,승용,남,40세,상해없음,보행자,여,58세,중상
21427,2020031100100330,2020년 3월 11일 17시,수요일,서울특별시 동작구 노량진동,경상사고,0,0,1,0,차대사람 - 횡단중,보행자보호의무위반,포장 - 건조,맑음,교차로 - 교차로부근,승용,여,56세,상해없음,보행자,여,74세,경상
21428,2020031100100334,2020년 3월 11일 17시,수요일,서울특별시 강남구 역삼동,경상사고,0,0,1,0,차대사람 - 횡단중,안전운전불이행,포장 - 건조,맑음,단일로 - 기타,승용,여,50세,상해없음,보행자,여,25세,경상
21429,2020031100100379,2020년 3월 11일 18시,수요일,서울특별시 영등포구 신길동,경상사고,0,0,1,0,차대사람 - 길가장자리구역통행중,중앙선침범,포장 - 건조,맑음,단일로 - 기타,기타불명,기타불명,미분류,기타불명,보행자,여,19세,경상
21430,2020031100100384,2020년 3월 11일 18시,수요일,서울특별시 서초구 서초동,경상사고,0,0,1,0,차대사람 - 횡단중,보행자보호의무위반,포장 - 건조,맑음,교차로 - 교차로횡단보도내,승합,남,32세,상해없음,보행자,여,27세,경상
21431,2020031100100479,2020년 3월 11일 21시,수요일,서울특별시 관악구 신림동,중상사고,0,1,0,0,차대사람 - 차도통행중,과속,포장 - 건조,맑음,단일로 - 기타,승용,남,25세,상해없음,보행자,남,35세,중상
21432,2020031100100502,2020년 3월 11일 22시,수요일,서울특별시 광진구 자양동,경상사고,0,0,1,0,차대사람 - 기타,안전운전불이행,포장 - 기타,맑음,기타 - 기타,승용,남,58세,기타불명,보행자,여,38세,경상
21433,2020031200100004,2020년 3월 12일 00시,목요일,서울특별시 서초구 반포동,경상사고,0,0,1,0,차대사람 - 기타,안전운전불이행,포장 - 건조,맑음,단일로 - 기타,화물,남,36세,상해없음,보행자,남,26세,경상
21434,2020031200100034,2020년 3월 12일 04시,목요일,서울특별시 서초구 서초동,경상사고,0,0,1,0,차대사람 - 보도통행중,기타,포장 - 건조,맑음,단일로 - 기타,승용,남,37세,상해없음,보행자,남,42세,경상
21435,2020031200100060,2020년 3월 12일 07시,목요일,서울특별시 중구 신당동,경상사고,0,0,1,0,차대사람 - 기타,안전운전불이행,포장 - 건조,맑음,단일로 - 기타,이륜,남,47세,상해없음,보행자,남,28세,경상
21436,2020031200100091,2020년 3월 12일 08시,목요일,서울특별시 강서구 화곡동,경상사고,0,0,1,0,차대사람 - 길가장자리구역통행중,안전운전불이행,포장 - 건조,맑음,단일로 - 기타,승용,남,64세,상해없음,보행자,여,32세,경상
21437,2020031200100209,2020년 3월 12일 12시,목요일,서울특별시 서초구 서초동,중상사고,0,1,0,0,차대사람 - 기타,안전운전불이행,포장 - 건조,맑음,단일로 - 기타,승용,여,36세,상해없음,보행자,남,51세,중상
21438,2020031200100237,2020년 3월 12일 13시,목요일,서울특별시 관악구 신림동,중상사고,0,1,0,0,차대사람 - 기타,안전운전불이행,포장 - 건조,맑음,단일로 - 기타,승용,남,47세,상해없음,보행자,남,43세,중상
21439,2020031200100327,2020년 3월 12일 16시,목요일,서울특별시 영등포구 당산동4가,경상사고,0,0,1,0,차대사람 - 길가장자리구역통행중,안전운전불이행,포장 - 건조,맑음,단일로 - 기타,승용,남,32세,상해없음,보행자,여,64세,경상
21440,2020031200100329,2020년 3월 12일 16시,목요일,서울특별시 성동구 금호동1가,중상사고,0,1,0,0,차대사람 - 보도통행중,신호위반,포장 - 건조,맑음,단일로 - 기타,화물,남,59세,상해없음,보행자,여,49세,중상
21441,2020031200100361,2020년 3월 12일 17시,목요일,서울특별시 강북구 수유동,경상사고,0,0,1,0,차대사람 - 기타,안전운전불이행,포장 - 건조,맑음,단일로 - 기타,승용,남,62세,상해없음,보행자,남,63세,경상
21442,2020031200100512,2020년 3월 12일 21시,목요일,서울특별시 중랑구 중화동,경상사고,0,0,1,0,차대사람 - 기타,안전운전불이행,포장 - 건조,기타,단일로 - 기타,기타불명,기타불명,미분류,기타불명,보행자,남,80세,경상
21443,2020031200100515,2020년 3월 12일 21시,목요일,서울특별시 강남구 일원동,중상사고,0,1,0,0,차대사람 - 기타,안전운전불이행,포장 - 건조,맑음,교차로 - 교차로안,승용,남,50세,상해없음,보행자,남,51세,중상
21444,2020031200100538,2020년 3월 12일 22시,목요일,서울특별시 관악구 봉천동,중상사고,0,1,0,0,차대사람 - 기타,안전운전불이행,포장 - 건조,맑음,단일로 - 기타,이륜,남,33세,기타불명,보행자,남,19세,중상
21445,2020031300100041,2020년 3월 13일 05시,금요일,서울특별시 송파구 장지동,부상신고사고,0,0,0,1,차대사람 - 기타,안전운전불이행,포장 - 건조,맑음,단일로 - 기타,승용,남,67세,상해없음,보행자,남,41세,부상신고
21446,2020031300100046,2020년 3월 13일 06시,금요일,서울특별시 성동구 성수동2가,사망사고,1,0,0,0,차대사람 - 보도통행중,과속,포장 - 건조,맑음,교차로 - 교차로횡단보도내,승용,남,69세,상해없음,보행자,여,81세,사망
21447,2020031300100059,2020년 3월 13일 07시,금요일,서울특별시 동작구 흑석동,사망사고,1,0,0,0,차대사람 - 횡단중,보행자보호의무위반,포장 - 건조,맑음,단일로 - 기타,승용,남,65세,상해없음,보행자,여,63세,사망
21448,2020031300100061,2020년 3월 13일 07시,금요일,서울특별시 양천구 신월동,경상사고,0,0,1,0,차대사람 - 기타,기타,포장 - 건조,맑음,단일로 - 기타,승용,남,46세,상해없음,보행자,남,36세,경상
21449,2020031300100068,2020년 3월 13일 08시,금요일,서울특별시 송파구 가락동,경상사고,0,0,1,0,차대사람 - 횡단중,신호위반,포장 - 건조,맑음,단일로 - 기타,이륜,남,25세,상해없음,보행자,여,47세,경상
21450,2020031300100081,2020년 3월 13일 09시,금요일,서울특별시 용산구 한강로2가,중상사고,0,1,0,0,차대사람 - 보도통행중,안전운전불이행,포장 - 건조,맑음,기타 - 기타,승용,남,63세,상해없음,보행자,여,47세,중상
21451,2020031300100084,2020년 3월 13일 09시,금요일,서울특별시 강남구 청담동,중상사고,0,1,0,0,차대사람 - 기타,보행자보호의무위반,포장 - 건조,맑음,단일로 - 기타,승용,남,42세,상해없음,보행자,여,60세,중상
21452,2020031300100139,2020년 3월 13일 11시,금요일,서울특별시 광진구 화양동,경상사고,0,0,1,0,차대사람 - 차도통행중,안전운전불이행,포장 - 건조,맑음,단일로 - 기타,승용,남,46세,상해없음,보행자,남,61세,경상
21453,2020031300100141,2020년 3월 13일 11시,금요일,서울특별시 송파구 오금동,경상사고,0,0,1,0,차대사람 - 보도통행중,안전운전불이행,포장 - 건조,맑음,기타 - 기타,기타불명,기타불명,미분류,기타불명,보행자,여,54세,경상
21454,2020031300100144,2020년 3월 13일 11시,금요일,서울특별시 강남구 역삼동,중상사고,0,1,0,0,차대사람 - 기타,안전운전불이행,포장 - 건조,맑음,단일로 - 기타,승용,여,25세,상해없음,보행자,여,49세,중상