,사고번호,사고일시,요일,시군구,사고내용,사망자수,중상자수,경상자수,부상신고자수,사고유형,법규위반,노면상태,기상상태,도로형태,가해운전자 차종,가해운전자 성별,가해운전자 연령,가해운전자 상해정도,피해운전자 차종,피해운전자 성별,피해운전자 연령,피해운전자 상해정도
21455,2020031300100165,2020년 3월 13일 12시,금요일,서울특별시 강동구 성내동,경상사고,0,0,1,0,차대사람 - 차도통행중,안전운전불이행,포장 - 건조,맑음,단일로 - 기타,승용,여,69세,기타불명,보행자,남,39세,경상
21456,2020031300100196,2020년 3월 13일 13시,금요일,서울특별시 강남구 논현동,경상사고,0,0,1,0,차대사람 - 길가장자리구역통행중,안전운전불이행,포장 - 건조,맑음,단일로 - 기타,승용,여,50세,상해없음,보행자,여,24세,경상
21457,2020031300100203,2020년 3월 13일 13시,금요일,서울특별시 은평구 대조동,중상사고,0,1,0,0,차대사람 - 차도통행중,안전운전불이행,포장 - 건조,맑음,교차로 - 교차로안,승용,여,49세,상해없음,보행자,여,73세,중상
21458,2020031300100287,2020년 3월 13일 16시,금요일,서울특별시 동작구 사당동,경상사고,0,0,1,0,차대사람 - 차도통행중,안전운전불이행,포장 - 건조,맑음,단일로 - 기타,승용,남,68세,상해없음,보행자,여,39세,경상
21459,2020031300100288,2020년 3월 13일 16시,금요일,서울특별시 구로구 구로동,부상신고사고,0,0,0,1,차대사람 - 기타,안전운전불이행,포장 - 건조,맑음,단일로 - 기타,승용,남,54세,상해없음,보행자,남,49세,부상신고
21460,2020031300100320,2020년 3월 13일 17시,금요일,서울특별시 서대문구 북아현동,부상신고사고,0,0,0,1,차대사람 - 차도통행중,안전운전불이행,포장 - 건조,맑음,단일로 - 기타,승용,여,42세,상해없음,보행자,여,34세,부상신고
21461,2020031300100327,2020년 3월 13일 17시,금요일,서울특별시 성북구 종암동,경상사고,0,0,1,0,차대사람 - 기타,보행자보호의무위반,포장 - 건조,흐림,단일로 - 기타,승용,여,51세,상해없음,보행자,남,13세,경상
21462,2020031300100395,2020년 3월 13일 19시,금요일,서울특별시 관악구 신림동,경상사고,0,0,1,0,차대사람 - 기타,안전운전불이행,포장 - 기타,맑음,단일로 - 기타,승용,남,40세,상해없음,보행자,여,52세,경상
21463,2020031300100397,2020년 3월 13일 19시,금요일,서울특별시 구로구 오류동,경상사고,0,0,1,0,차대사람 - 횡단중,보행자보호의무위반,포장 - 건조,맑음,단일로 - 기타,승용,남,42세,상해없음,보행자,여,22세,경상
21464,2020031300100461,2020년 3월 13일 21시,금요일,서울특별시 성동구 금호동2가,중상사고,0,1,0,0,차대사람 - 보도통행중,보행자보호의무위반,포장 - 건조,맑음,교차로 - 교차로횡단보도내,승용,남,55세,상해없음,보행자,여,59세,중상
21465,2020031300100462,2020년 3월 13일 21시,금요일,서울특별시 동작구 상도동,중상사고,0,1,0,0,차대사람 - 길가장자리구역통행중,안전운전불이행,포장 - 건조,맑음,단일로 - 기타,승용,남,52세,상해없음,보행자,여,62세,중상
21466,2020031300100488,2020년 3월 13일 22시,금요일,서울특별시 동작구 노량진동,경상사고,0,0,1,0,차대사람 - 길가장자리구역통행중,안전운전불이행,포장 - 건조,맑음,교차로 - 교차로안,화물,남,39세,상해없음,보행자,남,41세,경상
21467,2020031400100003,2020년 3월 14일 00시,토요일,서울특별시 관악구 신림동,중상사고,0,1,0,0,차대사람 - 기타,안전운전불이행,포장 - 건조,기타,교차로 - 교차로부근,승용,남,25세,상해없음,보행자,남,30세,중상
21468,2020031400100054,2020년 3월 14일 03시,토요일,서울특별시 금천구 가산동,중상사고,0,1,0,0,차대사람 - 기타,안전운전불이행,포장 - 건조,맑음,단일로 - 기타,승용,남,36세,상해없음,보행자,남,54세,중상
21469,2020031400100055,2020년 3월 14일 03시,토요일,서울특별시 양천구 신정동,경상사고,0,0,1,0,차대사람 - 기타,안전운전불이행,포장 - 건조,맑음,주차장 - 주차장,승용,남,58세,상해없음,보행자,남,28세,경상
21470,2020031400100067,2020년 3월 14일 05시,토요일,서울특별시 중구 봉래동2가,중상사고,0,1,0,0,차대사람 - 차도통행중,안전운전불이행,포장 - 건조,맑음,단일로 - 기타,승합,남,46세,상해없음,보행자,남,62세,중상
21471,2020031400100068,2020년 3월 14일 05시,토요일,서울특별시 마포구 구수동,중상사고,0,1,0,0,차대사람 - 횡단중,안전운전불이행,포장 - 건조,맑음,교차로 - 교차로횡단보도내,이륜,기타불명,미분류,기타불명,보행자,여,75세,중상
21472,2020031400100174,2020년 3월 14일 11시,토요일,서울특별시 은평구 구산동,경상사고,0,0,1,0,차대사람 - 길가장자리구역통행중,안전운전불이행,포장 - 건조,맑음,단일로 - 기타,승용,남,30세,상해없음,보행자,여,55세,경상
21473,2020031400100227,2020년 3월 14일 13시,토요일,서울특별시 중구 을지로3가,경상사고,0,0,1,0,차대사람 - 횡단중,보행자보호의무위반,포장 - 건조,맑음,교차로 - 교차로횡단보도내,화물,남,43세,상해없음,보행자,남,63세,경상
21474,2020031400100228,2020년 3월 14일 13시,토요일,서울특별시 금천구 독산동,경상사고,0,0,1,0,차대사람 - 기타,안전운전불이행,포장 - 건조,맑음,교차로 - 교차로부근,화물,남,61세,상해없음,보행자,여,9세,경상
21475,2020031400100266,2020년 3월 14일 14시,토요일,서울특별시 노원구 월계동,중상사고,0,1,0,0,차대사람 - 기타,보행자보호의무위반,포장 - 건조,맑음,교차로 - 교차로횡단보도내,승용,남,56세,상해없음,보행자,여,61세,중상
21476,2020031400100331,2020년 3월 14일 16시,토요일,서울특별시 동대문구 장안동,경상사고,0,0,1,0,차대사람 - 기타,안전운전불이행,포장 - 건조,맑음,단일로 - 기타,화물,남,54세,상해없음,보행자,남,30세,경상
21477,2020031400100332,2020년 3월 14일 16시,토요일,서울특별시 동작구 노량진동,경상사고,0,0,1,0,차대사람 - 길가장자리구역통행중,안전운전불이행,포장 - 건조,맑음,기타 - 기타,이륜,남,27세,상해없음,보행자,남,23세,경상
21478,2020031400100396,2020년 3월 14일 18시,토요일,서울특별시 동대문구 전농동,중상사고,0,1,0,0,차대사람 - 횡단중,안전운전불이행,포장 - 건조,맑음,교차로 - 교차로횡단보도내,승용,남,47세,상해없음,보행자,여,49세,중상
21479,2020031400100397,2020년 3월 14일 18시,토요일,서울특별시 마포구 서교동,경상사고,0,0,1,0,차대사람 - 기타,안전운전불이행,포장 - 건조,맑음,교차로 - 교차로안,승용,남,39세,상해없음,보행자,남,30세,경상
21480,2020031400100401,2020년 3월 14일 18시,토요일,서울특별시 노원구 상계동,경상사고,0,0,1,0,차대사람 - 기타,안전운전불이행,포장 - 건조,맑음,단일로 - 기타,승용,남,35세,상해없음,보행자,남,18세,경상
21481,2020031400100482,2020년 3월 14일 21시,토요일,서울특별시 강남구 논현동,경상사고,0,0,1,0,차대사람 - 기타,불법유턴,포장 - 건조,맑음,단일로 - 기타,승용,여,50세,상해없음,보행자,남,36세,경상
21482,2020031400100496,2020년 3월 14일 22시,토요일,서울특별시 양천구 목동,경상사고,0,0,2,0,차대사람 - 차도통행중,안전운전불이행,포장 - 건조,맑음,기타 - 기타,이륜,남,21세,상해없음,보행자,남,20세,경상
21483,2020031400100513,2020년 3월 14일 23시,토요일,서울특별시 강북구 수유동,경상사고,0,0,1,0,차대사람 - 기타,안전운전불이행,포장 - 건조,맑음,단일로 - 기타,승용,남,73세,상해없음,보행자,여,21세,경상
21484,2020031500100003,2020년 3월 15일 00시,일요일,서울특별시 강북구 수유동,부상신고사고,0,0,0,1,차대사람 - 기타,안전운전불이행,포장 - 건조,맑음,교차로 - 교차로부근,승용,남,53세,상해없음,보행자,남,25세,부상신고
21485,2020031500100005,2020년 3월 15일 00시,일요일,서울특별시 송파구 문정동,중상사고,0,1,0,0,차대사람 - 횡단중,안전운전불이행,포장 - 건조,맑음,교차로 - 교차로안,이륜,남,30세,상해없음,보행자,남,51세,중상
21486,2020031500100150,2020년 3월 15일 14시,일요일,서울특별시 서대문구 북가좌동,경상사고,0,0,1,0,차대사람 - 횡단중,보행자보호의무위반,포장 - 건조,맑음,단일로 - 기타,승용,여,41세,상해없음,보행자,여,41세,경상
21487,2020031500100175,2020년 3월 15일 15시,일요일,서울특별시 광진구 능동,경상사고,0,0,1,0,차대사람 - 차도통행중,안전운전불이행,포장 - 건조,맑음,단일로 - 기타,승용,남,28세,상해없음,보행자,남,49세,경상
21488,2020031500100195,2020년 3월 15일 16시,일요일,서울특별시 성북구 하월곡동,중상사고,0,1,0,0,차대사람 - 기타,안전운전불이행,포장 - 건조,맑음,단일로 - 기타,승합,남,61세,상해없음,보행자,여,47세,중상
21489,2020031500100196,2020년 3월 15일 16시,일요일,서울특별시 구로구 구로동,경상사고,0,0,1,0,차대사람 - 기타,기타,포장 - 건조,맑음,단일로 - 기타,승용,남,47세,상해없음,보행자,여,90세,경상
21490,2020031500100233,2020년 3월 15일 18시,일요일,서울특별시 영등포구 대림동,중상사고,0,1,0,0,차대사람 - 횡단중,안전운전불이행,포장 - 건조,맑음,단일로 - 기타,승용,남,59세,상해없음,보행자,남,64세,중상
21491,2020031500100288,2020년 3월 15일 20시,일요일,서울특별시 중구 신당동,부상신고사고,0,0,0,1,차대사람 - 기타,안전운전불이행,포장 - 건조,맑음,단일로 - 기타,승용,남,58세,상해없음,보행자,남,72세,부상신고
21492,2020031600100001,2020년 3월 16일 00시,월요일,서울특별시 영등포구 양평동4가,중상사고,0,1,0,0,차대사람 - 횡단중,안전운전불이행,포장 - 건조,맑음,단일로 - 기타,승합,남,55세,상해없음,보행자,남,35세,중상
21493,2020031600100045,2020년 3월 16일 07시,월요일,서울특별시 종로구 숭인동,경상사고,0,0,1,0,차대사람 - 기타,안전운전불이행,포장 - 건조,맑음,단일로 - 기타,승용,남,67세,상해없음,보행자,남,65세,경상
21494,2020031600100075,2020년 3월 16일 08시,월요일,서울특별시 금천구 시흥동,경상사고,0,0,1,0,차대사람 - 기타,보행자보호의무위반,포장 - 건조,맑음,교차로 - 교차로횡단보도내,화물,남,53세,상해없음,보행자,여,43세,경상
21495,2020031600100076,2020년 3월 16일 08시,월요일,서울특별시 송파구 오금동,경상사고,0,0,1,0,차대사람 - 기타,안전운전불이행,포장 - 건조,맑음,단일로 - 기타,승합,여,65세,상해없음,보행자,남,67세,경상
21496,2020031600100109,2020년 3월 16일 09시,월요일,서울특별시 강남구 논현동,경상사고,0,0,1,0,차대사람 - 횡단중,안전운전불이행,포장 - 건조,맑음,교차로 - 교차로안,승용,남,76세,상해없음,보행자,여,28세,경상
21497,2020031600100111,2020년 3월 16일 09시,월요일,서울특별시 강남구 삼성동,중상사고,0,1,0,0,차대사람 - 기타,불법유턴,포장 - 건조,맑음,기타 - 기타,화물,남,63세,상해없음,보행자,남,63세,중상
21498,2020031600100181,2020년 3월 16일 11시,월요일,서울특별시 동대문구 장안동,경상사고,0,0,1,0,차대사람 - 보도통행중,기타,포장 - 건조,맑음,기타 - 기타,화물,남,35세,상해없음,보행자,남,81세,경상
21499,2020031600100184,2020년 3월 16일 11시,월요일,서울특별시 금천구 독산동,중상사고,0,1,0,0,차대사람 - 기타,안전운전불이행,포장 - 건조,맑음,단일로 - 기타,화물,남,43세,상해없음,보행자,남,69세,중상
21500,2020031600100187,2020년 3월 16일 11시,월요일,서울특별시 중랑구 면목동,중상사고,0,1,0,0,차대사람 - 길가장자리구역통행중,안전운전불이행,포장 - 건조,맑음,단일로 - 기타,승용,남,63세,상해없음,보행자,남,75세,중상
21501,2020031600100234,2020년 3월 16일 13시,월요일,서울특별시 강북구 미아동,경상사고,0,0,1,0,차대사람 - 기타,안전운전불이행,포장 - 건조,맑음,단일로 - 기타,승용,여,74세,상해없음,보행자,남,82세,경상
21502,2020031600100235,2020년 3월 16일 13시,월요일,서울특별시 강남구 논현동,부상신고사고,0,0,0,1,차대사람 - 기타,안전운전불이행,포장 - 기타,맑음,단일로 - 기타,승용,남,66세,상해없음,보행자,여,48세,부상신고
21503,2020031600100237,2020년 3월 16일 13시,월요일,서울특별시 서초구 서초동,부상신고사고,0,0,0,1,차대사람 - 기타,안전운전불이행,포장 - 건조,맑음,단일로 - 기타,승용,여,21세,상해없음,보행자,여,28세,부상신고
21504,2020031600100258,2020년 3월 16일 14시,월요일,서울특별시 용산구 보광동,중상사고,0,1,0,0,차대사람 - 기타,안전운전불이행,포장 - 건조,맑음,단일로 - 기타,승합,남,66세,상해없음,보행자,남,56세,중상
21505,2020031600100260,2020년 3월 16일 14시,월요일,서울특별시 중랑구 면목동,경상사고,0,0,1,0,차대사람 - 기타,안전운전불이행,포장 - 건조,맑음,단일로 - 기타,화물,남,75세,상해없음,보행자,여,56세,경상
21506,2020031600100261,2020년 3월 16일 14시,월요일,서울특별시 관악구 신림동,경상사고,0,0,1,0,차대사람 - 기타,안전운전불이행,포장 - 건조,맑음,단일로 - 기타,이륜,남,26세,상해없음,보행자,남,29세,경상
21507,2020031600100263,2020년 3월 16일 14시,월요일,서울특별시 강서구 화곡동,중상사고,0,1,0,0,차대사람 - 기타,안전운전불이행,포장 - 건조,맑음,교차로 - 교차로부근,승용,여,40세,상해없음,보행자,남,51세,중상
21508,2020031600100292,2020년 3월 16일 15시,월요일,서울특별시 동작구 사당동,경상사고,0,0,1,0,차대사람 - 차도통행중,안전운전불이행,포장 - 건조,맑음,교차로 - 교차로안,승용,남,68세,상해없음,보행자,여,60세,경상
21509,2020031600100320,2020년 3월 16일 16시,월요일,서울특별시 용산구 한남동,경상사고,0,0,1,0,차대사람 - 기타,안전운전불이행,포장 - 건조,맑음,단일로 - 기타,승용,남,59세,상해없음,보행자,남,53세,경상
21510,2020031600100321,2020년 3월 16일 16시,월요일,서울특별시 강북구 미아동,경상사고,0,0,1,0,차대사람 - 기타,안전운전불이행,포장 - 건조,맑음,단일로 - 기타,승용,남,58세,상해없음,보행자,남,56세,경상
21511,2020031600100323,2020년 3월 16일 16시,월요일,서울특별시 강동구 둔촌동,경상사고,0,0,1,0,차대사람 - 기타,안전운전불이행,포장 - 건조,맑음,교차로 - 교차로안,승용,여,52세,상해없음,보행자,남,8세,경상
21512,2020031600100356,2020년 3월 16일 17시,월요일,서울특별시 중랑구 묵동,경상사고,0,0,1,0,차대사람 - 보도통행중,기타,포장 - 건조,맑음,기타 - 기타,승용,남,29세,상해없음,보행자,남,27세,경상
21513,2020031600100357,2020년 3월 16일 17시,월요일,서울특별시 강남구 도곡동,중상사고,0,1,0,0,차대사람 - 횡단중,보행자보호의무위반,포장 - 건조,맑음,단일로 - 기타,이륜,남,31세,상해없음,보행자,여,70세,중상
21514,2020031600100390,2020년 3월 16일 18시,월요일,서울특별시 강북구 미아동,경상사고,0,0,1,0,차대사람 - 기타,안전운전불이행,포장 - 건조,맑음,단일로 - 기타,승합,남,66세,상해없음,보행자,남,65세,경상
21515,2020031600100476,2020년 3월 16일 20시,월요일,서울특별시 강서구 마곡동,중상사고,0,1,0,0,차대사람 - 보도통행중,기타,포장 - 건조,맑음,기타 - 기타,이륜,남,17세,상해없음,보행자,남,40세,중상
21516,2020031600100502,2020년 3월 16일 21시,월요일,서울특별시 강남구 도곡동,경상사고,0,0,2,0,차대사람 - 길가장자리구역통행중,안전운전불이행,포장 - 건조,맑음,단일로 - 기타,승용,여,33세,상해없음,보행자,남,38세,경상
21517,2020031600100516,2020년 3월 16일 22시,월요일,서울특별시 강동구 천호동,중상사고,0,1,0,0,차대사람 - 차도통행중,안전운전불이행,포장 - 건조,맑음,단일로 - 기타,이륜,남,50세,상해없음,보행자,여,67세,중상
21518,2020031700100011,2020년 3월 17일 01시,화요일,서울특별시 중랑구 상봉동,부상신고사고,0,0,0,1,차대사람 - 기타,안전운전불이행,포장 - 건조,맑음,단일로 - 기타,승용,남,64세,상해없음,보행자,남,29세,부상신고
21519,2020031700100026,2020년 3월 17일 04시,화요일,서울특별시 광진구 화양동,경상사고,0,0,1,0,차대사람 - 차도통행중,안전운전불이행,포장 - 건조,맑음,단일로 - 기타,승용,남,57세,상해없음,보행자,여,21세,경상
21520,2020031700100035,2020년 3월 17일 05시,화요일,서울특별시 관악구 봉천동,중상사고,0,1,0,0,차대사람 - 횡단중,보행자보호의무위반,포장 - 건조,맑음,교차로 - 교차로횡단보도내,승용,남,63세,상해없음,보행자,여,60세,중상
21521,2020031700100041,2020년 3월 17일 06시,화요일,서울특별시 영등포구 여의도동,중상사고,0,1,0,0,차대사람 - 기타,안전운전불이행,포장 - 건조,맑음,교차로 - 교차로부근,승용,남,46세,상해없음,보행자,남,73세,중상
21522,2020031700100097,2020년 3월 17일 09시,화요일,서울특별시 은평구 불광동,경상사고,0,0,1,0,차대사람 - 횡단중,신호위반,포장 - 건조,맑음,단일로 - 기타,승용,여,48세,상해없음,보행자,여,26세,경상
21523,2020031700100120,2020년 3월 17일 10시,화요일,서울특별시 종로구 명륜1가,경상사고,0,0,1,0,차대사람 - 길가장자리구역통행중,안전운전불이행,포장 - 건조,맑음,단일로 - 기타,화물,남,51세,상해없음,보행자,여,84세,경상
21524,2020031700100143,2020년 3월 17일 11시,화요일,서울특별시 종로구 종로6가,부상신고사고,0,0,0,1,차대사람 - 길가장자리구역통행중,안전운전불이행,포장 - 건조,맑음,단일로 - 기타,화물,남,73세,상해없음,보행자,남,56세,부상신고
21525,2020031700100164,2020년 3월 17일 12시,화요일,서울특별시 강남구 대치동,경상사고,0,0,1,0,차대사람 - 길가장자리구역통행중,안전운전불이행,포장 - 건조,맑음,단일로 - 기타,승용,여,37세,상해없음,보행자,여,23세,경상
21526,2020031700100204,2020년 3월 17일 14시,화요일,서울특별시 은평구 갈현동,경상사고,0,0,1,0,차대사람 - 기타,기타,포장 - 건조,맑음,단일로 - 기타,특수,남,36세,상해없음,보행자,여,61세,경상
21527,2020031700100238,2020년 3월 17일 15시,화요일,서울특별시 강서구 방화동,경상사고,0,0,1,0,차대사람 - 기타,안전운전불이행,포장 - 건조,맑음,교차로 - 교차로안,승용,남,46세,상해없음,보행자,여,67세,경상
21528,2020031700100239,2020년 3월 17일 15시,화요일,서울특별시 강서구 등촌동,경상사고,0,0,1,0,차대사람 - 보도통행중,기타,포장 - 건조,맑음,기타 - 기타,화물,남,50세,상해없음,보행자,여,51세,경상
21529,2020031700100240,2020년 3월 17일 15시,화요일,서울특별시 강동구 천호동,중상사고,0,1,0,0,차대사람 - 기타,안전운전불이행,포장 - 건조,맑음,단일로 - 기타,승합,남,55세,상해없음,보행자,여,65세,중상
21530,2020031700100264,2020년 3월 17일 16시,화요일,서울특별시 송파구 방이동,경상사고,0,0,1,0,차대사람 - 기타,안전운전불이행,포장 - 건조,맑음,교차로 - 교차로안,승용,여,50세,상해없음,보행자,여,72세,경상
21531,2020031700100265,2020년 3월 17일 16시,화요일,서울특별시 성북구 장위동,경상사고,0,0,1,0,차대사람 - 기타,안전운전불이행,포장 - 건조,맑음,단일로 - 기타,승용,여,28세,상해없음,보행자,여,11세,경상
21532,2020031700100327,2020년 3월 17일 18시,화요일,서울특별시 관악구 봉천동,중상사고,0,1,0,0,차대사람 - 기타,안전운전불이행,포장 - 건조,맑음,단일로 - 기타,승용,남,45세,상해없음,보행자,여,34세,중상
21533,2020031700100328,2020년 3월 17일 18시,화요일,서울특별시 강서구 내발산동,경상사고,0,0,1,0,차대사람 - 기타,기타,포장 - 건조,맑음,교차로 - 교차로부근,이륜,남,16세,상해없음,보행자,남,39세,상해없음
21534,2020031700100330,2020년 3월 17일 18시,화요일,서울특별시 송파구 잠실동,경상사고,0,0,1,0,차대사람 - 기타,안전운전불이행,포장 - 건조,맑음,단일로 - 기타,승용,남,39세,상해없음,보행자,여,29세,경상
21535,2020031700100361,2020년 3월 17일 19시,화요일,서울특별시 영등포구 대림동,중상사고,0,1,0,0,차대사람 - 횡단중,보행자보호의무위반,포장 - 건조,맑음,단일로 - 기타,승용,남,66세,상해없음,보행자,남,43세,중상
21536,2020031700100362,2020년 3월 17일 19시,화요일,서울특별시 영등포구 대림동,경상사고,0,0,1,0,차대사람 - 횡단중,안전운전불이행,포장 - 건조,맑음,교차로 - 교차로부근,승용,남,35세,상해없음,보행자,여,69세,경상
21537,2020031700100363,2020년 3월 17일 19시,화요일,서울특별시 동작구 사당동,경상사고,0,0,1,0,차대사람 - 길가장자리구역통행중,안전운전불이행,포장 - 건조,맑음,단일로 - 기타,승용,남,63세,상해없음,보행자,남,88세,경상
21538,2020031700100366,2020년 3월 17일 19시,화요일,서울특별시 송파구 삼전동,경상사고,0,0,1,0,차대사람 - 기타,신호위반,포장 - 건조,맑음,단일로 - 기타,승용,남,38세,상해없음,보행자,남,56세,경상
21539,2020031700100367,2020년 3월 17일 19시,화요일,서울특별시 양천구 목동,중상사고,0,1,0,0,차대사람 - 기타,안전운전불이행,포장 - 건조,맑음,교차로 - 교차로안,승용,남,23세,상해없음,보행자,남,31세,중상
21540,2020031700100422,2020년 3월 17일 21시,화요일,서울특별시 광진구 능동,경상사고,0,0,1,0,차대사람 - 기타,안전운전불이행,포장 - 기타,맑음,기타 - 기타,승용,남,25세,기타불명,보행자,여,23세,경상
21541,2020031700100460,2020년 3월 17일 23시,화요일,서울특별시 강북구 수유동,경상사고,0,0,1,0,차대사람 - 기타,안전운전불이행,포장 - 건조,맑음,단일로 - 기타,승용,남,64세,상해없음,보행자,남,44세,경상
21542,2020031700100461,2020년 3월 17일 23시,화요일,서울특별시 광진구 능동,경상사고,0,0,1,0,차대사람 - 기타,안전운전불이행,포장 - 건조,맑음,단일로 - 기타,승용,남,52세,상해없음,보행자,남,35세,경상
21543,2020031800100026,2020년 3월 18일 03시,수요일,서울특별시 은평구 녹번동,경상사고,0,0,1,0,차대사람 - 차도통행중,안전운전불이행,포장 - 건조,맑음,교차로 - 교차로안,승용,남,50세,상해없음,보행자,남,60세,경상
21544,2020031800100030,2020년 3월 18일 04시,수요일,서울특별시 노원구 상계동,중상사고,0,1,0,0,차대사람 - 횡단중,안전운전불이행,포장 - 건조,맑음,단일로 - 교량,승용,남,67세,상해없음,보행자,여,73세,중상
21545,2020031800100036,2020년 3월 18일 05시,수요일,서울특별시 관악구 신림동,중상사고,0,1,0,0,차대사람 - 보도통행중,안전운전불이행,포장 - 기타,기타,기타 - 기타,화물,남,32세,상해없음,보행자,남,74세,중상
21546,2020031800100052,2020년 3월 18일 07시,수요일,서울특별시 용산구 후암동,중상사고,0,1,0,0,차대사람 - 횡단중,신호위반,포장 - 건조,맑음,교차로 - 교차로부근,승용,남,65세,상해없음,보행자,여,25세,중상
21547,2020031800100076,2020년 3월 18일 08시,수요일,서울특별시 성동구 사근동,경상사고,0,0,1,0,차대사람 - 횡단중,안전운전불이행,포장 - 건조,맑음,단일로 - 기타,자전거,남,47세,상해없음,보행자,여,58세,경상
21548,2020031800100109,2020년 3월 18일 09시,수요일,서울특별시 금천구 가산동,중상사고,0,1,0,0,차대사람 - 차도통행중,안전운전불이행,포장 - 건조,맑음,단일로 - 기타,화물,남,41세,상해없음,보행자,여,63세,중상
21549,2020031800100112,2020년 3월 18일 09시,수요일,서울특별시 구로구 온수동,경상사고,0,0,1,0,차대사람 - 기타,안전운전불이행,포장 - 건조,맑음,단일로 - 기타,화물,남,59세,상해없음,보행자,여,42세,경상
21550,2020031800100151,2020년 3월 18일 11시,수요일,서울특별시 중랑구 상봉동,부상신고사고,0,0,0,1,차대사람 - 기타,안전운전불이행,포장 - 건조,맑음,기타 - 기타,화물,남,51세,상해없음,보행자,남,81세,부상신고
21551,2020031800100182,2020년 3월 18일 12시,수요일,서울특별시 용산구 효창동,중상사고,0,1,0,0,차대사람 - 보도통행중,신호위반,포장 - 건조,맑음,교차로 - 교차로횡단보도내,승용,남,69세,상해없음,보행자,여,64세,중상
21552,2020031800100183,2020년 3월 18일 12시,수요일,서울특별시 관악구 남현동,경상사고,0,0,1,0,차대사람 - 횡단중,보행자보호의무위반,포장 - 건조,맑음,교차로 - 교차로부근,화물,남,50세,상해없음,보행자,여,63세,경상
21553,2020031800100206,2020년 3월 18일 13시,수요일,서울특별시 중랑구 면목동,중상사고,0,1,0,0,차대사람 - 횡단중,보행자보호의무위반,포장 - 건조,맑음,교차로 - 교차로횡단보도내,승용,여,24세,상해없음,보행자,여,53세,중상
21554,2020031800100227,2020년 3월 18일 14시,수요일,서울특별시 중구 인현동2가,경상사고,0,0,1,0,차대사람 - 횡단중,보행자보호의무위반,포장 - 건조,맑음,단일로 - 기타,이륜,남,46세,상해없음,보행자,남,60세,경상
21555,2020031800100232,2020년 3월 18일 14시,수요일,서울특별시 강동구 성내동,중상사고,0,1,0,0,차대사람 - 길가장자리구역통행중,안전운전불이행,포장 - 건조,맑음,단일로 - 기타,화물,남,58세,기타불명,보행자,여,71세,중상
21556,2020031800100295,2020년 3월 18일 16시,수요일,서울특별시 강동구 성내동,경상사고,0,0,1,0,차대사람 - 차도통행중,안전운전불이행,포장 - 건조,맑음,교차로 - 교차로부근,승용,남,58세,상해없음,보행자,여,76세,경상
21557,2020031800100296,2020년 3월 18일 16시,수요일,서울특별시 송파구 삼전동,경상사고,0,0,1,0,차대사람 - 기타,안전운전불이행,포장 - 건조,맑음,단일로 - 기타,승용,여,61세,상해없음,보행자,여,22세,경상
21558,2020031800100327,2020년 3월 18일 17시,수요일,서울특별시 용산구 이태원동,중상사고,0,1,0,0,차대사람 - 보도통행중,기타,포장 - 건조,맑음,기타 - 기타,자전거,남,47세,상해없음,보행자,여,32세,중상
21559,2020031800100333,2020년 3월 18일 17시,수요일,서울특별시 강동구 강일동,중상사고,0,1,0,0,차대사람 - 보도통행중,기타,포장 - 건조,맑음,교차로 - 교차로부근,자전거,남,64세,상해없음,보행자,남,62세,중상
21560,2020031800100334,2020년 3월 18일 17시,수요일,서울특별시 양천구 신월동,경상사고,0,0,1,0,차대사람 - 횡단중,보행자보호의무위반,포장 - 건조,맑음,교차로 - 교차로횡단보도내,승용,여,55세,상해없음,보행자,여,34세,경상
21561,2020031800100371,2020년 3월 18일 18시,수요일,서울특별시 영등포구 영등포동4가,경상사고,0,0,1,0,차대사람 - 횡단중,안전운전불이행,포장 - 건조,맑음,교차로 - 교차로부근,승용,남,43세,상해없음,보행자,남,30세,경상
21562,2020031800100407,2020년 3월 18일 19시,수요일,서울특별시 강북구 미아동,중상사고,0,1,0,0,차대사람 - 횡단중,보행자보호의무위반,포장 - 건조,맑음,단일로 - 기타,승합,남,53세,상해없음,보행자,여,56세,중상
21563,2020031800100437,2020년 3월 18일 20시,수요일,서울특별시 송파구 가락동,경상사고,0,0,1,0,차대사람 - 기타,불법유턴,포장 - 건조,맑음,교차로 - 교차로부근,승용,남,60세,상해없음,보행자,남,37세,경상
21564,2020031800100480,2020년 3월 18일 22시,수요일,서울특별시 서초구 잠원동,중상사고,0,1,0,0,차대사람 - 기타,안전운전불이행,포장 - 건조,맑음,교차로 - 교차로부근,승용,남,47세,상해없음,보행자,남,46세,중상
21565,2020031800100481,2020년 3월 18일 22시,수요일,서울특별시 강남구 대치동,중상사고,0,1,1,0,차대사람 - 횡단중,보행자보호의무위반,포장 - 건조,맑음,교차로 - 교차로부근,승용,여,46세,상해없음,보행자,여,31세,중상
21566,2020031800100500,2020년 3월 18일 23시,수요일,서울특별시 서초구 반포동,중상사고,0,1,0,0,차대사람 - 기타,안전운전불이행,포장 - 건조,맑음,단일로 - 기타,승용,여,71세,상해없음,보행자,남,31세,중상
21567,2020031900100005,2020년 3월 19일 00시,목요일,서울특별시 노원구 상계동,경상사고,0,0,1,0,차대사람 - 횡단중,보행자보호의무위반,포장 - 건조,맑음,교차로 - 교차로안,승용,남,71세,상해없음,보행자,남,41세,경상