,사고번호,사고일시,요일,시군구,사고내용,사망자수,중상자수,경상자수,부상신고자수,사고유형,법규위반,노면상태,기상상태,도로형태,가해운전자 차종,가해운전자 성별,가해운전자 연령,가해운전자 상해정도,피해운전자 차종,피해운전자 성별,피해운전자 연령,피해운전자 상해정도
22020,2020041200100198,2020년 4월 12일 14시,일요일,서울특별시 구로구 구로동,경상사고,0,0,1,0,차대사람 - 기타,안전운전불이행,포장 - 건조,맑음,기타 - 기타,승용,남,33세,상해없음,보행자,남,25세,경상
22021,2020041200100227,2020년 4월 12일 15시,일요일,서울특별시 성동구 성수동1가,경상사고,0,0,1,0,차대사람 - 보도통행중,기타,포장 - 건조,맑음,단일로 - 교량,자전거,남,54세,상해없음,보행자,남,22세,경상
22022,2020041200100228,2020년 4월 12일 15시,일요일,서울특별시 강동구 천호동,중상사고,0,1,0,0,차대사람 - 횡단중,안전운전불이행,포장 - 건조,맑음,단일로 - 기타,승용,여,29세,상해없음,보행자,여,52세,중상
22023,2020041200100229,2020년 4월 12일 15시,일요일,서울특별시 은평구 진관동,경상사고,0,0,1,0,차대사람 - 횡단중,신호위반,포장 - 건조,맑음,교차로 - 교차로횡단보도내,승용,여,73세,상해없음,보행자,여,39세,경상
22024,2020041200100365,2020년 4월 12일 20시,일요일,서울특별시 동대문구 전농동,경상사고,0,0,2,0,차대사람 - 횡단중,신호위반,포장 - 건조,맑음,교차로 - 교차로횡단보도내,이륜,남,19세,상해없음,보행자,여,28세,경상
22025,2020041300100060,2020년 4월 13일 08시,월요일,서울특별시 강서구 마곡동,경상사고,0,0,1,0,차대사람 - 기타,보행자보호의무위반,포장 - 건조,맑음,교차로 - 교차로안,기타불명,기타불명,미분류,기타불명,보행자,여,36세,경상
22026,2020041300100102,2020년 4월 13일 09시,월요일,서울특별시 서초구 서초동,부상신고사고,0,0,0,1,차대사람 - 횡단중,신호위반,포장 - 건조,맑음,단일로 - 기타,승용,남,37세,상해없음,보행자,남,59세,부상신고
22027,2020041300100130,2020년 4월 13일 10시,월요일,서울특별시 동대문구 장안동,경상사고,0,0,1,0,차대사람 - 보도통행중,보행자보호의무위반,포장 - 건조,맑음,교차로 - 교차로횡단보도내,승용,남,47세,상해없음,보행자,남,46세,경상
22028,2020041300100131,2020년 4월 13일 10시,월요일,서울특별시 동작구 상도동,경상사고,0,0,1,0,차대사람 - 횡단중,보행자보호의무위반,포장 - 건조,맑음,교차로 - 교차로안,승용,남,52세,상해없음,보행자,남,49세,경상
22029,2020041300100159,2020년 4월 13일 11시,월요일,서울특별시 송파구 마천동,경상사고,0,0,1,0,차대사람 - 길가장자리구역통행중,안전운전불이행,포장 - 건조,맑음,기타 - 기타,기타불명,기타불명,미분류,기타불명,보행자,여,59세,경상
22030,2020041300100191,2020년 4월 13일 12시,월요일,서울특별시 마포구 망원동,경상사고,0,0,1,0,차대사람 - 기타,안전운전불이행,포장 - 건조,맑음,단일로 - 기타,승용,여,39세,상해없음,보행자,여,19세,경상
22031,2020041300100192,2020년 4월 13일 12시,월요일,서울특별시 금천구 가산동,중상사고,0,1,0,0,차대사람 - 기타,보행자보호의무위반,포장 - 건조,맑음,교차로 - 교차로안,화물,남,40세,상해없음,보행자,남,65세,중상
22032,2020041300100222,2020년 4월 13일 13시,월요일,서울특별시 서대문구 연희동,중상사고,0,1,0,0,차대사람 - 기타,신호위반,포장 - 건조,맑음,교차로 - 교차로횡단보도내,화물,남,62세,상해없음,보행자,남,69세,중상
22033,2020041300100228,2020년 4월 13일 13시,월요일,서울특별시 송파구 석촌동,경상사고,0,0,1,0,차대사람 - 기타,안전운전불이행,포장 - 건조,맑음,단일로 - 기타,승용,여,52세,상해없음,보행자,남,31세,경상
22034,2020041300100230,2020년 4월 13일 13시,월요일,서울특별시 도봉구 도봉동,중상사고,0,1,0,0,차대사람 - 횡단중,신호위반,포장 - 건조,맑음,교차로 - 교차로안,승용,여,56세,상해없음,보행자,여,63세,중상
22035,2020041300100260,2020년 4월 13일 14시,월요일,서울특별시 동작구 대방동,중상사고,0,1,0,0,차대사람 - 차도통행중,안전운전불이행,포장 - 건조,맑음,교차로 - 교차로안,승용,남,25세,상해없음,보행자,여,53세,중상
22036,2020041300100288,2020년 4월 13일 15시,월요일,서울특별시 서초구 반포동,경상사고,0,0,1,0,차대사람 - 보도통행중,안전운전불이행,포장 - 건조,맑음,단일로 - 기타,승용,여,68세,상해없음,보행자,여,39세,경상
22037,2020041300100365,2020년 4월 13일 17시,월요일,서울특별시 양천구 신월동,경상사고,0,0,1,0,차대사람 - 횡단중,보행자보호의무위반,포장 - 건조,맑음,단일로 - 기타,승용,남,65세,상해없음,보행자,여,50세,경상
22038,2020041300100366,2020년 4월 13일 17시,월요일,서울특별시 노원구 상계동,중상사고,0,1,0,0,차대사람 - 횡단중,안전운전불이행,포장 - 건조,맑음,교차로 - 교차로부근,승합,남,52세,상해없음,보행자,남,47세,중상
22039,2020041300100368,2020년 4월 13일 17시,월요일,서울특별시 서초구 방배동,경상사고,0,0,1,0,차대사람 - 보도통행중,기타,포장 - 건조,맑음,기타 - 기타,승용,남,40세,상해없음,보행자,남,29세,경상
22040,2020041300100410,2020년 4월 13일 18시,월요일,서울특별시 종로구 평창동,경상사고,0,0,1,0,차대사람 - 기타,안전운전불이행,포장 - 건조,맑음,단일로 - 기타,승합,남,44세,상해없음,보행자,남,73세,경상
22041,2020041300100415,2020년 4월 13일 18시,월요일,서울특별시 강남구 청담동,중상사고,0,1,0,0,차대사람 - 기타,안전운전불이행,포장 - 건조,맑음,교차로 - 교차로안,승용,남,47세,상해없음,보행자,여,24세,중상
22042,2020041300100419,2020년 4월 13일 18시,월요일,서울특별시 서초구 양재동,경상사고,0,0,1,0,차대사람 - 기타,안전운전불이행,포장 - 건조,맑음,단일로 - 기타,이륜,남,31세,상해없음,보행자,남,29세,경상
22043,2020041300100420,2020년 4월 13일 18시,월요일,서울특별시 노원구 상계동,경상사고,0,0,1,0,차대사람 - 횡단중,신호위반,포장 - 건조,맑음,교차로 - 교차로안,승용,남,60세,상해없음,보행자,남,24세,경상
22044,2020041300100421,2020년 4월 13일 18시,월요일,서울특별시 도봉구 쌍문동,경상사고,0,0,1,0,차대사람 - 횡단중,안전운전불이행,포장 - 건조,맑음,교차로 - 교차로부근,화물,남,70세,상해없음,보행자,여,64세,경상
22045,2020041300100463,2020년 4월 13일 19시,월요일,서울특별시 강남구 역삼동,경상사고,0,0,1,0,차대사람 - 기타,기타,포장 - 건조,맑음,기타 - 기타,개인형이동수단(PM),남,37세,상해없음,보행자,여,30세,경상
22046,2020041300100505,2020년 4월 13일 20시,월요일,서울특별시 강북구 미아동,경상사고,0,0,1,0,차대사람 - 기타,안전운전불이행,포장 - 건조,맑음,교차로 - 교차로부근,승용,남,34세,상해없음,보행자,남,54세,경상
22047,2020041300100507,2020년 4월 13일 20시,월요일,서울특별시 성동구 성수동1가,경상사고,0,0,1,0,차대사람 - 기타,안전운전불이행,포장 - 건조,맑음,단일로 - 기타,승용,여,30세,상해없음,보행자,남,23세,경상
22048,2020041300100546,2020년 4월 13일 21시,월요일,서울특별시 도봉구 방학동,중상사고,0,1,0,0,차대사람 - 횡단중,안전운전불이행,포장 - 건조,맑음,단일로 - 기타,승용,남,47세,상해없음,보행자,남,58세,중상
22049,2020041300100547,2020년 4월 13일 21시,월요일,서울특별시 강남구 역삼동,중상사고,0,1,0,0,차대사람 - 횡단중,중앙선침범,포장 - 건조,맑음,교차로 - 교차로부근,개인형이동수단(PM),남,27세,상해없음,보행자,여,47세,중상
22050,2020041300100571,2020년 4월 13일 22시,월요일,서울특별시 성북구 정릉동,중상사고,0,1,0,0,차대사람 - 기타,안전운전불이행,포장 - 건조,맑음,단일로 - 기타,승합,남,61세,상해없음,보행자,남,60세,중상
22051,2020041300100573,2020년 4월 13일 22시,월요일,서울특별시 성북구 하월곡동,경상사고,0,0,1,0,차대사람 - 기타,안전운전불이행,포장 - 건조,맑음,단일로 - 기타,승용,남,41세,상해없음,보행자,남,50세,경상
22052,2020041400100018,2020년 4월 14일 01시,화요일,서울특별시 강남구 대치동,경상사고,0,0,1,0,차대사람 - 기타,기타,포장 - 건조,맑음,기타 - 기타,자전거,여,29세,상해없음,보행자,남,50세,경상
22053,2020041400100036,2020년 4월 14일 03시,화요일,서울특별시 관악구 봉천동,경상사고,0,0,1,0,차대사람 - 기타,과속,포장 - 건조,흐림,교차로 - 교차로부근,승용,남,28세,상해없음,보행자,여,20세,경상
22054,2020041400100076,2020년 4월 14일 08시,화요일,서울특별시 중구 을지로6가,중상사고,0,1,0,0,차대사람 - 횡단중,안전운전불이행,포장 - 건조,맑음,단일로 - 기타,화물,남,51세,상해없음,보행자,여,68세,중상
22055,2020041400100079,2020년 4월 14일 08시,화요일,서울특별시 성동구 성수동2가,경상사고,0,0,1,0,차대사람 - 횡단중,안전운전불이행,포장 - 건조,맑음,교차로 - 교차로안,승용,남,55세,상해없음,보행자,여,29세,경상
22056,2020041400100080,2020년 4월 14일 08시,화요일,서울특별시 중랑구 면목동,경상사고,0,0,1,0,차대사람 - 기타,안전운전불이행,포장 - 건조,맑음,기타 - 기타,승용,여,51세,상해없음,보행자,남,62세,경상
22057,2020041400100109,2020년 4월 14일 09시,화요일,서울특별시 성동구 홍익동,경상사고,0,0,1,0,차대사람 - 기타,안전운전불이행,포장 - 건조,맑음,단일로 - 기타,승합,남,69세,상해없음,보행자,남,26세,경상
22058,2020041400100115,2020년 4월 14일 09시,화요일,서울특별시 도봉구 창동,중상사고,0,1,0,0,차대사람 - 횡단중,보행자보호의무위반,포장 - 건조,맑음,교차로 - 교차로횡단보도내,화물,남,64세,상해없음,보행자,남,76세,중상
22059,2020041400100167,2020년 4월 14일 11시,화요일,서울특별시 중랑구 상봉동,경상사고,0,0,1,0,차대사람 - 길가장자리구역통행중,안전운전불이행,포장 - 건조,맑음,단일로 - 기타,승용,여,62세,상해없음,보행자,여,46세,경상
22060,2020041400100195,2020년 4월 14일 12시,화요일,서울특별시 서대문구 연희동,중상사고,0,1,0,0,차대사람 - 기타,안전운전불이행,포장 - 건조,맑음,교차로 - 교차로부근,승용,남,67세,상해없음,보행자,남,43세,중상
22061,2020041400100198,2020년 4월 14일 12시,화요일,서울특별시 강동구 암사동,중상사고,0,1,0,0,차대사람 - 횡단중,안전운전불이행,포장 - 건조,맑음,단일로 - 기타,화물,남,44세,상해없음,보행자,여,57세,중상
22062,2020041400100201,2020년 4월 14일 12시,화요일,서울특별시 서초구 방배동,경상사고,0,0,1,0,차대사람 - 횡단중,안전운전불이행,포장 - 건조,맑음,교차로 - 교차로부근,승용,남,54세,상해없음,보행자,여,52세,경상
22063,2020041400100233,2020년 4월 14일 13시,화요일,서울특별시 금천구 독산동,경상사고,0,0,1,0,차대사람 - 횡단중,보행자보호의무위반,포장 - 건조,맑음,교차로 - 교차로횡단보도내,승용,남,56세,상해없음,보행자,남,8세,경상
22064,2020041400100238,2020년 4월 14일 13시,화요일,서울특별시 노원구 상계동,경상사고,0,0,1,0,차대사람 - 횡단중,신호위반,포장 - 건조,맑음,교차로 - 교차로횡단보도내,자전거,남,20세,상해없음,보행자,여,60세,경상
22065,2020041400100239,2020년 4월 14일 13시,화요일,서울특별시 강남구 역삼동,중상사고,0,1,0,0,차대사람 - 횡단중,신호위반,포장 - 건조,맑음,단일로 - 기타,승용,여,35세,상해없음,보행자,남,51세,중상
22066,2020041400100275,2020년 4월 14일 14시,화요일,서울특별시 강서구 화곡동,중상사고,0,1,0,0,차대사람 - 차도통행중,안전운전불이행,포장 - 건조,맑음,교차로 - 교차로안,승용,남,26세,상해없음,보행자,여,70세,중상
22067,2020041400100299,2020년 4월 14일 15시,화요일,서울특별시 도봉구 창동,중상사고,0,1,0,0,차대사람 - 횡단중,안전운전불이행,포장 - 건조,맑음,단일로 - 기타,화물,남,47세,상해없음,보행자,남,77세,중상
22068,2020041400100420,2020년 4월 14일 18시,화요일,서울특별시 영등포구 양평동1가,중상사고,0,2,0,0,차대사람 - 보도통행중,기타,포장 - 건조,맑음,교차로 - 교차로부근,승용,남,65세,상해없음,보행자,여,24세,중상
22069,2020041400100421,2020년 4월 14일 18시,화요일,서울특별시 금천구 시흥동,경상사고,0,0,1,0,차대사람 - 기타,보행자보호의무위반,포장 - 건조,맑음,교차로 - 교차로안,승용,여,53세,상해없음,보행자,여,20세,경상
22070,2020041400100422,2020년 4월 14일 18시,화요일,서울특별시 강남구 신사동,경상사고,0,0,1,0,차대사람 - 기타,안전운전불이행,포장 - 건조,맑음,기타 - 기타,승용,남,55세,상해없음,보행자,여,27세,경상
22071,2020041400100468,2020년 4월 14일 19시,화요일,서울특별시 용산구 서계동,중상사고,0,1,0,0,차대사람 - 차도통행중,안전운전불이행,포장 - 건조,맑음,단일로 - 기타,승용,남,57세,상해없음,보행자,남,29세,중상
22072,2020041400100531,2020년 4월 14일 21시,화요일,서울특별시 중랑구 면목동,부상신고사고,0,0,0,1,차대사람 - 길가장자리구역통행중,안전운전불이행,포장 - 건조,맑음,단일로 - 기타,승용,남,27세,상해없음,보행자,남,55세,부상신고
22073,2020041400100560,2020년 4월 14일 22시,화요일,서울특별시 구로구 개봉동,경상사고,0,0,1,0,차대사람 - 기타,안전운전불이행,포장 - 건조,맑음,단일로 - 기타,승용,남,31세,기타불명,보행자,남,25세,경상
22074,2020041500100037,2020년 4월 15일 02시,수요일,서울특별시 강남구 역삼동,중상사고,0,1,0,0,차대사람 - 기타,신호위반,포장 - 기타,기타,단일로 - 기타,승용,남,62세,상해없음,보행자,여,23세,중상
22075,2020041500100044,2020년 4월 15일 03시,수요일,서울특별시 강서구 가양동,중상사고,0,1,0,0,차대사람 - 기타,보행자보호의무위반,포장 - 건조,맑음,단일로 - 기타,화물,남,52세,상해없음,보행자,남,67세,중상
22076,2020041500100066,2020년 4월 15일 06시,수요일,서울특별시 서초구 서초동,중상사고,0,1,0,0,차대사람 - 차도통행중,안전운전불이행,포장 - 건조,맑음,단일로 - 기타,승용,남,38세,상해없음,보행자,남,25세,중상
22077,2020041500100067,2020년 4월 15일 06시,수요일,서울특별시 은평구 역촌동,중상사고,0,1,0,0,차대사람 - 횡단중,보행자보호의무위반,포장 - 건조,맑음,교차로 - 교차로안,승용,남,68세,상해없음,보행자,남,51세,중상
22078,2020041500100124,2020년 4월 15일 10시,수요일,서울특별시 은평구 갈현동,경상사고,0,0,1,0,차대사람 - 기타,기타,포장 - 건조,맑음,단일로 - 기타,기타불명,기타불명,미분류,기타불명,보행자,여,62세,경상
22079,2020041500100138,2020년 4월 15일 11시,수요일,서울특별시 마포구 연남동,중상사고,0,1,0,0,차대사람 - 횡단중,안전운전불이행,포장 - 건조,맑음,단일로 - 기타,이륜,남,44세,상해없음,보행자,여,70세,중상
22080,2020041500100170,2020년 4월 15일 12시,수요일,서울특별시 송파구 거여동,경상사고,0,0,1,0,차대사람 - 기타,안전운전불이행,포장 - 건조,맑음,단일로 - 기타,승용,여,69세,상해없음,보행자,남,43세,경상
22081,2020041500100222,2020년 4월 15일 14시,수요일,서울특별시 구로구 가리봉동,중상사고,0,1,0,0,차대사람 - 기타,안전운전불이행,포장 - 건조,맑음,단일로 - 기타,화물,남,57세,상해없음,보행자,여,82세,중상
22082,2020041500100224,2020년 4월 15일 14시,수요일,서울특별시 도봉구 쌍문동,중상사고,0,1,1,0,차대사람 - 기타,안전운전불이행,포장 - 건조,맑음,단일로 - 기타,승용,여,44세,상해없음,보행자,남,46세,중상
22083,2020041500100260,2020년 4월 15일 15시,수요일,서울특별시 영등포구 양화동,경상사고,0,0,1,1,차대사람 - 기타,안전운전불이행,포장 - 건조,맑음,단일로 - 기타,자전거,여,44세,부상신고,보행자,여,55세,경상
22084,2020041500100263,2020년 4월 15일 15시,수요일,서울특별시 구로구 가리봉동,중상사고,0,1,0,0,차대사람 - 횡단중,안전운전불이행,포장 - 건조,맑음,단일로 - 기타,승합,남,56세,상해없음,보행자,여,66세,중상
22085,2020041500100265,2020년 4월 15일 15시,수요일,서울특별시 은평구 갈현동,경상사고,0,0,1,0,차대사람 - 기타,안전운전불이행,포장 - 건조,맑음,단일로 - 기타,승용,여,59세,상해없음,보행자,여,57세,경상
22086,2020041500100288,2020년 4월 15일 16시,수요일,서울특별시 중구 필동1가,경상사고,0,0,1,0,차대사람 - 횡단중,안전운전불이행,포장 - 건조,맑음,교차로 - 교차로안,승용,남,34세,상해없음,보행자,여,37세,경상
22087,2020041500100295,2020년 4월 15일 16시,수요일,서울특별시 노원구 상계동,중상사고,0,1,0,0,차대사람 - 횡단중,보행자보호의무위반,포장 - 건조,맑음,교차로 - 교차로안,승용,여,52세,상해없음,보행자,여,64세,중상
22088,2020041500100323,2020년 4월 15일 17시,수요일,서울특별시 영등포구 도림동,경상사고,0,0,1,0,차대사람 - 기타,안전운전불이행,포장 - 건조,맑음,단일로 - 기타,승용,남,38세,상해없음,보행자,남,55세,경상
22089,2020041500100324,2020년 4월 15일 17시,수요일,서울특별시 동작구 상도동,경상사고,0,0,1,0,차대사람 - 기타,안전운전불이행,포장 - 건조,맑음,기타 - 기타,승용,여,43세,상해없음,보행자,여,23세,경상
22090,2020041500100325,2020년 4월 15일 17시,수요일,서울특별시 노원구 월계동,경상사고,0,0,1,0,차대사람 - 기타,안전운전불이행,포장 - 건조,맑음,단일로 - 기타,승용,여,63세,상해없음,보행자,여,75세,경상
22091,2020041500100390,2020년 4월 15일 19시,수요일,서울특별시 중랑구 면목동,경상사고,0,0,1,0,차대사람 - 횡단중,안전운전불이행,포장 - 건조,맑음,기타 - 기타,화물,남,45세,상해없음,보행자,남,60세,경상
22092,2020041500100411,2020년 4월 15일 20시,수요일,서울특별시 광진구 구의동,경상사고,0,0,1,0,차대사람 - 기타,안전운전불이행,포장 - 건조,맑음,단일로 - 기타,승용,남,44세,상해없음,보행자,여,64세,경상
22093,2020041500100430,2020년 4월 15일 21시,수요일,서울특별시 영등포구 영등포동,중상사고,0,1,0,0,차대사람 - 기타,안전운전불이행,포장 - 건조,맑음,단일로 - 기타,승용,남,61세,상해없음,보행자,여,51세,중상
22094,2020041500100450,2020년 4월 15일 22시,수요일,서울특별시 서초구 서초동,경상사고,0,0,1,0,차대사람 - 횡단중,안전운전불이행,포장 - 건조,맑음,교차로 - 교차로부근,승용,남,59세,상해없음,보행자,남,25세,경상
22095,2020041600100031,2020년 4월 16일 04시,목요일,서울특별시 구로구 오류동,중상사고,0,1,0,0,차대사람 - 차도통행중,안전운전불이행,포장 - 건조,맑음,단일로 - 기타,승용,남,57세,상해없음,보행자,남,26세,중상
22096,2020041600100035,2020년 4월 16일 05시,목요일,서울특별시 영등포구 여의도동,중상사고,0,1,0,0,차대사람 - 횡단중,안전운전불이행,포장 - 건조,맑음,단일로 - 기타,승용,남,59세,상해없음,보행자,남,71세,중상
22097,2020041600100041,2020년 4월 16일 06시,목요일,서울특별시 중랑구 상봉동,경상사고,0,0,1,0,차대사람 - 보도통행중,안전운전불이행,포장 - 건조,맑음,단일로 - 기타,승용,남,59세,상해없음,보행자,남,31세,경상
22098,2020041600100042,2020년 4월 16일 06시,목요일,서울특별시 강서구 화곡동,중상사고,0,1,0,0,차대사람 - 횡단중,보행자보호의무위반,포장 - 건조,맑음,기타 - 기타,승용,남,59세,상해없음,보행자,여,44세,중상
22099,2020041600100071,2020년 4월 16일 08시,목요일,서울특별시 강남구 수서동,중상사고,0,1,0,0,차대사람 - 기타,안전운전불이행,포장 - 건조,맑음,단일로 - 기타,승용,남,51세,상해없음,보행자,여,62세,중상
22100,2020041600100120,2020년 4월 16일 10시,목요일,서울특별시 양천구 신정동,경상사고,0,0,1,0,차대사람 - 기타,안전운전불이행,포장 - 건조,맑음,단일로 - 기타,승용,남,47세,상해없음,보행자,여,46세,경상
22101,2020041600100164,2020년 4월 16일 12시,목요일,서울특별시 성북구 종암동,중상사고,0,1,0,0,차대사람 - 보도통행중,기타,포장 - 건조,맑음,교차로 - 교차로부근,승용,여,49세,상해없음,보행자,여,30세,중상
22102,2020041600100193,2020년 4월 16일 13시,목요일,서울특별시 중구 남산동2가,경상사고,0,0,1,0,차대사람 - 횡단중,보행자보호의무위반,포장 - 건조,맑음,교차로 - 교차로안,승용,남,75세,상해없음,보행자,남,45세,경상
22103,2020041600100194,2020년 4월 16일 13시,목요일,서울특별시 금천구 독산동,경상사고,0,0,1,0,차대사람 - 차도통행중,안전운전불이행,포장 - 건조,맑음,단일로 - 기타,승용,여,34세,상해없음,보행자,여,61세,경상
22104,2020041600100195,2020년 4월 16일 13시,목요일,서울특별시 강서구 화곡동,중상사고,0,1,0,0,차대사람 - 길가장자리구역통행중,안전운전불이행,포장 - 건조,맑음,단일로 - 기타,화물,남,44세,상해없음,보행자,여,71세,중상
22105,2020041600100261,2020년 4월 16일 15시,목요일,서울특별시 관악구 남현동,중상사고,0,1,0,0,차대사람 - 횡단중,안전운전불이행,포장 - 건조,맑음,교차로 - 교차로횡단보도내,승용,남,74세,상해없음,보행자,여,83세,중상
22106,2020041600100302,2020년 4월 16일 16시,목요일,서울특별시 관악구 신림동,경상사고,0,0,1,0,차대사람 - 길가장자리구역통행중,안전운전불이행,포장 - 건조,맑음,단일로 - 기타,승용,남,20세,상해없음,보행자,남,49세,경상
22107,2020041600100303,2020년 4월 16일 16시,목요일,서울특별시 송파구 문정동,경상사고,0,0,1,0,차대사람 - 횡단중,안전운전불이행,포장 - 건조,맑음,교차로 - 교차로안,승합,남,31세,상해없음,보행자,남,60세,경상
22108,2020041600100305,2020년 4월 16일 16시,목요일,서울특별시 노원구 상계동,경상사고,0,0,1,0,차대사람 - 횡단중,보행자보호의무위반,비포장 - 건조,흐림,교차로 - 교차로안,이륜,남,16세,상해없음,보행자,여,59세,경상
22109,2020041600100326,2020년 4월 16일 17시,목요일,서울특별시 동대문구 전농동,중상사고,0,1,0,0,차대사람 - 횡단중,보행자보호의무위반,포장 - 건조,맑음,단일로 - 기타,승용,남,48세,상해없음,보행자,남,46세,중상
22110,2020041600100327,2020년 4월 16일 17시,목요일,서울특별시 금천구 시흥동,경상사고,0,0,1,0,차대사람 - 기타,안전운전불이행,포장 - 건조,맑음,단일로 - 기타,승합,여,48세,상해없음,보행자,남,24세,경상
22111,2020041600100330,2020년 4월 16일 17시,목요일,서울특별시 노원구 상계동,중상사고,0,1,0,0,차대사람 - 보도통행중,신호위반,포장 - 건조,맑음,교차로 - 교차로안,승용,남,50세,상해없음,보행자,여,69세,중상
22112,2020041600100365,2020년 4월 16일 18시,목요일,서울특별시 서초구 서초동,중상사고,0,1,0,0,차대사람 - 기타,중앙선침범,포장 - 건조,맑음,교차로 - 교차로횡단보도내,이륜,남,47세,상해없음,보행자,여,57세,중상
22113,2020041600100366,2020년 4월 16일 18시,목요일,서울특별시 양천구 목동,경상사고,0,0,1,0,차대사람 - 기타,안전운전불이행,포장 - 기타,맑음,단일로 - 기타,승용,남,72세,상해없음,보행자,여,31세,경상
22114,2020041600100402,2020년 4월 16일 19시,목요일,서울특별시 용산구 갈월동,경상사고,0,0,1,0,차대사람 - 기타,안전운전불이행,포장 - 건조,맑음,단일로 - 기타,승용,남,29세,상해없음,보행자,여,33세,경상
22115,2020041600100403,2020년 4월 16일 19시,목요일,서울특별시 강남구 신사동,경상사고,0,0,1,0,차대사람 - 길가장자리구역통행중,안전운전불이행,포장 - 건조,맑음,단일로 - 기타,기타불명,기타불명,미분류,기타불명,보행자,남,21세,경상
22116,2020041600100439,2020년 4월 16일 20시,목요일,서울특별시 중랑구 면목동,경상사고,0,0,1,0,차대사람 - 보도통행중,안전운전불이행,포장 - 건조,기타,단일로 - 기타,기타불명,기타불명,미분류,기타불명,보행자,여,44세,경상
22117,2020041600100468,2020년 4월 16일 21시,목요일,서울특별시 강북구 미아동,경상사고,0,0,1,0,차대사람 - 기타,안전운전불이행,포장 - 건조,맑음,단일로 - 기타,승용,남,27세,상해없음,보행자,남,54세,경상
22118,2020041600100469,2020년 4월 16일 21시,목요일,서울특별시 동대문구 장안동,중상사고,0,1,0,0,차대사람 - 차도통행중,안전운전불이행,포장 - 건조,맑음,단일로 - 기타,승용,남,36세,상해없음,보행자,남,31세,중상
22119,2020041600100494,2020년 4월 16일 22시,목요일,서울특별시 광진구 군자동,경상사고,0,0,1,0,차대사람 - 기타,안전운전불이행,포장 - 건조,맑음,단일로 - 기타,승용,여,40세,상해없음,보행자,남,53세,경상
22120,2020041700100055,2020년 4월 17일 07시,금요일,서울특별시 강남구 역삼동,경상사고,0,0,1,0,차대사람 - 횡단중,보행자보호의무위반,포장 - 건조,맑음,단일로 - 기타,승용,남,46세,상해없음,보행자,여,26세,경상
22121,2020041700100148,2020년 4월 17일 11시,금요일,서울특별시 강서구 마곡동,경상사고,0,0,1,0,차대사람 - 차도통행중,안전운전불이행,포장 - 젖음/습기,비,단일로 - 기타,승용,남,55세,상해없음,보행자,남,25세,경상
22122,2020041700100182,2020년 4월 17일 12시,금요일,서울특별시 광진구 구의동,경상사고,0,0,1,0,차대사람 - 횡단중,신호위반,포장 - 건조,맑음,단일로 - 기타,승용,남,47세,상해없음,보행자,여,53세,경상
22123,2020041700100200,2020년 4월 17일 13시,금요일,서울특별시 종로구 평창동,경상사고,0,0,1,0,차대사람 - 보도통행중,안전운전불이행,포장 - 젖음/습기,비,단일로 - 지하차도(도로)내,승용,남,45세,상해없음,보행자,여,15세,경상
22124,2020041700100208,2020년 4월 17일 13시,금요일,서울특별시 서초구 서초동,경상사고,0,0,1,0,차대사람 - 차도통행중,안전운전불이행,포장 - 젖음/습기,비,교차로 - 교차로부근,화물,남,61세,상해없음,보행자,여,43세,경상
22125,2020041700100308,2020년 4월 17일 16시,금요일,서울특별시 은평구 구산동,중상사고,0,1,0,0,차대사람 - 기타,안전운전불이행,포장 - 건조,맑음,단일로 - 기타,승용,남,26세,상해없음,보행자,남,54세,중상
22126,2020041700100370,2020년 4월 17일 18시,금요일,서울특별시 노원구 상계동,경상사고,0,0,1,0,차대사람 - 기타,안전운전불이행,포장 - 건조,흐림,단일로 - 기타,승용,남,41세,상해없음,보행자,여,54세,경상
22127,2020041700100402,2020년 4월 17일 19시,금요일,서울특별시 강북구 수유동,경상사고,0,0,1,0,차대사람 - 기타,안전운전불이행,포장 - 건조,맑음,단일로 - 기타,승용,여,46세,상해없음,보행자,남,50세,경상
22128,2020041700100403,2020년 4월 17일 19시,금요일,서울특별시 중랑구 망우동,경상사고,0,0,1,0,차대사람 - 기타,안전운전불이행,포장 - 건조,맑음,단일로 - 기타,승용,여,38세,상해없음,보행자,남,49세,경상
22129,2020041700100404,2020년 4월 17일 19시,금요일,서울특별시 노원구 공릉동,중상사고,0,1,0,1,차대사람 - 횡단중,보행자보호의무위반,포장 - 건조,흐림,교차로 - 교차로횡단보도내,이륜,남,27세,부상신고,보행자,여,81세,중상
22130,2020041700100443,2020년 4월 17일 20시,금요일,서울특별시 노원구 월계동,경상사고,0,0,1,0,차대사람 - 보도통행중,안전운전불이행,포장 - 건조,맑음,단일로 - 기타,승용,남,58세,기타불명,보행자,남,53세,경상
22131,2020041700100445,2020년 4월 17일 20시,금요일,서울특별시 강남구 대치동,부상신고사고,0,0,0,1,차대사람 - 기타,안전운전불이행,포장 - 건조,맑음,단일로 - 기타,승용,남,55세,상해없음,보행자,남,60세,부상신고
22132,2020041700100530,2020년 4월 17일 23시,금요일,서울특별시 강동구 길동,경상사고,0,0,1,0,차대사람 - 기타,안전운전불이행,포장 - 건조,맑음,단일로 - 기타,승용,남,36세,상해없음,보행자,남,30세,경상