,사고번호,사고일시,요일,시군구,사고내용,사망자수,중상자수,경상자수,부상신고자수,사고유형,법규위반,노면상태,기상상태,도로형태,가해운전자 차종,가해운전자 성별,가해운전자 연령,가해운전자 상해정도,피해운전자 차종,피해운전자 성별,피해운전자 연령,피해운전자 상해정도
22133,2020041800100001,2020년 4월 18일 00시,토요일,서울특별시 영등포구 영등포동3가,경상사고,0,0,1,0,차대사람 - 횡단중,안전운전불이행,포장 - 건조,맑음,교차로 - 교차로횡단보도내,이륜,남,17세,기타불명,보행자,여,26세,경상
22134,2020041800100044,2020년 4월 18일 04시,토요일,서울특별시 강북구 수유동,경상사고,0,0,1,0,차대사람 - 기타,안전운전불이행,포장 - 건조,맑음,단일로 - 기타,승용,남,68세,상해없음,보행자,남,44세,경상
22135,2020041800100048,2020년 4월 18일 05시,토요일,서울특별시 중랑구 면목동,중상사고,0,1,0,0,차대사람 - 기타,안전운전불이행,포장 - 건조,기타,단일로 - 기타,승용,남,65세,상해없음,보행자,남,70세,중상
22136,2020041800100072,2020년 4월 18일 07시,토요일,서울특별시 구로구 고척동,경상사고,0,0,1,0,차대사람 - 횡단중,신호위반,포장 - 건조,맑음,교차로 - 교차로횡단보도내,승용,남,65세,상해없음,보행자,여,19세,경상
22137,2020041800100113,2020년 4월 18일 09시,토요일,서울특별시 양천구 목동,경상사고,0,0,1,0,차대사람 - 기타,안전운전불이행,포장 - 건조,맑음,단일로 - 기타,자전거,남,45세,상해없음,보행자,남,52세,경상
22138,2020041800100115,2020년 4월 18일 09시,토요일,서울특별시 강남구 역삼동,중상사고,0,1,0,0,차대사람 - 횡단중,보행자보호의무위반,포장 - 건조,맑음,교차로 - 교차로횡단보도내,승용,남,67세,상해없음,보행자,남,29세,중상
22139,2020041800100137,2020년 4월 18일 10시,토요일,서울특별시 중구 신당동,경상사고,0,0,1,0,차대사람 - 횡단중,보행자보호의무위반,포장 - 건조,맑음,기타 - 기타,자전거,남,26세,상해없음,보행자,남,34세,경상
22140,2020041800100233,2020년 4월 18일 13시,토요일,서울특별시 송파구 거여동,중상사고,0,1,0,0,차대사람 - 보도통행중,기타,포장 - 건조,맑음,기타 - 기타,승용,남,60세,상해없음,보행자,여,51세,중상
22141,2020041800100260,2020년 4월 18일 14시,토요일,서울특별시 중랑구 신내동,중상사고,0,1,0,0,차대사람 - 횡단중,안전운전불이행,포장 - 건조,맑음,교차로 - 교차로안,승합,남,54세,상해없음,보행자,여,70세,중상
22142,2020041800100295,2020년 4월 18일 15시,토요일,서울특별시 강북구 미아동,경상사고,0,0,1,0,차대사람 - 기타,안전운전불이행,포장 - 건조,맑음,단일로 - 기타,승용,남,60세,기타불명,보행자,남,46세,경상
22143,2020041800100300,2020년 4월 18일 15시,토요일,서울특별시 강남구 신사동,경상사고,0,0,1,0,차대사람 - 기타,기타,포장 - 건조,맑음,기타 - 기타,승용,여,50세,상해없음,보행자,여,33세,경상
22144,2020041800100442,2020년 4월 18일 19시,토요일,서울특별시 중랑구 면목동,경상사고,0,0,1,0,차대사람 - 기타,안전운전불이행,포장 - 건조,맑음,단일로 - 기타,화물,남,44세,상해없음,보행자,여,17세,경상
22145,2020041800100488,2020년 4월 18일 21시,토요일,서울특별시 중랑구 상봉동,경상사고,0,0,1,0,차대사람 - 기타,안전운전불이행,포장 - 건조,맑음,기타 - 기타,이륜,남,23세,기타불명,보행자,여,66세,경상
22146,2020041800100526,2020년 4월 18일 23시,토요일,서울특별시 중랑구 신내동,중상사고,0,1,0,0,차대사람 - 기타,신호위반,포장 - 건조,맑음,교차로 - 교차로횡단보도내,자전거,남,17세,상해없음,보행자,여,70세,중상
22147,2020041800100528,2020년 4월 18일 23시,토요일,서울특별시 서초구 서초동,경상사고,0,0,1,0,차대사람 - 기타,안전운전불이행,포장 - 건조,맑음,단일로 - 기타,승용,남,22세,상해없음,보행자,남,18세,경상
22148,2020041900100022,2020년 4월 19일 01시,일요일,서울특별시 서대문구 창천동,경상사고,0,0,1,0,차대사람 - 차도통행중,안전운전불이행,포장 - 건조,맑음,단일로 - 기타,승합,남,27세,상해없음,보행자,남,26세,경상
22149,2020041900100043,2020년 4월 19일 02시,일요일,서울특별시 송파구 석촌동,중상사고,0,1,2,0,차대사람 - 횡단중,안전운전불이행,포장 - 건조,맑음,단일로 - 기타,이륜,남,39세,경상,보행자,남,57세,경상
22150,2020041900100073,2020년 4월 19일 08시,일요일,서울특별시 도봉구 도봉동,중상사고,0,1,0,0,차대사람 - 횡단중,안전운전불이행,포장 - 건조,맑음,단일로 - 기타,승용,여,42세,상해없음,보행자,여,72세,중상
22151,2020041900100102,2020년 4월 19일 11시,일요일,서울특별시 서초구 반포동,부상신고사고,0,0,0,1,차대사람 - 기타,안전운전불이행,포장 - 건조,맑음,단일로 - 기타,승용,여,37세,상해없음,보행자,남,25세,부상신고
22152,2020041900100118,2020년 4월 19일 12시,일요일,서울특별시 동대문구 답십리동,중상사고,0,1,0,0,차대사람 - 횡단중,안전운전불이행,포장 - 건조,맑음,교차로 - 교차로횡단보도내,이륜,여,37세,상해없음,보행자,여,56세,중상
22153,2020041900100142,2020년 4월 19일 13시,일요일,서울특별시 영등포구 여의도동,부상신고사고,0,0,0,1,차대사람 - 기타,안전운전불이행,포장 - 건조,맑음,단일로 - 기타,자전거,남,58세,기타불명,보행자,남,32세,부상신고
22154,2020041900100168,2020년 4월 19일 14시,일요일,서울특별시 송파구 장지동,중상사고,0,1,0,0,차대사람 - 기타,안전운전불이행,포장 - 건조,맑음,단일로 - 기타,자전거,남,20세,상해없음,보행자,남,57세,중상
22155,2020041900100191,2020년 4월 19일 15시,일요일,서울특별시 성동구 응봉동,경상사고,0,0,1,0,차대사람 - 횡단중,보행자보호의무위반,포장 - 건조,맑음,교차로 - 교차로안,승용,여,20세,상해없음,보행자,여,65세,경상
22156,2020041900100214,2020년 4월 19일 16시,일요일,서울특별시 동작구 사당동,경상사고,0,0,1,0,차대사람 - 차도통행중,안전운전불이행,포장 - 젖음/습기,비,단일로 - 기타,승용,여,72세,상해없음,보행자,남,30세,경상
22157,2020041900100216,2020년 4월 19일 16시,일요일,서울특별시 은평구 불광동,중상사고,0,1,0,0,차대사람 - 횡단중,안전운전불이행,포장 - 젖음/습기,비,교차로 - 교차로안,승용,남,64세,상해없음,보행자,남,52세,중상
22158,2020041900100217,2020년 4월 19일 16시,일요일,서울특별시 은평구 역촌동,경상사고,0,0,1,0,차대사람 - 횡단중,안전운전불이행,포장 - 젖음/습기,비,교차로 - 교차로안,승용,남,27세,상해없음,보행자,남,57세,경상
22159,2020041900100237,2020년 4월 19일 17시,일요일,서울특별시 관악구 봉천동,중상사고,0,1,0,0,차대사람 - 횡단중,신호위반,포장 - 젖음/습기,비,단일로 - 기타,승용,남,34세,상해없음,보행자,여,61세,중상
22160,2020041900100241,2020년 4월 19일 17시,일요일,서울특별시 양천구 신정동,경상사고,0,0,1,0,차대사람 - 기타,안전운전불이행,포장 - 젖음/습기,비,단일로 - 기타,승용,여,46세,상해없음,보행자,남,63세,경상
22161,2020041900100289,2020년 4월 19일 19시,일요일,서울특별시 마포구 공덕동,경상사고,0,0,1,0,차대사람 - 횡단중,보행자보호의무위반,포장 - 젖음/습기,비,교차로 - 교차로안,승용,남,37세,상해없음,보행자,남,59세,경상
22162,2020041900100293,2020년 4월 19일 19시,일요일,서울특별시 노원구 상계동,중상사고,0,1,0,0,차대사람 - 기타,안전운전불이행,포장 - 젖음/습기,비,단일로 - 기타,이륜,남,16세,상해없음,보행자,남,72세,중상
22163,2020041900100329,2020년 4월 19일 20시,일요일,서울특별시 영등포구 영등포동4가,사망사고,1,0,0,0,차대사람 - 횡단중,안전운전불이행,포장 - 젖음/습기,비,교차로 - 교차로부근,승합,남,45세,상해없음,보행자,남,60세,사망
22164,2020041900100390,2020년 4월 19일 22시,일요일,서울특별시 동대문구 청량리동,경상사고,0,0,1,0,차대사람 - 횡단중,신호위반,포장 - 젖음/습기,비,교차로 - 교차로횡단보도내,승용,남,35세,상해없음,보행자,여,39세,경상
22165,2020041900100391,2020년 4월 19일 22시,일요일,서울특별시 중랑구 묵동,경상사고,0,0,1,0,차대사람 - 횡단중,안전운전불이행,포장 - 젖음/습기,비,단일로 - 기타,이륜,남,27세,상해없음,보행자,여,67세,경상
22166,2020042000100024,2020년 4월 20일 03시,월요일,서울특별시 양천구 신정동,중상사고,0,1,0,0,차대사람 - 기타,안전운전불이행,포장 - 젖음/습기,흐림,교차로 - 교차로안,승용,여,58세,상해없음,보행자,남,77세,중상
22167,2020042000100072,2020년 4월 20일 08시,월요일,서울특별시 노원구 공릉동,중상사고,0,1,0,0,차대사람 - 차도통행중,안전운전불이행,포장 - 건조,흐림,단일로 - 기타,자전거,남,56세,상해없음,보행자,여,58세,중상
22168,2020042000100100,2020년 4월 20일 09시,월요일,서울특별시 중랑구 면목동,경상사고,0,0,1,0,차대사람 - 기타,교차로운행방법위반,포장 - 건조,맑음,교차로 - 교차로부근,승용,남,44세,상해없음,보행자,남,48세,경상
22169,2020042000100127,2020년 4월 20일 10시,월요일,서울특별시 송파구 풍납동,경상사고,0,0,1,0,차대사람 - 기타,안전운전불이행,포장 - 젖음/습기,흐림,단일로 - 기타,승용,여,74세,상해없음,보행자,여,37세,경상
22170,2020042000100157,2020년 4월 20일 11시,월요일,서울특별시 서초구 양재동,경상사고,0,0,1,0,차대사람 - 기타,안전운전불이행,포장 - 건조,맑음,단일로 - 기타,승용,남,47세,상해없음,보행자,남,45세,경상
22171,2020042000100183,2020년 4월 20일 12시,월요일,서울특별시 마포구 대흥동,경상사고,0,0,1,0,차대사람 - 기타,보행자보호의무위반,포장 - 건조,맑음,교차로 - 교차로부근,승용,여,65세,상해없음,보행자,남,43세,경상
22172,2020042000100188,2020년 4월 20일 12시,월요일,서울특별시 강남구 도곡동,경상사고,0,0,1,0,차대사람 - 기타,보행자보호의무위반,포장 - 건조,맑음,단일로 - 기타,승합,남,70세,상해없음,보행자,여,37세,경상
22173,2020042000100222,2020년 4월 20일 13시,월요일,서울특별시 동작구 사당동,경상사고,0,0,1,0,차대사람 - 횡단중,안전운전불이행,포장 - 젖음/습기,비,단일로 - 기타,승용,남,57세,상해없음,보행자,여,57세,경상
22174,2020042000100255,2020년 4월 20일 14시,월요일,서울특별시 송파구 풍납동,중상사고,0,1,0,0,차대사람 - 횡단중,보행자보호의무위반,포장 - 건조,맑음,교차로 - 교차로부근,승용,남,74세,상해없음,보행자,여,67세,중상
22175,2020042000100303,2020년 4월 20일 15시,월요일,서울특별시 성북구 석관동,경상사고,0,0,1,0,차대사람 - 횡단중,보행자보호의무위반,포장 - 건조,맑음,교차로 - 교차로횡단보도내,승용,남,38세,상해없음,보행자,여,73세,경상
22176,2020042000100362,2020년 4월 20일 17시,월요일,서울특별시 동대문구 회기동,경상사고,0,0,1,0,차대사람 - 기타,안전운전불이행,포장 - 건조,맑음,교차로 - 교차로부근,승용,여,31세,상해없음,보행자,남,22세,경상
22177,2020042000100391,2020년 4월 20일 18시,월요일,서울특별시 영등포구 당산동3가,경상사고,0,0,1,0,차대사람 - 기타,보행자보호의무위반,포장 - 건조,맑음,단일로 - 기타,이륜,남,37세,기타불명,보행자,여,56세,경상
22178,2020042000100423,2020년 4월 20일 19시,월요일,서울특별시 서대문구 북가좌동,중상사고,0,1,0,0,차대사람 - 기타,안전운전불이행,포장 - 건조,맑음,단일로 - 기타,승합,남,54세,상해없음,보행자,남,53세,중상
22179,2020042000100457,2020년 4월 20일 20시,월요일,서울특별시 은평구 신사동,경상사고,0,0,1,0,차대사람 - 기타,안전운전불이행,포장 - 건조,맑음,단일로 - 기타,승용,남,33세,상해없음,보행자,여,35세,경상
22180,2020042000100518,2020년 4월 20일 23시,월요일,서울특별시 중랑구 중화동,사망사고,1,0,0,0,차대사람 - 횡단중,과속,포장 - 건조,맑음,교차로 - 교차로횡단보도내,승용,남,66세,상해없음,보행자,여,70세,사망
22181,2020042100100027,2020년 4월 21일 05시,화요일,서울특별시 영등포구 영등포동1가,중상사고,0,1,0,0,차대사람 - 보도통행중,보행자보호의무위반,포장 - 건조,맑음,기타 - 기타,화물,남,57세,상해없음,보행자,남,39세,중상
22182,2020042100100037,2020년 4월 21일 06시,화요일,서울특별시 영등포구 영등포동2가,경상사고,0,0,1,0,차대사람 - 보도통행중,보행자보호의무위반,포장 - 건조,맑음,단일로 - 기타,승용,남,49세,상해없음,보행자,남,62세,경상
22183,2020042100100046,2020년 4월 21일 07시,화요일,서울특별시 송파구 가락동,경상사고,0,0,2,0,차대사람 - 횡단중,신호위반,포장 - 건조,맑음,단일로 - 기타,승용,여,63세,상해없음,보행자,여,49세,경상
22184,2020042100100069,2020년 4월 21일 08시,화요일,서울특별시 강서구 화곡동,경상사고,0,0,1,0,차대사람 - 차도통행중,안전운전불이행,포장 - 건조,맑음,교차로 - 교차로부근,승용,여,43세,상해없음,보행자,여,79세,경상
22185,2020042100100070,2020년 4월 21일 08시,화요일,서울특별시 강서구 화곡동,경상사고,0,0,1,0,차대사람 - 기타,안전운전불이행,포장 - 건조,맑음,단일로 - 기타,화물,남,67세,상해없음,보행자,여,13세,경상
22186,2020042100100104,2020년 4월 21일 09시,화요일,서울특별시 중구 신당동,경상사고,0,0,1,0,차대사람 - 차도통행중,안전운전불이행,포장 - 건조,맑음,단일로 - 기타,화물,남,38세,상해없음,보행자,여,81세,경상
22187,2020042100100112,2020년 4월 21일 09시,화요일,서울특별시 강서구 화곡동,중상사고,0,1,0,0,차대사람 - 기타,안전운전불이행,포장 - 건조,맑음,교차로 - 교차로안,이륜,남,74세,상해없음,보행자,여,67세,중상
22188,2020042100100131,2020년 4월 21일 10시,화요일,서울특별시 용산구 동빙고동,중상사고,0,1,0,0,차대사람 - 길가장자리구역통행중,안전운전불이행,포장 - 건조,맑음,단일로 - 기타,승용,남,28세,상해없음,보행자,여,23세,중상
22189,2020042100100133,2020년 4월 21일 10시,화요일,서울특별시 관악구 봉천동,중상사고,0,1,0,0,차대사람 - 기타,안전운전불이행,포장 - 건조,맑음,단일로 - 기타,이륜,남,33세,상해없음,보행자,여,69세,중상
22190,2020042100100283,2020년 4월 21일 15시,화요일,서울특별시 노원구 상계동,경상사고,0,0,1,0,차대사람 - 기타,안전운전불이행,포장 - 건조,맑음,교차로 - 교차로부근,승용,여,52세,상해없음,보행자,여,64세,경상
22191,2020042100100316,2020년 4월 21일 16시,화요일,서울특별시 동작구 상도동,경상사고,0,0,1,0,차대사람 - 기타,안전운전불이행,포장 - 건조,맑음,단일로 - 기타,기타불명,기타불명,미분류,기타불명,보행자,여,67세,경상
22192,2020042100100318,2020년 4월 21일 16시,화요일,서울특별시 성북구 길음동,중상사고,0,1,0,0,차대사람 - 횡단중,안전운전불이행,포장 - 건조,맑음,교차로 - 교차로부근,승용,여,53세,상해없음,보행자,여,52세,중상
22193,2020042100100342,2020년 4월 21일 17시,화요일,서울특별시 용산구 이촌동,중상사고,0,1,0,0,차대사람 - 차도통행중,안전운전불이행,포장 - 건조,맑음,단일로 - 기타,승합,남,70세,상해없음,보행자,여,82세,중상
22194,2020042100100344,2020년 4월 21일 17시,화요일,서울특별시 도봉구 쌍문동,중상사고,0,1,0,0,차대사람 - 차도통행중,안전운전불이행,포장 - 건조,맑음,교차로 - 교차로안,승용,남,54세,상해없음,보행자,여,82세,중상
22195,2020042100100391,2020년 4월 21일 18시,화요일,서울특별시 서대문구 홍은동,중상사고,0,1,0,0,차대사람 - 기타,안전운전불이행,포장 - 건조,맑음,단일로 - 기타,승합,남,66세,상해없음,보행자,남,59세,중상
22196,2020042100100393,2020년 4월 21일 18시,화요일,서울특별시 성동구 용답동,중상사고,0,1,0,0,차대사람 - 기타,안전운전불이행,포장 - 건조,맑음,단일로 - 기타,화물,남,57세,상해없음,보행자,남,4세,중상
22197,2020042100100394,2020년 4월 21일 18시,화요일,서울특별시 양천구 목동,경상사고,0,0,1,0,차대사람 - 기타,안전운전불이행,포장 - 건조,맑음,단일로 - 기타,승용,여,38세,상해없음,보행자,여,27세,경상
22198,2020042100100452,2020년 4월 21일 20시,화요일,서울특별시 금천구 시흥동,부상신고사고,0,0,0,1,차대사람 - 기타,안전운전불이행,포장 - 건조,맑음,단일로 - 기타,승용,남,66세,상해없음,보행자,여,4세,부상신고
22199,2020042100100478,2020년 4월 21일 21시,화요일,서울특별시 송파구 가락동,경상사고,0,0,1,0,차대사람 - 횡단중,안전운전불이행,포장 - 건조,맑음,단일로 - 기타,승합,남,34세,상해없음,보행자,남,13세,경상
22200,2020042100100511,2020년 4월 21일 22시,화요일,서울특별시 강동구 천호동,중상사고,0,1,0,0,차대사람 - 횡단중,보행자보호의무위반,포장 - 건조,맑음,단일로 - 기타,이륜,남,23세,상해없음,보행자,여,50세,중상
22201,2020042200100015,2020년 4월 22일 01시,수요일,서울특별시 강북구 미아동,경상사고,0,0,1,0,차대사람 - 차도통행중,안전운전불이행,포장 - 건조,맑음,단일로 - 기타,승용,남,77세,상해없음,보행자,여,24세,경상
22202,2020042200100050,2020년 4월 22일 06시,수요일,서울특별시 송파구 방이동,부상신고사고,0,0,0,1,차대사람 - 기타,안전운전불이행,포장 - 건조,맑음,교차로 - 교차로부근,기타불명,기타불명,미분류,기타불명,보행자,여,74세,부상신고
22203,2020042200100121,2020년 4월 22일 09시,수요일,서울특별시 강서구 화곡동,중상사고,0,1,0,0,차대사람 - 횡단중,신호위반,포장 - 건조,맑음,교차로 - 교차로횡단보도내,화물,남,57세,상해없음,보행자,남,60세,중상
22204,2020042200100144,2020년 4월 22일 10시,수요일,서울특별시 서초구 서초동,경상사고,0,0,1,0,차대사람 - 기타,기타,포장 - 건조,맑음,기타 - 기타,원동기,남,26세,상해없음,보행자,남,42세,경상
22205,2020042200100145,2020년 4월 22일 10시,수요일,서울특별시 서초구 양재동,중상사고,0,1,0,0,차대사람 - 기타,기타,포장 - 건조,맑음,교차로 - 교차로부근,승합,남,70세,상해없음,보행자,여,31세,중상
22206,2020042200100204,2020년 4월 22일 12시,수요일,서울특별시 강북구 수유동,사망사고,1,0,0,0,차대사람 - 횡단중,과속,포장 - 건조,맑음,교차로 - 교차로부근,승용,남,33세,상해없음,보행자,남,50세,사망
22207,2020042200100205,2020년 4월 22일 12시,수요일,서울특별시 중랑구 상봉동,경상사고,0,0,1,0,차대사람 - 횡단중,안전운전불이행,포장 - 건조,맑음,교차로 - 교차로부근,승용,여,43세,상해없음,보행자,여,70세,경상
22208,2020042200100208,2020년 4월 22일 12시,수요일,서울특별시 도봉구 도봉동,중상사고,0,1,0,0,차대사람 - 기타,안전운전불이행,포장 - 건조,맑음,기타 - 기타,승용,여,43세,상해없음,보행자,여,41세,중상
22209,2020042200100237,2020년 4월 22일 13시,수요일,서울특별시 강남구 수서동,중상사고,0,1,0,0,차대사람 - 횡단중,보행자보호의무위반,포장 - 건조,맑음,단일로 - 기타,승용,여,43세,상해없음,보행자,여,80세,중상
22210,2020042200100286,2020년 4월 22일 15시,수요일,서울특별시 강서구 등촌동,경상사고,0,0,1,0,차대사람 - 보도통행중,보행자보호의무위반,포장 - 건조,맑음,교차로 - 교차로횡단보도내,이륜,남,24세,상해없음,보행자,여,52세,경상
22211,2020042200100357,2020년 4월 22일 17시,수요일,서울특별시 은평구 응암동,경상사고,0,0,1,0,차대사람 - 횡단중,안전운전불이행,포장 - 건조,맑음,교차로 - 교차로횡단보도내,승용,여,31세,상해없음,보행자,여,6세,경상
22212,2020042200100362,2020년 4월 22일 17시,수요일,서울특별시 노원구 상계동,중상사고,0,1,0,0,차대사람 - 횡단중,안전운전불이행,포장 - 건조,맑음,단일로 - 기타,승용,남,28세,상해없음,보행자,남,78세,중상
22213,2020042200100430,2020년 4월 22일 19시,수요일,서울특별시 동대문구 답십리동,경상사고,0,0,1,0,차대사람 - 횡단중,안전운전불이행,포장 - 건조,맑음,단일로 - 기타,승용,남,51세,상해없음,보행자,남,31세,경상
22214,2020042200100432,2020년 4월 22일 19시,수요일,서울특별시 동작구 사당동,경상사고,0,0,1,0,차대사람 - 길가장자리구역통행중,안전운전불이행,포장 - 건조,맑음,단일로 - 기타,승용,남,71세,상해없음,보행자,여,22세,경상
22215,2020042200100451,2020년 4월 22일 20시,수요일,서울특별시 동대문구 제기동,경상사고,0,0,1,0,차대사람 - 기타,안전운전불이행,포장 - 건조,맑음,교차로 - 교차로부근,승용,남,51세,상해없음,보행자,남,43세,경상
22216,2020042200100452,2020년 4월 22일 20시,수요일,서울특별시 광진구 화양동,중상사고,0,1,0,0,차대사람 - 보도통행중,기타,포장 - 건조,맑음,기타 - 기타,개인형이동수단(PM),남,25세,상해없음,보행자,여,38세,중상
22217,2020042200100453,2020년 4월 22일 20시,수요일,서울특별시 구로구 구로동,중상사고,0,1,0,0,차대사람 - 차도통행중,안전운전불이행,포장 - 건조,맑음,단일로 - 기타,화물,남,25세,상해없음,보행자,남,55세,중상
22218,2020042200100507,2020년 4월 22일 22시,수요일,서울특별시 동작구 사당동,중상사고,0,2,0,0,차대사람 - 횡단중,안전운전불이행,포장 - 건조,맑음,단일로 - 기타,승용,남,59세,상해없음,보행자,남,61세,중상
22219,2020042300100001,2020년 4월 23일 00시,목요일,서울특별시 용산구 이태원동,경상사고,0,0,1,0,차대사람 - 기타,안전운전불이행,포장 - 건조,맑음,단일로 - 기타,승용,남,44세,상해없음,보행자,남,24세,경상
22220,2020042300100031,2020년 4월 23일 03시,목요일,서울특별시 중랑구 망우동,사망사고,1,0,0,0,차대사람 - 기타,안전운전불이행,포장 - 건조,맑음,단일로 - 기타,승합,남,59세,상해없음,보행자,남,64세,사망
22221,2020042300100045,2020년 4월 23일 05시,목요일,서울특별시 은평구 녹번동,중상사고,0,1,0,0,차대사람 - 차도통행중,안전운전불이행,포장 - 건조,맑음,단일로 - 기타,승합,남,35세,상해없음,보행자,여,76세,중상
22222,2020042300100063,2020년 4월 23일 07시,목요일,서울특별시 성북구 안암동5가,중상사고,0,1,0,0,차대사람 - 기타,안전운전불이행,포장 - 건조,맑음,교차로 - 교차로안,화물,남,35세,상해없음,보행자,남,71세,중상
22223,2020042300100119,2020년 4월 23일 09시,목요일,서울특별시 광진구 중곡동,경상사고,0,0,1,0,차대사람 - 기타,안전운전불이행,포장 - 기타,맑음,기타 - 기타,승용,남,40세,상해없음,보행자,여,26세,경상
22224,2020042300100120,2020년 4월 23일 09시,목요일,서울특별시 마포구 창전동,경상사고,0,0,1,0,차대사람 - 횡단중,신호위반,포장 - 건조,맑음,단일로 - 기타,승용,여,64세,상해없음,보행자,여,25세,경상
22225,2020042300100122,2020년 4월 23일 09시,목요일,서울특별시 강남구 신사동,경상사고,0,0,1,0,차대사람 - 기타,안전운전불이행,포장 - 건조,맑음,기타 - 기타,승용,여,70세,상해없음,보행자,여,33세,경상
22226,2020042300100123,2020년 4월 23일 09시,목요일,서울특별시 송파구 방이동,경상사고,0,0,1,0,차대사람 - 보도통행중,기타,포장 - 건조,맑음,단일로 - 기타,승용,남,28세,상해없음,보행자,남,42세,경상
22227,2020042300100178,2020년 4월 23일 11시,목요일,서울특별시 성동구 성수동2가,경상사고,0,0,1,0,차대사람 - 횡단중,보행자보호의무위반,포장 - 건조,맑음,교차로 - 교차로안,승합,남,41세,상해없음,보행자,여,78세,경상
22228,2020042300100179,2020년 4월 23일 11시,목요일,서울특별시 성북구 장위동,경상사고,0,0,1,0,차대사람 - 기타,기타,포장 - 건조,맑음,단일로 - 기타,이륜,남,70세,상해없음,보행자,여,77세,경상
22229,2020042300100199,2020년 4월 23일 12시,목요일,서울특별시 영등포구 대림동,경상사고,0,0,1,0,차대사람 - 기타,신호위반,포장 - 건조,맑음,단일로 - 기타,승용,남,63세,상해없음,보행자,남,32세,경상
22230,2020042300100203,2020년 4월 23일 12시,목요일,서울특별시 서초구 서초동,경상사고,0,0,1,0,차대사람 - 기타,안전운전불이행,포장 - 건조,맑음,단일로 - 기타,승용,남,72세,상해없음,보행자,여,62세,경상
22231,2020042300100247,2020년 4월 23일 14시,목요일,서울특별시 도봉구 창동,중상사고,0,1,0,0,차대사람 - 기타,안전운전불이행,포장 - 건조,맑음,단일로 - 기타,기타불명,기타불명,미분류,기타불명,보행자,여,63세,중상
22232,2020042300100248,2020년 4월 23일 14시,목요일,서울특별시 강남구 대치동,경상사고,0,0,1,0,차대사람 - 기타,안전운전불이행,포장 - 건조,맑음,단일로 - 기타,화물,남,50세,상해없음,보행자,남,15세,경상
22233,2020042300100276,2020년 4월 23일 15시,목요일,서울특별시 중랑구 면목동,경상사고,0,0,1,0,차대사람 - 기타,안전운전불이행,포장 - 건조,맑음,단일로 - 기타,승용,여,37세,상해없음,보행자,여,55세,경상
22234,2020042300100278,2020년 4월 23일 15시,목요일,서울특별시 관악구 신림동,경상사고,0,0,1,0,차대사람 - 기타,보행자보호의무위반,포장 - 건조,맑음,교차로 - 교차로횡단보도내,화물,남,38세,상해없음,보행자,여,35세,경상
22235,2020042300100279,2020년 4월 23일 15시,목요일,서울특별시 서초구 양재동,경상사고,0,0,1,0,차대사람 - 기타,안전운전불이행,포장 - 건조,맑음,기타 - 기타,승합,남,59세,기타불명,보행자,여,39세,경상
22236,2020042300100280,2020년 4월 23일 15시,목요일,서울특별시 양천구 목동,중상사고,0,1,0,0,차대사람 - 기타,안전운전불이행,포장 - 건조,맑음,단일로 - 기타,승용,여,47세,상해없음,보행자,여,60세,중상
22237,2020042300100342,2020년 4월 23일 17시,목요일,서울특별시 마포구 도화동,중상사고,0,1,0,0,차대사람 - 차도통행중,안전운전불이행,포장 - 건조,맑음,교차로 - 교차로안,승용,여,32세,상해없음,보행자,여,84세,중상
22238,2020042300100345,2020년 4월 23일 17시,목요일,서울특별시 강서구 내발산동,중상사고,0,1,0,0,차대사람 - 횡단중,보행자보호의무위반,포장 - 건조,맑음,교차로 - 교차로횡단보도내,승용,남,73세,상해없음,보행자,남,63세,중상
22239,2020042300100399,2020년 4월 23일 18시,목요일,서울특별시 중랑구 중화동,부상신고사고,0,0,0,1,차대사람 - 기타,안전운전불이행,포장 - 건조,맑음,단일로 - 지하차도(도로)내,승용,남,39세,상해없음,보행자,남,8세,부상신고
22240,2020042300100439,2020년 4월 23일 19시,목요일,서울특별시 강남구 역삼동,경상사고,0,0,1,0,차대사람 - 보도통행중,기타,포장 - 건조,맑음,단일로 - 기타,승용,여,45세,상해없음,보행자,여,25세,경상
22241,2020042300100440,2020년 4월 23일 19시,목요일,서울특별시 강남구 역삼동,경상사고,0,0,1,0,차대사람 - 보도통행중,기타,포장 - 건조,맑음,단일로 - 기타,승용,여,45세,상해없음,보행자,여,25세,경상
22242,2020042300100471,2020년 4월 23일 20시,목요일,서울특별시 관악구 신림동,경상사고,0,0,1,0,차대사람 - 보도통행중,신호위반,포장 - 건조,맑음,단일로 - 기타,이륜,남,50세,상해없음,보행자,여,38세,경상
22243,2020042300100497,2020년 4월 23일 21시,목요일,서울특별시 강북구 미아동,중상사고,0,1,0,0,차대사람 - 횡단중,안전운전불이행,포장 - 건조,맑음,단일로 - 기타,화물,남,50세,상해없음,보행자,여,65세,중상
22244,2020042300100525,2020년 4월 23일 22시,목요일,서울특별시 강동구 강일동,경상사고,0,0,1,0,차대사람 - 기타,안전운전불이행,포장 - 건조,맑음,단일로 - 기타,승합,남,54세,상해없음,보행자,남,72세,경상
22245,2020042300100526,2020년 4월 23일 22시,목요일,서울특별시 송파구 방이동,경상사고,0,0,1,0,차대사람 - 기타,안전운전불이행,포장 - 건조,맑음,단일로 - 기타,승용,남,46세,상해없음,보행자,여,22세,경상