,사고번호,사고일시,요일,시군구,사고내용,사망자수,중상자수,경상자수,부상신고자수,사고유형,법규위반,노면상태,기상상태,도로형태,가해운전자 차종,가해운전자 성별,가해운전자 연령,가해운전자 상해정도,피해운전자 차종,피해운전자 성별,피해운전자 연령,피해운전자 상해정도
22473,2020050400100617,2020년 5월 4일 21시,월요일,서울특별시 은평구 갈현동,경상사고,0,0,1,0,차대사람 - 기타,안전운전불이행,포장 - 건조,맑음,교차로 - 교차로부근,승용,남,21세,상해없음,보행자,남,45세,경상
22474,2020050400100636,2020년 5월 4일 22시,월요일,서울특별시 종로구 종로5가,중상사고,0,1,0,1,차대사람 - 횡단중,신호위반,포장 - 건조,맑음,단일로 - 기타,자전거,여,21세,부상신고,보행자,남,46세,중상
22475,2020050400100637,2020년 5월 4일 22시,월요일,서울특별시 종로구 효제동,부상신고사고,0,0,0,1,차대사람 - 길가장자리구역통행중,안전운전불이행,포장 - 건조,맑음,단일로 - 기타,승용,남,31세,상해없음,보행자,남,56세,부상신고
22476,2020050400100654,2020년 5월 4일 23시,월요일,서울특별시 강북구 미아동,경상사고,0,0,1,0,차대사람 - 기타,안전운전불이행,포장 - 건조,맑음,교차로 - 교차로안,승용,남,70세,상해없음,보행자,여,58세,경상
22477,2020050400100657,2020년 5월 4일 23시,월요일,서울특별시 강동구 길동,경상사고,0,0,1,0,차대사람 - 차도통행중,안전운전불이행,포장 - 건조,맑음,교차로 - 교차로부근,승용,남,66세,상해없음,보행자,남,51세,경상
22478,2020050500100004,2020년 5월 5일 00시,화요일,서울특별시 성북구 종암동,경상사고,0,0,1,0,차대사람 - 횡단중,신호위반,포장 - 건조,맑음,교차로 - 교차로횡단보도내,이륜,남,41세,상해없음,보행자,남,43세,경상
22479,2020050500100045,2020년 5월 5일 04시,화요일,서울특별시 금천구 가산동,경상사고,0,0,1,0,차대사람 - 기타,안전운전불이행,포장 - 건조,맑음,교차로 - 교차로부근,승용,남,44세,상해없음,보행자,여,24세,경상
22480,2020050500100053,2020년 5월 5일 05시,화요일,서울특별시 송파구 마천동,중상사고,0,1,0,0,차대사람 - 기타,안전운전불이행,포장 - 건조,맑음,기타 - 기타,승용,남,46세,상해없음,보행자,여,59세,중상
22481,2020050500100063,2020년 5월 5일 06시,화요일,서울특별시 강남구 역삼동,경상사고,0,0,1,0,차대사람 - 기타,안전운전불이행,포장 - 기타,맑음,단일로 - 기타,승용,여,30세,상해없음,보행자,남,37세,경상
22482,2020050500100167,2020년 5월 5일 13시,화요일,서울특별시 양천구 신월동,중상사고,0,1,0,0,차대사람 - 기타,안전운전불이행,포장 - 건조,흐림,교차로 - 교차로안,화물,남,52세,상해없음,보행자,여,72세,중상
22483,2020050500100186,2020년 5월 5일 14시,화요일,서울특별시 강북구 수유동,경상사고,0,0,1,0,차대사람 - 기타,안전운전불이행,포장 - 건조,맑음,단일로 - 기타,승합,남,68세,상해없음,보행자,남,49세,경상
22484,2020050500100267,2020년 5월 5일 17시,화요일,서울특별시 중구 신당동,경상사고,0,0,1,0,차대사람 - 횡단중,보행자보호의무위반,포장 - 건조,맑음,교차로 - 교차로안,승용,남,30세,상해없음,보행자,남,62세,경상
22485,2020050500100305,2020년 5월 5일 18시,화요일,서울특별시 영등포구 신길동,경상사고,0,0,1,0,차대사람 - 횡단중,보행자보호의무위반,포장 - 건조,맑음,교차로 - 교차로안,승합,여,42세,상해없음,보행자,남,61세,경상
22486,2020050500100310,2020년 5월 5일 18시,화요일,서울특별시 서초구 서초동,경상사고,0,0,1,0,차대사람 - 횡단중,보행자보호의무위반,포장 - 건조,맑음,교차로 - 교차로횡단보도내,이륜,남,61세,상해없음,보행자,남,19세,경상
22487,2020050500100362,2020년 5월 5일 20시,화요일,서울특별시 강서구 화곡동,중상사고,0,1,0,0,차대사람 - 기타,안전운전불이행,포장 - 건조,맑음,단일로 - 기타,승용,남,40세,상해없음,보행자,여,29세,중상
22488,2020050500100364,2020년 5월 5일 20시,화요일,서울특별시 강동구 천호동,경상사고,0,0,1,0,차대사람 - 횡단중,안전운전불이행,포장 - 건조,맑음,교차로 - 교차로부근,승합,남,62세,상해없음,보행자,여,44세,경상
22489,2020050500100392,2020년 5월 5일 21시,화요일,서울특별시 중랑구 면목동,경상사고,0,0,2,0,차대사람 - 기타,안전운전불이행,포장 - 건조,맑음,단일로 - 기타,자전거,남,44세,상해없음,보행자,여,16세,경상
22490,2020050500100393,2020년 5월 5일 21시,화요일,서울특별시 강서구 내발산동,경상사고,0,0,1,0,차대사람 - 기타,안전운전불이행,포장 - 건조,맑음,단일로 - 기타,자전거,여,43세,상해없음,보행자,여,50세,경상
22491,2020050500100394,2020년 5월 5일 21시,화요일,서울특별시 강남구 대치동,경상사고,0,0,1,0,차대사람 - 횡단중,안전운전불이행,포장 - 건조,맑음,교차로 - 교차로부근,승용,남,36세,상해없음,보행자,여,17세,경상
22492,2020050500100417,2020년 5월 5일 22시,화요일,서울특별시 강북구 번동,경상사고,0,0,1,0,차대사람 - 횡단중,보행자보호의무위반,포장 - 건조,맑음,교차로 - 교차로부근,승용,남,55세,상해없음,보행자,여,70세,경상
22493,2020050500100435,2020년 5월 5일 23시,화요일,서울특별시 동작구 사당동,부상신고사고,0,0,0,1,차대사람 - 기타,안전운전불이행,포장 - 건조,맑음,교차로 - 교차로안,승합,여,52세,상해없음,보행자,남,58세,부상신고
22494,2020050500100436,2020년 5월 5일 23시,화요일,서울특별시 강남구 삼성동,경상사고,0,0,1,0,차대사람 - 기타,신호위반,포장 - 건조,맑음,단일로 - 기타,이륜,남,62세,상해없음,보행자,남,33세,경상
22495,2020050600100011,2020년 5월 6일 01시,수요일,서울특별시 강서구 등촌동,중상사고,0,1,0,0,차대사람 - 횡단중,안전운전불이행,포장 - 건조,맑음,단일로 - 기타,승용,남,63세,상해없음,보행자,여,22세,중상
22496,2020050600100034,2020년 5월 6일 06시,수요일,서울특별시 중구 신당동,경상사고,0,0,1,1,차대사람 - 횡단중,보행자보호의무위반,포장 - 건조,맑음,단일로 - 기타,개인형이동수단(PM),여,27세,부상신고,보행자,남,68세,경상
22497,2020050600100075,2020년 5월 6일 08시,수요일,서울특별시 강북구 미아동,경상사고,0,0,1,0,차대사람 - 기타,안전운전불이행,포장 - 건조,맑음,단일로 - 기타,승용,남,24세,상해없음,보행자,남,57세,경상
22498,2020050600100142,2020년 5월 6일 10시,수요일,서울특별시 종로구 숭인동,부상신고사고,0,0,0,1,차대사람 - 기타,기타,포장 - 건조,맑음,기타 - 기타,화물,남,42세,상해없음,보행자,남,71세,부상신고
22499,2020050600100147,2020년 5월 6일 10시,수요일,서울특별시 송파구 방이동,경상사고,0,0,1,0,차대사람 - 횡단중,안전운전불이행,포장 - 건조,맑음,교차로 - 교차로부근,승용,남,73세,상해없음,보행자,남,57세,경상
22500,2020050600100179,2020년 5월 6일 11시,수요일,서울특별시 송파구 신천동,중상사고,0,1,0,0,차대사람 - 횡단중,신호위반,포장 - 건조,맑음,단일로 - 기타,승용,남,62세,상해없음,보행자,남,48세,중상
22501,2020050600100216,2020년 5월 6일 12시,수요일,서울특별시 은평구 구산동,중상사고,0,1,0,0,차대사람 - 기타,안전운전불이행,포장 - 건조,맑음,단일로 - 기타,승용,남,70세,상해없음,보행자,여,50세,중상
22502,2020050600100256,2020년 5월 6일 13시,수요일,서울특별시 강동구 둔촌동,경상사고,0,0,1,0,차대사람 - 횡단중,안전운전불이행,포장 - 건조,맑음,교차로 - 교차로안,승용,남,60세,상해없음,보행자,남,25세,경상
22503,2020050600100257,2020년 5월 6일 13시,수요일,서울특별시 성북구 길음동,경상사고,0,0,1,0,차대사람 - 기타,안전운전불이행,포장 - 건조,맑음,기타 - 기타,승용,남,58세,상해없음,보행자,남,75세,경상
22504,2020050600100294,2020년 5월 6일 14시,수요일,서울특별시 광진구 중곡동,중상사고,0,1,0,0,차대사람 - 기타,안전운전불이행,포장 - 건조,맑음,교차로 - 교차로안,화물,남,48세,상해없음,보행자,여,78세,중상
22505,2020050600100296,2020년 5월 6일 14시,수요일,서울특별시 강남구 역삼동,경상사고,0,0,1,0,차대사람 - 기타,안전운전불이행,포장 - 건조,맑음,단일로 - 기타,화물,남,48세,상해없음,보행자,남,41세,경상
22506,2020050600100300,2020년 5월 6일 14시,수요일,서울특별시 서초구 양재동,부상신고사고,0,0,0,1,차대사람 - 기타,안전운전불이행,포장 - 건조,맑음,교차로 - 교차로횡단보도내,기타불명,기타불명,미분류,기타불명,보행자,남,48세,부상신고
22507,2020050600100340,2020년 5월 6일 15시,수요일,서울특별시 광진구 자양동,부상신고사고,0,0,0,1,차대사람 - 차도통행중,안전운전불이행,포장 - 건조,맑음,기타 - 기타,화물,남,41세,상해없음,보행자,남,6세,부상신고
22508,2020050600100343,2020년 5월 6일 15시,수요일,서울특별시 은평구 갈현동,경상사고,0,0,1,0,차대사람 - 기타,안전운전불이행,포장 - 건조,맑음,교차로 - 교차로안,승용,여,67세,상해없음,보행자,여,61세,경상
22509,2020050600100386,2020년 5월 6일 16시,수요일,서울특별시 강남구 역삼동,중상사고,0,1,0,0,차대사람 - 기타,안전운전불이행,포장 - 건조,기타,단일로 - 기타,화물,남,47세,상해없음,보행자,남,2세,중상
22510,2020050600100431,2020년 5월 6일 17시,수요일,서울특별시 중구 장충동2가,중상사고,0,1,0,0,차대사람 - 횡단중,안전운전불이행,포장 - 건조,맑음,교차로 - 교차로부근,화물,남,63세,상해없음,보행자,여,67세,중상
22511,2020050600100494,2020년 5월 6일 18시,수요일,서울특별시 영등포구 대림동,중상사고,0,1,0,0,차대사람 - 보도통행중,기타,포장 - 건조,맑음,기타 - 기타,승용,남,78세,상해없음,보행자,여,10세,중상
22512,2020050600100499,2020년 5월 6일 18시,수요일,서울특별시 양천구 신정동,경상사고,0,0,1,0,차대사람 - 기타,안전운전불이행,포장 - 건조,맑음,교차로 - 교차로안,승용,남,45세,상해없음,보행자,여,73세,경상
22513,2020050600100500,2020년 5월 6일 18시,수요일,서울특별시 서초구 반포동,중상사고,0,1,0,0,차대사람 - 차도통행중,안전운전불이행,포장 - 건조,맑음,단일로 - 지하차도(도로)내,개인형이동수단(PM),남,22세,상해없음,보행자,여,58세,중상
22514,2020050600100549,2020년 5월 6일 19시,수요일,서울특별시 종로구 동숭동,경상사고,0,0,2,0,차대사람 - 길가장자리구역통행중,안전운전불이행,포장 - 건조,맑음,단일로 - 기타,개인형이동수단(PM),남,33세,경상,보행자,여,28세,경상
22515,2020050600100553,2020년 5월 6일 19시,수요일,서울특별시 마포구 성산동,경상사고,0,0,1,0,차대사람 - 횡단중,보행자보호의무위반,포장 - 건조,흐림,교차로 - 교차로안,승용,남,34세,상해없음,보행자,남,55세,경상
22516,2020050600100554,2020년 5월 6일 19시,수요일,서울특별시 성동구 옥수동,부상신고사고,0,0,0,1,차대사람 - 기타,안전운전불이행,포장 - 건조,맑음,단일로 - 기타,기타불명,기타불명,미분류,기타불명,보행자,여,24세,부상신고
22517,2020050600100555,2020년 5월 6일 19시,수요일,서울특별시 강서구 화곡동,경상사고,0,0,1,0,차대사람 - 횡단중,보행자보호의무위반,포장 - 건조,흐림,교차로 - 교차로횡단보도내,승용,남,26세,상해없음,보행자,남,23세,경상
22518,2020050600100558,2020년 5월 6일 19시,수요일,서울특별시 양천구 목동,중상사고,0,1,0,0,차대사람 - 기타,안전운전불이행,포장 - 건조,맑음,단일로 - 기타,원동기,남,33세,상해없음,보행자,여,31세,중상
22519,2020050600100584,2020년 5월 6일 20시,수요일,서울특별시 강서구 염창동,사망사고,1,0,0,0,차대사람 - 차도통행중,안전운전불이행,포장 - 건조,맑음,교차로 - 교차로부근,승합,남,47세,상해없음,보행자,남,68세,사망
22520,2020050600100609,2020년 5월 6일 21시,수요일,서울특별시 동작구 사당동,경상사고,0,0,1,0,차대사람 - 길가장자리구역통행중,안전운전불이행,포장 - 건조,맑음,단일로 - 기타,승용,남,32세,상해없음,보행자,여,27세,경상
22521,2020050600100639,2020년 5월 6일 22시,수요일,서울특별시 중랑구 면목동,경상사고,0,0,1,0,차대사람 - 기타,안전운전불이행,포장 - 건조,기타,단일로 - 기타,자전거,남,14세,상해없음,보행자,남,27세,경상
22522,2020050600100640,2020년 5월 6일 22시,수요일,서울특별시 강남구 역삼동,경상사고,0,0,1,0,차대사람 - 기타,보행자보호의무위반,포장 - 건조,맑음,단일로 - 기타,승용,남,53세,상해없음,보행자,여,56세,경상
22523,2020050700100039,2020년 5월 7일 03시,목요일,서울특별시 성북구 삼선동2가,중상사고,0,1,0,0,차대사람 - 횡단중,안전운전불이행,포장 - 기타,맑음,단일로 - 기타,승용,남,50세,상해없음,보행자,남,48세,중상
22524,2020050700100042,2020년 5월 7일 04시,목요일,서울특별시 은평구 갈현동,경상사고,0,0,1,0,차대사람 - 기타,안전운전불이행,포장 - 건조,맑음,교차로 - 교차로부근,승용,남,27세,상해없음,보행자,남,20세,경상
22525,2020050700100072,2020년 5월 7일 07시,목요일,서울특별시 영등포구 신길동,경상사고,0,0,1,0,차대사람 - 기타,안전운전불이행,포장 - 건조,맑음,단일로 - 기타,승용,남,32세,상해없음,보행자,남,27세,경상
22526,2020050700100073,2020년 5월 7일 07시,목요일,서울특별시 중랑구 상봉동,중상사고,0,1,0,0,차대사람 - 횡단중,보행자보호의무위반,포장 - 건조,맑음,교차로 - 교차로횡단보도내,화물,남,43세,상해없음,보행자,여,69세,중상
22527,2020050700100074,2020년 5월 7일 07시,목요일,서울특별시 관악구 신림동,경상사고,0,0,1,0,차대사람 - 기타,기타,포장 - 기타,기타,단일로 - 기타,승합,남,58세,상해없음,보행자,여,53세,경상
22528,2020050700100076,2020년 5월 7일 07시,목요일,서울특별시 강서구 외발산동,경상사고,0,0,1,0,차대사람 - 횡단중,신호위반,포장 - 건조,맑음,교차로 - 교차로횡단보도내,승용,남,29세,상해없음,보행자,여,62세,경상
22529,2020050700100103,2020년 5월 7일 08시,목요일,서울특별시 금천구 독산동,중상사고,0,1,0,0,차대사람 - 기타,신호위반,포장 - 건조,맑음,단일로 - 기타,승합,남,27세,상해없음,보행자,여,26세,중상
22530,2020050700100106,2020년 5월 7일 08시,목요일,서울특별시 송파구 풍납동,중상사고,0,1,0,0,차대사람 - 횡단중,보행자보호의무위반,포장 - 건조,맑음,단일로 - 기타,승용,남,30세,상해없음,보행자,남,68세,중상
22531,2020050700100107,2020년 5월 7일 08시,목요일,서울특별시 강남구 세곡동,경상사고,0,0,1,0,차대사람 - 횡단중,보행자보호의무위반,포장 - 건조,맑음,단일로 - 기타,승용,여,56세,상해없음,보행자,여,47세,경상
22532,2020050700100148,2020년 5월 7일 09시,목요일,서울특별시 영등포구 문래동3가,경상사고,0,0,1,0,차대사람 - 기타,보행자보호의무위반,포장 - 건조,맑음,단일로 - 기타,승용,남,60세,상해없음,보행자,남,65세,경상
22533,2020050700100150,2020년 5월 7일 09시,목요일,서울특별시 서초구 서초동,경상사고,0,0,1,0,차대사람 - 횡단중,보행자보호의무위반,포장 - 건조,맑음,교차로 - 교차로안,승용,여,35세,상해없음,보행자,남,26세,경상
22534,2020050700100177,2020년 5월 7일 10시,목요일,서울특별시 종로구 원남동,중상사고,0,1,0,0,차대사람 - 차도통행중,안전운전불이행,포장 - 건조,맑음,단일로 - 기타,이륜,남,44세,상해없음,보행자,여,62세,중상
22535,2020050700100179,2020년 5월 7일 10시,목요일,서울특별시 마포구 서교동,부상신고사고,0,0,0,1,차대사람 - 횡단중,안전운전불이행,포장 - 건조,맑음,단일로 - 기타,기타불명,기타불명,미분류,기타불명,보행자,남,29세,부상신고
22536,2020050700100181,2020년 5월 7일 10시,목요일,서울특별시 강동구 천호동,경상사고,0,0,1,0,차대사람 - 기타,안전운전불이행,포장 - 건조,맑음,기타 - 기타,승용,남,72세,상해없음,보행자,남,38세,경상
22537,2020050700100227,2020년 5월 7일 11시,목요일,서울특별시 강남구 역삼동,경상사고,0,0,1,0,차대사람 - 기타,안전운전불이행,포장 - 건조,맑음,단일로 - 기타,승용,남,49세,상해없음,보행자,남,25세,경상
22538,2020050700100300,2020년 5월 7일 13시,목요일,서울특별시 중구 신당동,중상사고,0,1,0,0,차대사람 - 기타,안전운전불이행,포장 - 건조,맑음,단일로 - 기타,화물,남,33세,상해없음,보행자,남,64세,중상
22539,2020050700100302,2020년 5월 7일 13시,목요일,서울특별시 강북구 수유동,경상사고,0,0,1,0,차대사람 - 기타,보행자보호의무위반,포장 - 건조,맑음,교차로 - 교차로횡단보도내,승용,남,27세,상해없음,보행자,여,34세,경상
22540,2020050700100303,2020년 5월 7일 13시,목요일,서울특별시 동대문구 제기동,경상사고,0,0,1,0,차대사람 - 차도통행중,안전운전불이행,포장 - 건조,맑음,단일로 - 기타,승용,여,53세,상해없음,보행자,여,68세,경상
22541,2020050700100304,2020년 5월 7일 13시,목요일,서울특별시 광진구 화양동,중상사고,0,1,0,0,차대사람 - 횡단중,신호위반,포장 - 건조,맑음,단일로 - 기타,화물,남,46세,상해없음,보행자,남,24세,중상
22542,2020050700100338,2020년 5월 7일 14시,목요일,서울특별시 중랑구 중화동,부상신고사고,0,0,0,1,차대사람 - 기타,안전운전불이행,포장 - 건조,맑음,단일로 - 기타,승용,남,54세,상해없음,보행자,남,65세,부상신고
22543,2020050700100339,2020년 5월 7일 14시,목요일,서울특별시 강동구 둔촌동,중상사고,0,1,0,0,차대사람 - 기타,신호위반,포장 - 건조,맑음,교차로 - 교차로안,승용,남,58세,상해없음,보행자,남,72세,중상
22544,2020050700100380,2020년 5월 7일 15시,목요일,서울특별시 동대문구 장안동,중상사고,0,1,0,0,차대사람 - 기타,안전운전불이행,포장 - 건조,맑음,단일로 - 기타,자전거,남,14세,상해없음,보행자,여,55세,중상
22545,2020050700100385,2020년 5월 7일 15시,목요일,서울특별시 도봉구 방학동,중상사고,0,1,0,0,차대사람 - 기타,기타,포장 - 건조,맑음,단일로 - 기타,화물,남,48세,상해없음,보행자,여,80세,중상
22546,2020050700100422,2020년 5월 7일 16시,목요일,서울특별시 강서구 염창동,중상사고,0,1,0,0,차대사람 - 기타,신호위반,포장 - 건조,맑음,단일로 - 기타,승용,여,33세,상해없음,보행자,남,17세,중상
22547,2020050700100467,2020년 5월 7일 17시,목요일,서울특별시 강서구 화곡동,중상사고,0,1,0,0,차대사람 - 횡단중,중앙선침범,포장 - 건조,맑음,교차로 - 교차로횡단보도내,원동기,남,41세,상해없음,보행자,여,68세,중상
22548,2020050700100519,2020년 5월 7일 18시,목요일,서울특별시 성북구 종암동,중상사고,0,1,0,0,차대사람 - 차도통행중,안전운전불이행,포장 - 건조,맑음,교차로 - 교차로부근,이륜,남,53세,상해없음,보행자,여,72세,중상
22549,2020050700100565,2020년 5월 7일 19시,목요일,서울특별시 노원구 상계동,경상사고,0,0,1,0,차대사람 - 횡단중,안전운전불이행,포장 - 건조,맑음,교차로 - 교차로안,승용,여,60세,상해없음,보행자,여,26세,경상
22550,2020050700100594,2020년 5월 7일 20시,목요일,서울특별시 용산구 용산동2가,경상사고,0,0,2,0,차대사람 - 횡단중,안전운전불이행,포장 - 건조,맑음,단일로 - 기타,자전거,남,15세,상해없음,보행자,남,39세,경상
22551,2020050700100596,2020년 5월 7일 20시,목요일,서울특별시 관악구 신림동,경상사고,0,0,1,0,차대사람 - 횡단중,보행자보호의무위반,포장 - 건조,맑음,교차로 - 교차로부근,승용,여,33세,상해없음,보행자,여,55세,경상
22552,2020050700100620,2020년 5월 7일 21시,목요일,서울특별시 서대문구 북가좌동,경상사고,0,0,1,0,차대사람 - 기타,안전운전불이행,포장 - 건조,흐림,기타 - 기타,자전거,여,30세,상해없음,보행자,여,77세,경상
22553,2020050700100623,2020년 5월 7일 21시,목요일,서울특별시 강서구 화곡동,경상사고,0,0,1,0,차대사람 - 횡단중,신호위반,포장 - 건조,맑음,단일로 - 기타,승용,남,78세,상해없음,보행자,여,38세,경상
22554,2020050700100625,2020년 5월 7일 21시,목요일,서울특별시 은평구 대조동,경상사고,0,0,2,0,차대사람 - 기타,안전운전불이행,포장 - 건조,맑음,주차장 - 주차장,기타불명,남,45세,상해없음,보행자,남,25세,경상
22555,2020050700100641,2020년 5월 7일 22시,목요일,서울특별시 성북구 종암동,중상사고,0,1,0,0,차대사람 - 차도통행중,안전운전불이행,포장 - 건조,맑음,단일로 - 기타,승합,남,44세,상해없음,보행자,남,36세,중상
22556,2020050700100660,2020년 5월 7일 23시,목요일,서울특별시 중구 신당동,경상사고,0,0,1,0,차대사람 - 기타,안전운전불이행,포장 - 건조,맑음,단일로 - 기타,승용,남,38세,상해없음,보행자,남,33세,경상
22557,2020050700100661,2020년 5월 7일 23시,목요일,서울특별시 마포구 아현동,중상사고,0,1,0,0,차대사람 - 기타,안전운전불이행,포장 - 건조,맑음,단일로 - 기타,승용,남,46세,상해없음,보행자,남,48세,중상
22558,2020050700100662,2020년 5월 7일 23시,목요일,서울특별시 중랑구 상봉동,경상사고,0,0,1,0,차대사람 - 기타,안전운전불이행,포장 - 건조,기타,교차로 - 교차로부근,기타불명,기타불명,미분류,기타불명,보행자,남,38세,경상
22559,2020050700100663,2020년 5월 7일 23시,목요일,서울특별시 송파구 방이동,경상사고,0,0,1,0,차대사람 - 차도통행중,안전운전불이행,포장 - 건조,맑음,교차로 - 교차로안,승용,남,38세,상해없음,보행자,남,31세,경상
22560,2020050700100664,2020년 5월 7일 23시,목요일,서울특별시 송파구 가락동,경상사고,0,0,1,0,차대사람 - 횡단중,안전운전불이행,포장 - 건조,맑음,교차로 - 교차로안,승용,남,29세,상해없음,보행자,남,24세,경상
22561,2020050800100001,2020년 5월 8일 00시,금요일,서울특별시 중구 장교동,경상사고,0,0,1,0,차대사람 - 기타,안전운전불이행,포장 - 건조,맑음,단일로 - 기타,개인형이동수단(PM),남,24세,기타불명,보행자,남,62세,경상
22562,2020050800100002,2020년 5월 8일 00시,금요일,서울특별시 영등포구 여의도동,중상사고,0,1,0,0,차대사람 - 기타,기타,포장 - 건조,맑음,기타 - 기타,승용,남,59세,상해없음,보행자,남,60세,중상
22563,2020050800100012,2020년 5월 8일 01시,금요일,서울특별시 강남구 논현동,경상사고,0,0,1,0,차대사람 - 횡단중,보행자보호의무위반,포장 - 건조,맑음,교차로 - 교차로횡단보도내,기타불명,기타불명,미분류,기타불명,보행자,남,40세,경상
22564,2020050800100020,2020년 5월 8일 02시,금요일,서울특별시 강동구 천호동,경상사고,0,0,1,0,차대사람 - 길가장자리구역통행중,안전운전불이행,포장 - 건조,맑음,단일로 - 기타,승용,남,28세,상해없음,보행자,남,59세,경상
22565,2020050800100107,2020년 5월 8일 09시,금요일,서울특별시 중랑구 중화동,경상사고,0,0,1,0,차대사람 - 기타,안전운전불이행,포장 - 건조,흐림,단일로 - 기타,승용,남,68세,기타불명,보행자,여,78세,경상
22566,2020050800100111,2020년 5월 8일 09시,금요일,서울특별시 강남구 도곡동,경상사고,0,0,1,0,차대사람 - 기타,안전운전불이행,포장 - 건조,맑음,단일로 - 기타,기타불명,기타불명,미분류,기타불명,보행자,남,42세,경상
22567,2020050800100142,2020년 5월 8일 10시,금요일,서울특별시 성동구 응봉동,중상사고,0,1,0,0,차대사람 - 보도통행중,기타,포장 - 건조,맑음,기타 - 기타,승용,남,47세,상해없음,보행자,남,77세,중상
22568,2020050800100145,2020년 5월 8일 10시,금요일,서울특별시 송파구 잠실동,경상사고,0,0,1,0,차대사람 - 기타,안전운전불이행,포장 - 건조,맑음,단일로 - 기타,승용,남,69세,상해없음,보행자,남,23세,경상
22569,2020050800100147,2020년 5월 8일 10시,금요일,서울특별시 강남구 개포동,중상사고,0,1,3,0,차대사람 - 기타,안전운전불이행,포장 - 건조,맑음,교차로 - 교차로부근,승용,남,75세,경상,보행자,남,52세,중상
22570,2020050800100216,2020년 5월 8일 12시,금요일,서울특별시 동대문구 제기동,중상사고,0,1,0,0,차대사람 - 기타,안전운전불이행,포장 - 건조,맑음,단일로 - 기타,이륜,남,14세,상해없음,보행자,여,88세,중상
22571,2020050800100221,2020년 5월 8일 12시,금요일,서울특별시 강남구 대치동,경상사고,0,0,1,0,차대사람 - 기타,안전운전불이행,포장 - 건조,맑음,단일로 - 기타,승용,남,56세,상해없음,보행자,남,55세,경상
22572,2020050800100245,2020년 5월 8일 13시,금요일,서울특별시 마포구 아현동,경상사고,0,0,1,0,차대사람 - 기타,안전운전불이행,포장 - 건조,맑음,단일로 - 기타,승용,남,42세,상해없음,보행자,여,68세,경상
22573,2020050800100248,2020년 5월 8일 13시,금요일,서울특별시 양천구 신월동,중상사고,0,1,0,0,차대사람 - 횡단중,안전운전불이행,포장 - 건조,맑음,교차로 - 교차로안,승용,남,52세,상해없음,보행자,남,65세,중상
22574,2020050800100278,2020년 5월 8일 14시,금요일,서울특별시 성북구 석관동,중상사고,0,1,0,0,차대사람 - 차도통행중,안전운전불이행,포장 - 건조,맑음,단일로 - 기타,이륜,남,27세,상해없음,보행자,남,84세,중상
22575,2020050800100280,2020년 5월 8일 14시,금요일,서울특별시 노원구 하계동,중상사고,0,1,0,0,차대사람 - 횡단중,안전운전불이행,포장 - 건조,맑음,단일로 - 기타,승용,남,67세,상해없음,보행자,남,82세,중상
22576,2020050800100311,2020년 5월 8일 15시,금요일,서울특별시 성북구 성북동,경상사고,0,0,1,0,차대사람 - 기타,안전운전불이행,포장 - 건조,맑음,교차로 - 교차로안,승용,남,50세,상해없음,보행자,남,55세,경상
22577,2020050800100313,2020년 5월 8일 15시,금요일,서울특별시 동대문구 답십리동,경상사고,0,0,1,0,차대사람 - 횡단중,보행자보호의무위반,포장 - 건조,맑음,교차로 - 교차로횡단보도내,승용,남,35세,상해없음,보행자,여,6세,경상
22578,2020050800100355,2020년 5월 8일 16시,금요일,서울특별시 성동구 마장동,중상사고,0,1,0,0,차대사람 - 횡단중,안전운전불이행,포장 - 건조,맑음,단일로 - 기타,승용,여,34세,상해없음,보행자,여,86세,중상
22579,2020050800100356,2020년 5월 8일 16시,금요일,서울특별시 성동구 금호동4가,부상신고사고,0,0,0,1,차대사람 - 횡단중,안전운전불이행,포장 - 건조,흐림,교차로 - 교차로부근,승용,남,68세,상해없음,보행자,여,37세,부상신고
22580,2020050800100358,2020년 5월 8일 16시,금요일,서울특별시 송파구 오금동,경상사고,0,0,1,0,차대사람 - 횡단중,보행자보호의무위반,포장 - 건조,맑음,교차로 - 교차로횡단보도내,화물,남,58세,상해없음,보행자,남,9세,경상
22581,2020050800100360,2020년 5월 8일 16시,금요일,서울특별시 강남구 역삼동,경상사고,0,0,1,0,차대사람 - 횡단중,안전운전불이행,포장 - 건조,기타,교차로 - 교차로횡단보도내,기타불명,기타불명,미분류,기타불명,보행자,남,29세,경상
22582,2020050800100385,2020년 5월 8일 17시,금요일,서울특별시 중구 서소문동,경상사고,0,0,1,0,차대사람 - 보도통행중,보행자보호의무위반,포장 - 건조,맑음,단일로 - 기타,승용,남,46세,상해없음,보행자,남,54세,경상
22583,2020050800100388,2020년 5월 8일 17시,금요일,서울특별시 동대문구 휘경동,경상사고,0,0,1,0,차대사람 - 기타,안전운전불이행,포장 - 건조,맑음,단일로 - 기타,승용,여,50세,상해없음,보행자,여,49세,경상
22584,2020050800100389,2020년 5월 8일 17시,금요일,서울특별시 광진구 화양동,경상사고,0,0,1,0,차대사람 - 기타,중앙선침범,포장 - 건조,흐림,단일로 - 기타,원동기,남,32세,상해없음,보행자,여,23세,경상
22585,2020050800100429,2020년 5월 8일 18시,금요일,서울특별시 영등포구 영등포동8가,경상사고,0,0,1,0,차대사람 - 기타,안전운전불이행,포장 - 건조,맑음,단일로 - 기타,화물,남,44세,상해없음,보행자,여,31세,경상
22586,2020050800100480,2020년 5월 8일 19시,금요일,서울특별시 광진구 자양동,경상사고,0,0,1,0,차대사람 - 기타,안전운전불이행,포장 - 젖음/습기,비,단일로 - 기타,원동기,남,23세,상해없음,보행자,남,3세,경상