,사고번호,사고일시,요일,시군구,사고내용,사망자수,중상자수,경상자수,부상신고자수,사고유형,법규위반,노면상태,기상상태,도로형태,가해운전자 차종,가해운전자 성별,가해운전자 연령,가해운전자 상해정도,피해운전자 차종,피해운전자 성별,피해운전자 연령,피해운전자 상해정도
22587,2020050800100484,2020년 5월 8일 19시,금요일,서울특별시 동작구 노량진동,중상사고,0,1,1,0,차대사람 - 길가장자리구역통행중,안전운전불이행,포장 - 젖음/습기,비,단일로 - 기타,기타불명,남,26세,상해없음,보행자,여,45세,경상
22588,2020050800100547,2020년 5월 8일 20시,금요일,서울특별시 동대문구 용두동,경상사고,0,0,1,0,차대사람 - 횡단중,안전운전불이행,포장 - 건조,맑음,기타 - 기타,승용,남,39세,상해없음,보행자,남,68세,경상
22589,2020050800100556,2020년 5월 8일 20시,금요일,서울특별시 서초구 서초동,경상사고,0,0,1,0,차대사람 - 기타,안전운전불이행,포장 - 젖음/습기,비,단일로 - 기타,승용,남,45세,상해없음,보행자,남,42세,경상
22590,2020050800100563,2020년 5월 8일 20시,금요일,서울특별시 강남구 도곡동,경상사고,0,0,1,0,차대사람 - 보도통행중,보행자보호의무위반,포장 - 젖음/습기,비,교차로 - 교차로부근,기타불명,기타불명,미분류,기타불명,보행자,남,24세,경상
22591,2020050800100625,2020년 5월 8일 21시,금요일,서울특별시 중구 황학동,중상사고,0,1,0,0,차대사람 - 차도통행중,안전운전불이행,포장 - 젖음/습기,비,단일로 - 기타,원동기,남,38세,상해없음,보행자,남,55세,중상
22592,2020050800100626,2020년 5월 8일 21시,금요일,서울특별시 중구 신당동,중상사고,0,1,2,0,차대사람 - 기타,안전운전불이행,포장 - 젖음/습기,비,단일로 - 기타,승용,남,59세,상해없음,보행자,여,59세,중상
22593,2020050800100628,2020년 5월 8일 21시,금요일,서울특별시 영등포구 영등포동4가,경상사고,0,0,1,0,차대사람 - 횡단중,안전운전불이행,포장 - 건조,맑음,단일로 - 기타,승용,남,36세,상해없음,보행자,남,64세,경상
22594,2020050800100635,2020년 5월 8일 21시,금요일,서울특별시 구로구 구로동,중상사고,0,1,0,0,차대사람 - 보도통행중,신호위반,포장 - 젖음/습기,비,단일로 - 기타,승용,남,33세,상해없음,보행자,여,32세,중상
22595,2020050800100683,2020년 5월 8일 22시,금요일,서울특별시 영등포구 여의도동,경상사고,0,0,1,0,차대사람 - 횡단중,신호위반,포장 - 젖음/습기,비,단일로 - 기타,승용,남,19세,상해없음,보행자,여,62세,경상
22596,2020050800100684,2020년 5월 8일 22시,금요일,서울특별시 금천구 독산동,중상사고,0,1,0,0,차대사람 - 기타,안전운전불이행,포장 - 젖음/습기,비,교차로 - 교차로부근,화물,남,49세,상해없음,보행자,남,52세,중상
22597,2020050800100692,2020년 5월 8일 22시,금요일,서울특별시 강남구 대치동,중상사고,0,1,1,0,차대사람 - 횡단중,보행자보호의무위반,포장 - 젖음/습기,비,교차로 - 교차로횡단보도내,승용,남,48세,상해없음,보행자,남,44세,중상
22598,2020050800100723,2020년 5월 8일 23시,금요일,서울특별시 중구 신당동,경상사고,0,0,1,0,차대사람 - 기타,안전운전불이행,포장 - 젖음/습기,비,단일로 - 기타,승용,남,51세,상해없음,보행자,남,49세,경상
22599,2020050800100731,2020년 5월 8일 23시,금요일,서울특별시 구로구 가리봉동,경상사고,0,0,1,0,차대사람 - 보도통행중,신호위반,포장 - 젖음/습기,비,교차로 - 교차로횡단보도내,승용,남,20세,상해없음,보행자,여,55세,경상
22600,2020050900100007,2020년 5월 9일 00시,토요일,서울특별시 강서구 화곡동,경상사고,0,0,1,0,차대사람 - 횡단중,안전운전불이행,포장 - 젖음/습기,비,교차로 - 교차로부근,원동기,남,26세,경상,보행자,여,28세,상해없음
22601,2020050900100037,2020년 5월 9일 01시,토요일,서울특별시 강서구 화곡동,중상사고,0,1,0,0,차대사람 - 기타,안전운전불이행,포장 - 젖음/습기,비,단일로 - 기타,승용,남,56세,상해없음,보행자,남,62세,중상
22602,2020050900100077,2020년 5월 9일 03시,토요일,서울특별시 구로구 오류동,경상사고,0,0,1,0,차대사람 - 차도통행중,안전운전불이행,포장 - 젖음/습기,비,교차로 - 교차로횡단보도내,승용,남,64세,상해없음,보행자,남,26세,경상
22603,2020050900100193,2020년 5월 9일 11시,토요일,서울특별시 영등포구 신길동,경상사고,0,0,1,0,차대사람 - 기타,안전운전불이행,포장 - 젖음/습기,비,단일로 - 기타,승용,남,58세,상해없음,보행자,여,69세,경상
22604,2020050900100194,2020년 5월 9일 11시,토요일,서울특별시 관악구 신림동,경상사고,0,0,1,0,차대사람 - 기타,안전운전불이행,포장 - 기타,비,기타 - 기타,승합,남,53세,상해없음,보행자,여,26세,경상
22605,2020050900100254,2020년 5월 9일 13시,토요일,서울특별시 관악구 봉천동,경상사고,0,0,1,0,차대사람 - 기타,안전운전불이행,포장 - 젖음/습기,비,교차로 - 교차로안,화물,남,47세,상해없음,보행자,여,24세,경상
22606,2020050900100321,2020년 5월 9일 15시,토요일,서울특별시 용산구 한남동,중상사고,0,1,0,0,차대사람 - 기타,안전운전불이행,포장 - 젖음/습기,비,단일로 - 기타,농기계,남,57세,상해없음,보행자,여,78세,중상
22607,2020050900100386,2020년 5월 9일 17시,토요일,서울특별시 강남구 삼성동,경상사고,0,0,1,0,차대사람 - 보도통행중,기타,포장 - 젖음/습기,비,단일로 - 기타,개인형이동수단(PM),여,23세,상해없음,보행자,여,59세,경상
22608,2020050900100415,2020년 5월 9일 18시,토요일,서울특별시 동대문구 제기동,중상사고,0,1,0,0,차대사람 - 횡단중,안전운전불이행,포장 - 젖음/습기,비,단일로 - 기타,승용,남,67세,상해없음,보행자,여,62세,중상
22609,2020050900100455,2020년 5월 9일 19시,토요일,서울특별시 중구 신당동,경상사고,0,0,1,0,차대사람 - 횡단중,안전운전불이행,포장 - 젖음/습기,비,교차로 - 교차로안,승용,남,39세,상해없음,보행자,남,64세,경상
22610,2020050900100456,2020년 5월 9일 19시,토요일,서울특별시 동작구 사당동,중상사고,0,1,0,0,차대사람 - 기타,안전운전불이행,포장 - 젖음/습기,비,교차로 - 교차로부근,승용,여,60세,상해없음,보행자,남,77세,중상
22611,2020050900100458,2020년 5월 9일 19시,토요일,서울특별시 성북구 하월곡동,경상사고,0,0,1,0,차대사람 - 차도통행중,안전운전불이행,포장 - 건조,맑음,단일로 - 기타,승용,남,45세,상해없음,보행자,남,48세,경상
22612,2020050900100497,2020년 5월 9일 20시,토요일,서울특별시 강서구 방화동,경상사고,0,0,1,0,차대사람 - 기타,안전운전불이행,포장 - 젖음/습기,비,단일로 - 기타,승용,남,51세,상해없음,보행자,남,54세,경상
22613,2020050900100498,2020년 5월 9일 20시,토요일,서울특별시 성북구 장위동,중상사고,0,1,0,0,차대사람 - 차도통행중,안전운전불이행,포장 - 젖음/습기,비,교차로 - 교차로부근,승용,남,61세,상해없음,보행자,남,60세,중상
22614,2020050900100523,2020년 5월 9일 21시,토요일,서울특별시 종로구 숭인동,경상사고,0,0,1,0,차대사람 - 횡단중,신호위반,포장 - 건조,맑음,단일로 - 기타,승용,여,51세,상해없음,보행자,여,52세,경상
22615,2020050900100561,2020년 5월 9일 22시,토요일,서울특별시 성북구 동선동2가,경상사고,0,0,1,0,차대사람 - 횡단중,안전운전불이행,포장 - 건조,맑음,교차로 - 교차로안,승용,남,46세,상해없음,보행자,남,58세,경상
22616,2020050900100562,2020년 5월 9일 22시,토요일,서울특별시 영등포구 영등포동,경상사고,0,0,1,0,차대사람 - 기타,안전운전불이행,포장 - 젖음/습기,비,교차로 - 교차로부근,승용,남,26세,상해없음,보행자,여,51세,경상
22617,2020050900100564,2020년 5월 9일 22시,토요일,서울특별시 도봉구 도봉동,중상사고,0,1,0,0,차대사람 - 횡단중,안전운전불이행,포장 - 건조,흐림,단일로 - 기타,이륜,남,25세,상해없음,보행자,남,63세,중상
22618,2020050900100565,2020년 5월 9일 22시,토요일,서울특별시 서초구 반포동,중상사고,0,1,0,0,차대사람 - 횡단중,안전운전불이행,포장 - 건조,맑음,교차로 - 교차로횡단보도내,승용,여,53세,상해없음,보행자,여,16세,중상
22619,2020050900100591,2020년 5월 9일 23시,토요일,서울특별시 성동구 송정동,중상사고,0,1,0,0,차대사람 - 횡단중,보행자보호의무위반,포장 - 건조,맑음,교차로 - 교차로횡단보도내,승용,남,68세,상해없음,보행자,남,56세,중상
22620,2020050900100595,2020년 5월 9일 23시,토요일,서울특별시 강남구 청담동,사망사고,1,0,0,0,차대사람 - 길가장자리구역통행중,안전운전불이행,포장 - 젖음/습기,비,단일로 - 기타,승용,여,48세,상해없음,보행자,여,47세,사망
22621,2020051000100003,2020년 5월 10일 00시,일요일,서울특별시 관악구 봉천동,경상사고,0,0,1,0,차대사람 - 차도통행중,안전운전불이행,포장 - 젖음/습기,흐림,교차로 - 교차로부근,승용,남,71세,상해없음,보행자,남,29세,경상
22622,2020051000100021,2020년 5월 10일 01시,일요일,서울특별시 광진구 중곡동,중상사고,0,1,0,0,차대사람 - 기타,안전운전불이행,포장 - 젖음/습기,비,주차장 - 주차장,승용,남,36세,상해없음,보행자,남,27세,중상
22623,2020051000100076,2020년 5월 10일 06시,일요일,서울특별시 강서구 등촌동,중상사고,0,1,0,0,차대사람 - 기타,안전운전불이행,포장 - 건조,맑음,기타 - 기타,승용,남,32세,상해없음,보행자,여,41세,중상
22624,2020051000100091,2020년 5월 10일 08시,일요일,서울특별시 송파구 풍납동,중상사고,0,1,0,1,차대사람 - 횡단중,안전운전불이행,포장 - 젖음/습기,흐림,기타 - 기타,자전거,남,46세,부상신고,보행자,여,48세,중상
22625,2020051000100105,2020년 5월 10일 10시,일요일,서울특별시 동대문구 휘경동,경상사고,0,0,1,0,차대사람 - 보도통행중,보행자보호의무위반,포장 - 건조,맑음,단일로 - 기타,승용,남,25세,상해없음,보행자,여,50세,경상
22626,2020051000100107,2020년 5월 10일 10시,일요일,서울특별시 성동구 마장동,중상사고,0,1,0,0,차대사람 - 보도통행중,신호위반,포장 - 건조,맑음,교차로 - 교차로횡단보도내,승합,남,61세,상해없음,보행자,남,37세,중상
22627,2020051000100124,2020년 5월 10일 11시,일요일,서울특별시 양천구 신정동,중상사고,0,1,2,1,차대사람 - 횡단중,신호위반,포장 - 건조,맑음,교차로 - 교차로안,승용,남,59세,상해없음,보행자,여,15세,경상
22628,2020051000100138,2020년 5월 10일 12시,일요일,서울특별시 동작구 상도동,중상사고,0,1,0,0,차대사람 - 횡단중,보행자보호의무위반,포장 - 건조,맑음,교차로 - 교차로부근,이륜,남,43세,상해없음,보행자,남,77세,중상
22629,2020051000100161,2020년 5월 10일 13시,일요일,서울특별시 중구 신당동,중상사고,0,1,0,0,차대사람 - 횡단중,신호위반,포장 - 건조,맑음,교차로 - 교차로횡단보도내,승용,남,44세,상해없음,보행자,남,33세,중상
22630,2020051000100207,2020년 5월 10일 15시,일요일,서울특별시 송파구 석촌동,경상사고,0,0,1,0,차대사람 - 기타,안전운전불이행,포장 - 건조,맑음,단일로 - 기타,이륜,남,17세,경상,보행자,남,46세,상해없음
22631,2020051000100238,2020년 5월 10일 16시,일요일,서울특별시 양천구 신월동,경상사고,0,0,1,0,차대사람 - 기타,안전운전불이행,포장 - 건조,맑음,단일로 - 기타,화물,남,57세,상해없음,보행자,여,69세,경상
22632,2020051000100268,2020년 5월 10일 17시,일요일,서울특별시 광진구 화양동,경상사고,0,0,1,0,차대사람 - 횡단중,안전운전불이행,포장 - 건조,맑음,교차로 - 교차로부근,이륜,남,32세,상해없음,보행자,남,50세,경상
22633,2020051000100272,2020년 5월 10일 17시,일요일,서울특별시 중랑구 중화동,중상사고,0,1,0,0,차대사람 - 기타,안전운전불이행,포장 - 건조,맑음,단일로 - 기타,이륜,남,18세,상해없음,보행자,여,55세,중상
22634,2020051000100339,2020년 5월 10일 20시,일요일,서울특별시 서초구 방배동,부상신고사고,0,0,0,1,차대사람 - 기타,안전운전불이행,포장 - 건조,맑음,단일로 - 지하차도(도로)내,승합,남,58세,상해없음,보행자,남,36세,부상신고
22635,2020051000100358,2020년 5월 10일 21시,일요일,서울특별시 노원구 하계동,경상사고,0,0,1,0,차대사람 - 보도통행중,안전운전불이행,포장 - 건조,기타,교차로 - 교차로부근,자전거,여,56세,상해없음,보행자,여,46세,경상
22636,2020051000100380,2020년 5월 10일 22시,일요일,서울특별시 성북구 정릉동,경상사고,0,0,1,0,차대사람 - 기타,안전운전불이행,포장 - 건조,맑음,단일로 - 기타,기타불명,기타불명,미분류,기타불명,보행자,남,29세,경상
22637,2020051000100398,2020년 5월 10일 23시,일요일,서울특별시 서대문구 홍은동,경상사고,0,0,1,0,차대사람 - 기타,기타,포장 - 건조,맑음,단일로 - 기타,승용,남,62세,상해없음,보행자,여,51세,경상
22638,2020051100100030,2020년 5월 11일 04시,월요일,서울특별시 성북구 정릉동,경상사고,0,0,1,0,차대사람 - 횡단중,신호위반,포장 - 건조,맑음,교차로 - 교차로부근,이륜,남,25세,상해없음,보행자,여,54세,경상
22639,2020051100100054,2020년 5월 11일 06시,월요일,서울특별시 도봉구 창동,중상사고,0,1,0,0,차대사람 - 횡단중,안전운전불이행,포장 - 건조,맑음,단일로 - 기타,승용,여,49세,상해없음,보행자,여,87세,중상
22640,2020051100100097,2020년 5월 11일 08시,월요일,서울특별시 중랑구 면목동,중상사고,0,1,0,0,차대사람 - 기타,기타,포장 - 건조,맑음,기타 - 기타,승용,남,38세,상해없음,보행자,여,72세,중상
22641,2020051100100142,2020년 5월 11일 09시,월요일,서울특별시 강남구 역삼동,경상사고,0,0,1,0,차대사람 - 기타,안전운전불이행,포장 - 건조,맑음,단일로 - 기타,승용,남,51세,상해없음,보행자,여,27세,경상
22642,2020051100100175,2020년 5월 11일 10시,월요일,서울특별시 광진구 중곡동,경상사고,0,0,1,0,차대사람 - 차도통행중,안전운전불이행,포장 - 건조,맑음,단일로 - 기타,승용,남,40세,상해없음,보행자,남,59세,경상
22643,2020051100100178,2020년 5월 11일 10시,월요일,서울특별시 강서구 마곡동,경상사고,0,0,1,0,차대사람 - 차도통행중,안전운전불이행,포장 - 건조,맑음,단일로 - 기타,승합,남,64세,상해없음,보행자,여,51세,경상
22644,2020051100100182,2020년 5월 11일 10시,월요일,서울특별시 서초구 방배동,경상사고,0,0,1,0,차대사람 - 기타,안전운전불이행,포장 - 건조,맑음,단일로 - 기타,승용,남,30세,상해없음,보행자,여,68세,경상
22645,2020051100100220,2020년 5월 11일 11시,월요일,서울특별시 성북구 안암동5가,중상사고,0,1,0,0,차대사람 - 횡단중,보행자보호의무위반,포장 - 건조,맑음,교차로 - 교차로부근,승용,남,29세,상해없음,보행자,여,60세,중상
22646,2020051100100222,2020년 5월 11일 11시,월요일,서울특별시 관악구 신림동,경상사고,0,0,1,0,차대사람 - 차도통행중,안전운전불이행,포장 - 건조,맑음,교차로 - 교차로안,승용,남,38세,상해없음,보행자,남,64세,경상
22647,2020051100100223,2020년 5월 11일 11시,월요일,서울특별시 강동구 천호동,경상사고,0,0,1,0,차대사람 - 길가장자리구역통행중,안전운전불이행,포장 - 건조,맑음,교차로 - 교차로부근,승용,남,30세,기타불명,보행자,남,33세,경상
22648,2020051100100225,2020년 5월 11일 11시,월요일,서울특별시 송파구 가락동,경상사고,0,0,1,0,차대사람 - 기타,안전운전불이행,포장 - 건조,맑음,단일로 - 기타,승용,남,76세,상해없음,보행자,여,35세,경상
22649,2020051100100268,2020년 5월 11일 12시,월요일,서울특별시 은평구 진관동,중상사고,0,1,0,0,차대사람 - 기타,신호위반,포장 - 건조,맑음,교차로 - 교차로횡단보도내,승합,남,56세,상해없음,보행자,여,68세,중상
22650,2020051100100295,2020년 5월 11일 13시,월요일,서울특별시 성동구 행당동,중상사고,0,1,0,0,차대사람 - 차도통행중,안전운전불이행,포장 - 건조,맑음,교차로 - 교차로횡단보도내,승용,여,32세,상해없음,보행자,여,80세,중상
22651,2020051100100299,2020년 5월 11일 13시,월요일,서울특별시 노원구 상계동,경상사고,0,0,1,0,차대사람 - 횡단중,안전운전불이행,포장 - 건조,맑음,단일로 - 기타,승용,남,38세,상해없음,보행자,남,59세,경상
22652,2020051100100335,2020년 5월 11일 14시,월요일,서울특별시 성북구 안암동5가,경상사고,0,0,1,0,차대사람 - 기타,기타,포장 - 건조,맑음,기타 - 기타,승용,남,52세,상해없음,보행자,여,68세,경상
22653,2020051100100336,2020년 5월 11일 14시,월요일,서울특별시 동대문구 장안동,경상사고,0,0,1,0,차대사람 - 기타,안전운전불이행,포장 - 건조,맑음,교차로 - 교차로안,화물,남,57세,상해없음,보행자,여,72세,경상
22654,2020051100100378,2020년 5월 11일 15시,월요일,서울특별시 종로구 숭인동,중상사고,0,1,0,0,차대사람 - 횡단중,안전운전불이행,포장 - 건조,맑음,단일로 - 기타,승용,여,55세,상해없음,보행자,여,77세,중상
22655,2020051100100468,2020년 5월 11일 17시,월요일,서울특별시 영등포구 문래동6가,중상사고,0,1,0,0,차대사람 - 기타,안전운전불이행,포장 - 건조,맑음,단일로 - 기타,자전거,남,47세,상해없음,보행자,여,65세,중상
22656,2020051100100502,2020년 5월 11일 18시,월요일,서울특별시 중랑구 상봉동,경상사고,0,0,1,0,차대사람 - 기타,기타,포장 - 건조,맑음,기타 - 기타,승용,남,61세,상해없음,보행자,여,63세,경상
22657,2020051100100504,2020년 5월 11일 18시,월요일,서울특별시 강서구 화곡동,경상사고,0,0,1,0,차대사람 - 보도통행중,안전운전불이행,포장 - 건조,맑음,단일로 - 기타,자전거,남,31세,기타불명,보행자,남,46세,경상
22658,2020051100100505,2020년 5월 11일 18시,월요일,서울특별시 송파구 삼전동,경상사고,0,0,1,0,차대사람 - 기타,안전운전불이행,포장 - 건조,맑음,기타 - 기타,기타불명,기타불명,미분류,기타불명,보행자,남,45세,경상
22659,2020051100100544,2020년 5월 11일 19시,월요일,서울특별시 은평구 역촌동,중상사고,0,1,0,0,차대사람 - 기타,안전운전불이행,포장 - 건조,맑음,교차로 - 교차로안,승용,여,51세,상해없음,보행자,여,81세,중상
22660,2020051100100632,2020년 5월 11일 22시,월요일,서울특별시 강남구 삼성동,경상사고,0,0,1,0,차대사람 - 보도통행중,안전운전불이행,포장 - 건조,맑음,기타 - 기타,기타불명,기타불명,미분류,기타불명,보행자,남,45세,경상
22661,2020051100100634,2020년 5월 11일 22시,월요일,서울특별시 서초구 서초동,부상신고사고,0,0,0,1,차대사람 - 기타,안전운전불이행,포장 - 건조,맑음,단일로 - 기타,승용,남,61세,상해없음,보행자,남,56세,부상신고
22662,2020051100100654,2020년 5월 11일 23시,월요일,서울특별시 영등포구 당산동3가,중상사고,0,1,0,0,차대사람 - 횡단중,신호위반,포장 - 젖음/습기,비,교차로 - 교차로횡단보도내,승용,남,37세,상해없음,보행자,남,26세,중상
22663,2020051100100659,2020년 5월 11일 23시,월요일,서울특별시 성북구 종암동,경상사고,0,0,1,0,차대사람 - 횡단중,신호위반,포장 - 젖음/습기,비,교차로 - 교차로횡단보도내,승용,남,59세,상해없음,보행자,남,31세,경상
22664,2020051200100104,2020년 5월 12일 08시,화요일,서울특별시 동작구 상도동,중상사고,0,1,1,0,차대사람 - 횡단중,안전운전불이행,포장 - 건조,맑음,단일로 - 기타,건설기계,남,43세,상해없음,보행자,여,50세,중상
22665,2020051200100105,2020년 5월 12일 08시,화요일,서울특별시 동작구 사당동,경상사고,0,0,1,0,차대사람 - 횡단중,안전운전불이행,포장 - 건조,맑음,교차로 - 교차로부근,승용,여,42세,상해없음,보행자,여,56세,경상
22666,2020051200100150,2020년 5월 12일 09시,화요일,서울특별시 노원구 상계동,중상사고,0,1,0,0,차대사람 - 기타,안전운전불이행,포장 - 건조,맑음,교차로 - 교차로안,승용,여,29세,상해없음,보행자,남,35세,중상
22667,2020051200100209,2020년 5월 12일 11시,화요일,서울특별시 은평구 역촌동,경상사고,0,0,1,0,차대사람 - 기타,안전운전불이행,포장 - 건조,맑음,단일로 - 기타,기타불명,기타불명,미분류,기타불명,보행자,남,81세,경상
22668,2020051200100239,2020년 5월 12일 12시,화요일,서울특별시 서초구 서초동,경상사고,0,0,1,0,차대사람 - 기타,보행자보호의무위반,포장 - 건조,맑음,교차로 - 교차로부근,승용,남,67세,상해없음,보행자,남,34세,경상
22669,2020051200100264,2020년 5월 12일 13시,화요일,서울특별시 강북구 수유동,경상사고,0,0,1,0,차대사람 - 기타,안전운전불이행,포장 - 건조,맑음,단일로 - 기타,화물,남,51세,상해없음,보행자,남,79세,경상
22670,2020051200100265,2020년 5월 12일 13시,화요일,서울특별시 송파구 풍납동,경상사고,0,0,1,0,차대사람 - 기타,안전운전불이행,포장 - 건조,맑음,단일로 - 기타,승용,남,67세,상해없음,보행자,남,28세,경상
22671,2020051200100291,2020년 5월 12일 14시,화요일,서울특별시 금천구 가산동,경상사고,0,0,1,0,차대사람 - 기타,안전운전불이행,포장 - 건조,맑음,기타 - 기타,이륜,남,44세,상해없음,보행자,남,69세,경상
22672,2020051200100359,2020년 5월 12일 16시,화요일,서울특별시 송파구 잠실동,경상사고,0,0,1,0,차대사람 - 기타,기타,포장 - 건조,맑음,기타 - 기타,자전거,남,66세,상해없음,보행자,남,43세,경상
22673,2020051200100361,2020년 5월 12일 16시,화요일,서울특별시 서초구 반포동,중상사고,0,1,0,0,차대사람 - 횡단중,보행자보호의무위반,포장 - 건조,맑음,교차로 - 교차로부근,승용,여,31세,상해없음,보행자,여,15세,중상
22674,2020051200100383,2020년 5월 12일 17시,화요일,서울특별시 중구 신당동,중상사고,0,1,0,0,차대사람 - 기타,안전운전불이행,포장 - 건조,맑음,단일로 - 기타,화물,남,62세,상해없음,보행자,남,43세,중상
22675,2020051200100384,2020년 5월 12일 17시,화요일,서울특별시 중랑구 신내동,경상사고,0,0,1,0,차대사람 - 횡단중,보행자보호의무위반,포장 - 건조,맑음,교차로 - 교차로횡단보도내,승용,남,42세,상해없음,보행자,여,34세,경상
22676,2020051200100522,2020년 5월 12일 20시,화요일,서울특별시 노원구 중계동,경상사고,0,0,1,0,차대사람 - 길가장자리구역통행중,안전운전불이행,포장 - 건조,흐림,단일로 - 기타,이륜,남,17세,상해없음,보행자,남,43세,경상
22677,2020051200100546,2020년 5월 12일 21시,화요일,서울특별시 구로구 구로동,중상사고,0,1,0,0,차대사람 - 기타,기타,포장 - 건조,맑음,단일로 - 기타,승합,남,60세,상해없음,보행자,남,61세,중상
22678,2020051200100588,2020년 5월 12일 23시,화요일,서울특별시 도봉구 방학동,경상사고,0,0,2,0,차대사람 - 길가장자리구역통행중,안전운전불이행,포장 - 건조,맑음,단일로 - 기타,승용,남,46세,상해없음,보행자,여,27세,경상
22679,2020051300100002,2020년 5월 13일 00시,수요일,서울특별시 강서구 화곡동,중상사고,0,1,0,0,차대사람 - 차도통행중,안전운전불이행,포장 - 건조,맑음,단일로 - 기타,이륜,남,20세,상해없음,보행자,남,47세,중상
22680,2020051300100004,2020년 5월 13일 00시,수요일,서울특별시 송파구 가락동,중상사고,0,1,0,0,차대사람 - 횡단중,신호위반,포장 - 건조,맑음,교차로 - 교차로횡단보도내,화물,남,45세,상해없음,보행자,남,49세,중상
22681,2020051300100034,2020년 5월 13일 02시,수요일,서울특별시 강남구 삼성동,경상사고,0,0,1,0,차대사람 - 보도통행중,안전운전불이행,포장 - 건조,맑음,기타 - 기타,승용,남,75세,상해없음,보행자,여,32세,경상
22682,2020051300100044,2020년 5월 13일 04시,수요일,서울특별시 강동구 길동,중상사고,0,1,0,0,차대사람 - 기타,신호위반,포장 - 건조,맑음,교차로 - 교차로부근,승용,여,46세,상해없음,보행자,남,62세,중상
22683,2020051300100060,2020년 5월 13일 06시,수요일,서울특별시 영등포구 신길동,중상사고,0,1,0,0,차대사람 - 횡단중,안전운전불이행,포장 - 건조,맑음,단일로 - 기타,승용,남,65세,상해없음,보행자,여,86세,중상
22684,2020051300100143,2020년 5월 13일 09시,수요일,서울특별시 중구 신당동,중상사고,0,1,0,0,차대사람 - 길가장자리구역통행중,안전운전불이행,포장 - 건조,맑음,단일로 - 기타,승용,여,45세,상해없음,보행자,여,70세,중상
22685,2020051300100175,2020년 5월 13일 10시,수요일,서울특별시 서대문구 홍제동,중상사고,0,1,0,0,차대사람 - 기타,안전운전불이행,포장 - 건조,맑음,기타 - 기타,자전거,남,18세,상해없음,보행자,남,9세,중상
22686,2020051300100213,2020년 5월 13일 11시,수요일,서울특별시 은평구 대조동,중상사고,0,1,0,0,차대사람 - 횡단중,보행자보호의무위반,포장 - 건조,맑음,교차로 - 교차로부근,이륜,남,35세,상해없음,보행자,여,69세,중상
22687,2020051300100247,2020년 5월 13일 12시,수요일,서울특별시 송파구 삼전동,경상사고,0,0,1,0,차대사람 - 횡단중,보행자보호의무위반,포장 - 건조,맑음,단일로 - 기타,이륜,남,63세,상해없음,보행자,여,18세,경상
22688,2020051300100275,2020년 5월 13일 13시,수요일,서울특별시 동대문구 청량리동,부상신고사고,0,0,0,1,차대사람 - 기타,안전운전불이행,포장 - 건조,맑음,교차로 - 교차로안,승용,남,58세,상해없음,보행자,남,34세,부상신고
22689,2020051300100305,2020년 5월 13일 14시,수요일,서울특별시 강동구 암사동,중상사고,0,1,0,0,차대사람 - 길가장자리구역통행중,안전운전불이행,포장 - 건조,맑음,교차로 - 교차로안,승합,남,60세,상해없음,보행자,여,71세,중상
22690,2020051300100345,2020년 5월 13일 15시,수요일,서울특별시 중구 신당동,경상사고,0,0,2,0,차대사람 - 차도통행중,안전운전불이행,포장 - 건조,맑음,단일로 - 기타,자전거,남,31세,경상,보행자,여,62세,경상
22691,2020051300100395,2020년 5월 13일 16시,수요일,서울특별시 도봉구 창동,경상사고,0,0,1,0,차대사람 - 기타,기타,포장 - 건조,맑음,기타 - 기타,승용,남,69세,상해없음,보행자,남,53세,경상
22692,2020051300100432,2020년 5월 13일 17시,수요일,서울특별시 중구 을지로5가,경상사고,0,0,1,0,차대사람 - 보도통행중,신호위반,포장 - 건조,맑음,교차로 - 교차로횡단보도내,승용,남,71세,상해없음,보행자,남,49세,경상
22693,2020051300100441,2020년 5월 13일 17시,수요일,서울특별시 강남구 역삼동,중상사고,0,1,0,0,차대사람 - 기타,안전운전불이행,포장 - 건조,맑음,단일로 - 기타,승용,남,48세,상해없음,보행자,남,49세,중상
22694,2020051300100491,2020년 5월 13일 18시,수요일,서울특별시 송파구 잠실동,중상사고,0,1,0,0,차대사람 - 보도통행중,기타,포장 - 건조,맑음,단일로 - 기타,개인형이동수단(PM),남,18세,상해없음,보행자,여,36세,중상
22695,2020051300100535,2020년 5월 13일 19시,수요일,서울특별시 마포구 서교동,경상사고,0,0,1,0,차대사람 - 기타,안전운전불이행,포장 - 건조,맑음,교차로 - 교차로부근,승용,남,37세,상해없음,보행자,여,36세,경상
22696,2020051300100538,2020년 5월 13일 19시,수요일,서울특별시 관악구 남현동,중상사고,0,1,1,0,차대사람 - 차도통행중,안전운전불이행,포장 - 건조,맑음,교차로 - 교차로안,승용,여,62세,상해없음,보행자,남,29세,경상
22697,2020051300100539,2020년 5월 13일 19시,수요일,서울특별시 강동구 길동,중상사고,0,1,0,0,차대사람 - 기타,안전운전불이행,포장 - 건조,맑음,단일로 - 기타,화물,남,59세,상해없음,보행자,여,78세,중상
22698,2020051300100602,2020년 5월 13일 21시,수요일,서울특별시 동작구 신대방동,경상사고,0,0,1,0,차대사람 - 횡단중,안전운전불이행,포장 - 건조,맑음,교차로 - 교차로부근,화물,남,56세,상해없음,보행자,남,57세,경상
22699,2020051300100620,2020년 5월 13일 22시,수요일,서울특별시 강남구 대치동,경상사고,0,0,2,0,차대사람 - 기타,안전운전불이행,포장 - 건조,맑음,교차로 - 교차로안,승용,남,49세,상해없음,보행자,남,42세,경상