,사고번호,사고일시,요일,시군구,사고내용,사망자수,중상자수,경상자수,부상신고자수,사고유형,법규위반,노면상태,기상상태,도로형태,가해운전자 차종,가해운전자 성별,가해운전자 연령,가해운전자 상해정도,피해운전자 차종,피해운전자 성별,피해운전자 연령,피해운전자 상해정도
22700,2020051400100071,2020년 5월 14일 08시,목요일,서울특별시 강북구 수유동,경상사고,0,0,1,0,차대사람 - 횡단중,보행자보호의무위반,포장 - 건조,맑음,교차로 - 교차로횡단보도내,승용,남,60세,상해없음,보행자,남,29세,경상
22701,2020051400100074,2020년 5월 14일 08시,목요일,서울특별시 마포구 신수동,중상사고,0,1,0,0,차대사람 - 횡단중,보행자보호의무위반,포장 - 건조,맑음,교차로 - 교차로횡단보도내,승용,남,50세,상해없음,보행자,여,59세,중상
22702,2020051400100112,2020년 5월 14일 09시,목요일,서울특별시 강남구 일원동,경상사고,0,0,1,0,차대사람 - 기타,안전운전불이행,포장 - 건조,맑음,기타 - 기타,승용,여,64세,상해없음,보행자,여,86세,경상
22703,2020051400100176,2020년 5월 14일 11시,목요일,서울특별시 강북구 번동,경상사고,0,0,1,0,차대사람 - 기타,기타,포장 - 건조,맑음,기타 - 기타,승용,남,48세,상해없음,보행자,여,52세,경상
22704,2020051400100177,2020년 5월 14일 11시,목요일,서울특별시 강서구 가양동,부상신고사고,0,0,0,1,차대사람 - 기타,안전운전불이행,포장 - 건조,맑음,교차로 - 교차로안,승용,남,61세,상해없음,보행자,남,44세,부상신고
22705,2020051400100216,2020년 5월 14일 12시,목요일,서울특별시 용산구 원효로2가,경상사고,0,0,1,0,차대사람 - 기타,안전운전불이행,포장 - 건조,맑음,단일로 - 기타,승합,여,65세,상해없음,보행자,여,66세,경상
22706,2020051400100217,2020년 5월 14일 12시,목요일,서울특별시 성북구 돈암동,경상사고,0,0,1,0,차대사람 - 횡단중,신호위반,포장 - 건조,맑음,단일로 - 기타,원동기,남,36세,상해없음,보행자,여,60세,경상
22707,2020051400100219,2020년 5월 14일 12시,목요일,서울특별시 동작구 상도동,경상사고,0,0,1,0,차대사람 - 차도통행중,안전운전불이행,포장 - 건조,맑음,교차로 - 교차로부근,승용,남,60세,상해없음,보행자,여,66세,경상
22708,2020051400100220,2020년 5월 14일 12시,목요일,서울특별시 도봉구 창동,경상사고,0,0,1,0,차대사람 - 기타,안전운전불이행,포장 - 건조,맑음,교차로 - 교차로부근,승합,남,66세,상해없음,보행자,남,50세,경상
22709,2020051400100247,2020년 5월 14일 13시,목요일,서울특별시 강동구 천호동,경상사고,0,0,1,0,차대사람 - 기타,안전운전불이행,포장 - 건조,맑음,단일로 - 기타,승합,남,55세,상해없음,보행자,남,82세,경상
22710,2020051400100249,2020년 5월 14일 13시,목요일,서울특별시 구로구 구로동,부상신고사고,0,0,0,1,차대사람 - 기타,보행자보호의무위반,포장 - 건조,맑음,단일로 - 기타,승용,남,63세,상해없음,보행자,남,7세,부상신고
22711,2020051400100281,2020년 5월 14일 14시,목요일,서울특별시 강북구 수유동,경상사고,0,0,1,0,차대사람 - 기타,안전운전불이행,포장 - 건조,맑음,단일로 - 기타,승용,여,27세,상해없음,보행자,남,73세,경상
22712,2020051400100283,2020년 5월 14일 14시,목요일,서울특별시 중랑구 면목동,중상사고,0,1,0,0,차대사람 - 횡단중,안전운전불이행,포장 - 건조,맑음,교차로 - 교차로부근,화물,남,34세,상해없음,보행자,남,77세,중상
22713,2020051400100319,2020년 5월 14일 15시,목요일,서울특별시 강남구 역삼동,경상사고,0,0,1,0,차대사람 - 기타,안전운전불이행,포장 - 건조,맑음,단일로 - 기타,승용,남,44세,상해없음,보행자,여,26세,경상
22714,2020051400100432,2020년 5월 14일 18시,목요일,서울특별시 은평구 녹번동,경상사고,0,0,1,0,차대사람 - 보도통행중,기타,포장 - 건조,맑음,단일로 - 기타,승용,남,59세,상해없음,보행자,남,27세,경상
22715,2020051400100433,2020년 5월 14일 18시,목요일,서울특별시 은평구 신사동,경상사고,0,0,1,0,차대사람 - 횡단중,신호위반,포장 - 건조,맑음,단일로 - 기타,원동기,남,29세,상해없음,보행자,남,4세,경상
22716,2020051400100437,2020년 5월 14일 18시,목요일,서울특별시 중랑구 신내동,경상사고,0,0,1,0,차대사람 - 보도통행중,기타,포장 - 건조,맑음,기타 - 기타,자전거,남,32세,경상,보행자,남,25세,상해없음
22717,2020051400100439,2020년 5월 14일 18시,목요일,서울특별시 서초구 서초동,중상사고,0,1,0,0,차대사람 - 기타,안전운전불이행,포장 - 건조,맑음,교차로 - 교차로부근,화물,남,64세,상해없음,보행자,남,47세,중상
22718,2020051400100485,2020년 5월 14일 19시,목요일,서울특별시 서대문구 연희동,경상사고,0,0,1,0,차대사람 - 기타,안전운전불이행,포장 - 건조,맑음,단일로 - 기타,승용,남,47세,상해없음,보행자,남,21세,경상
22719,2020051400100487,2020년 5월 14일 19시,목요일,서울특별시 동대문구 답십리동,경상사고,0,0,1,0,차대사람 - 기타,안전운전불이행,포장 - 건조,맑음,교차로 - 교차로안,이륜,남,43세,상해없음,보행자,남,78세,경상
22720,2020051400100489,2020년 5월 14일 19시,목요일,서울특별시 송파구 방이동,부상신고사고,0,0,0,1,차대사람 - 기타,안전운전불이행,포장 - 건조,맑음,단일로 - 기타,승합,남,59세,상해없음,보행자,남,40세,부상신고
22721,2020051400100492,2020년 5월 14일 19시,목요일,서울특별시 노원구 중계동,경상사고,0,0,1,1,차대사람 - 기타,안전운전불이행,포장 - 건조,맑음,기타 - 기타,자전거,남,53세,부상신고,보행자,남,18세,경상
22722,2020051400100493,2020년 5월 14일 19시,목요일,서울특별시 도봉구 창동,중상사고,0,1,0,0,차대사람 - 횡단중,보행자보호의무위반,포장 - 건조,맑음,교차로 - 교차로횡단보도내,승용,남,37세,상해없음,보행자,여,19세,중상
22723,2020051400100559,2020년 5월 14일 21시,목요일,서울특별시 송파구 장지동,경상사고,0,0,1,0,차대사람 - 횡단중,안전운전불이행,포장 - 건조,맑음,단일로 - 기타,이륜,남,22세,상해없음,보행자,남,72세,경상
22724,2020051400100582,2020년 5월 14일 22시,목요일,서울특별시 강북구 미아동,중상사고,0,1,1,0,차대사람 - 기타,안전운전불이행,포장 - 건조,맑음,교차로 - 교차로안,이륜,남,27세,경상,보행자,남,60세,중상
22725,2020051400100617,2020년 5월 14일 23시,목요일,서울특별시 마포구 아현동,중상사고,0,1,0,0,차대사람 - 기타,안전운전불이행,포장 - 건조,맑음,단일로 - 기타,승합,남,64세,상해없음,보행자,여,26세,중상
22726,2020051400100619,2020년 5월 14일 23시,목요일,서울특별시 관악구 봉천동,중상사고,0,1,0,0,차대사람 - 기타,안전운전불이행,포장 - 건조,맑음,교차로 - 교차로안,승용,여,41세,상해없음,보행자,남,60세,중상
22727,2020051500100090,2020년 5월 15일 08시,금요일,서울특별시 용산구 보광동,중상사고,0,1,0,0,차대사람 - 횡단중,보행자보호의무위반,포장 - 젖음/습기,비,기타 - 기타,승용,남,71세,상해없음,보행자,여,74세,중상
22728,2020051500100129,2020년 5월 15일 09시,금요일,서울특별시 관악구 봉천동,중상사고,0,1,0,0,차대사람 - 길가장자리구역통행중,안전운전불이행,포장 - 젖음/습기,비,단일로 - 기타,건설기계,남,54세,상해없음,보행자,여,66세,중상
22729,2020051500100130,2020년 5월 15일 09시,금요일,서울특별시 관악구 신림동,경상사고,0,0,1,0,차대사람 - 길가장자리구역통행중,안전운전불이행,포장 - 젖음/습기,비,단일로 - 기타,승용,남,47세,상해없음,보행자,남,38세,경상
22730,2020051500100157,2020년 5월 15일 10시,금요일,서울특별시 강북구 수유동,경상사고,0,0,1,0,차대사람 - 기타,안전운전불이행,포장 - 건조,맑음,단일로 - 기타,승용,남,79세,상해없음,보행자,여,64세,경상
22731,2020051500100216,2020년 5월 15일 12시,금요일,서울특별시 강서구 화곡동,중상사고,0,1,0,0,차대사람 - 횡단중,안전운전불이행,포장 - 건조,맑음,단일로 - 기타,승합,남,51세,상해없음,보행자,여,67세,중상
22732,2020051500100238,2020년 5월 15일 13시,금요일,서울특별시 서대문구 홍은동,경상사고,0,0,1,0,차대사람 - 횡단중,보행자보호의무위반,포장 - 젖음/습기,비,교차로 - 교차로안,승합,여,58세,상해없음,보행자,남,26세,경상
22733,2020051500100240,2020년 5월 15일 13시,금요일,서울특별시 동작구 신대방동,중상사고,0,1,0,0,차대사람 - 차도통행중,안전운전불이행,포장 - 젖음/습기,비,교차로 - 교차로안,승용,여,47세,상해없음,보행자,여,70세,중상
22734,2020051500100241,2020년 5월 15일 13시,금요일,서울특별시 송파구 삼전동,경상사고,0,0,1,0,차대사람 - 기타,안전운전불이행,포장 - 건조,맑음,단일로 - 기타,승용,남,43세,상해없음,보행자,여,48세,경상
22735,2020051500100245,2020년 5월 15일 13시,금요일,서울특별시 양천구 신정동,경상사고,0,0,1,0,차대사람 - 횡단중,신호위반,포장 - 젖음/습기,비,교차로 - 교차로안,이륜,남,34세,상해없음,보행자,여,57세,경상
22736,2020051500100275,2020년 5월 15일 14시,금요일,서울특별시 금천구 가산동,경상사고,0,0,1,0,차대사람 - 기타,보행자보호의무위반,포장 - 젖음/습기,비,교차로 - 교차로부근,기타불명,기타불명,미분류,기타불명,보행자,남,36세,경상
22737,2020051500100276,2020년 5월 15일 14시,금요일,서울특별시 강남구 신사동,부상신고사고,0,0,0,1,차대사람 - 기타,안전운전불이행,포장 - 젖음/습기,비,단일로 - 기타,승용,남,50세,상해없음,보행자,여,24세,부상신고
22738,2020051500100308,2020년 5월 15일 15시,금요일,서울특별시 관악구 봉천동,경상사고,0,0,1,0,차대사람 - 기타,안전운전불이행,포장 - 젖음/습기,비,교차로 - 교차로안,승용,여,34세,상해없음,보행자,남,15세,경상
22739,2020051500100311,2020년 5월 15일 15시,금요일,서울특별시 노원구 상계동,중상사고,0,1,0,0,차대사람 - 길가장자리구역통행중,교차로운행방법위반,포장 - 젖음/습기,맑음,교차로 - 교차로안,화물,남,66세,상해없음,보행자,남,81세,중상
22740,2020051500100312,2020년 5월 15일 15시,금요일,서울특별시 은평구 대조동,경상사고,0,0,1,0,차대사람 - 횡단중,신호위반,포장 - 젖음/습기,비,교차로 - 교차로안,승용,남,63세,상해없음,보행자,여,28세,경상
22741,2020051500100356,2020년 5월 15일 16시,금요일,서울특별시 송파구 문정동,중상사고,0,1,0,0,차대사람 - 기타,안전운전불이행,포장 - 건조,맑음,교차로 - 교차로부근,승용,남,35세,상해없음,보행자,남,51세,중상
22742,2020051500100361,2020년 5월 15일 16시,금요일,서울특별시 양천구 신월동,경상사고,0,0,1,0,차대사람 - 기타,안전운전불이행,포장 - 건조,맑음,단일로 - 기타,승용,여,55세,기타불명,보행자,여,20세,경상
22743,2020051500100395,2020년 5월 15일 17시,금요일,서울특별시 광진구 화양동,중상사고,0,1,0,0,차대사람 - 횡단중,보행자보호의무위반,포장 - 건조,맑음,단일로 - 기타,승용,남,71세,상해없음,보행자,남,19세,중상
22744,2020051500100398,2020년 5월 15일 17시,금요일,서울특별시 강남구 신사동,경상사고,0,0,1,0,차대사람 - 기타,안전운전불이행,포장 - 건조,맑음,단일로 - 기타,승용,남,33세,상해없음,보행자,남,34세,경상
22745,2020051500100399,2020년 5월 15일 17시,금요일,서울특별시 서초구 서초동,경상사고,0,0,1,0,차대사람 - 횡단중,안전운전불이행,포장 - 건조,맑음,단일로 - 기타,승용,여,60세,상해없음,보행자,여,43세,경상
22746,2020051500100400,2020년 5월 15일 17시,금요일,서울특별시 양천구 신월동,중상사고,0,1,0,0,차대사람 - 횡단중,안전운전불이행,포장 - 젖음/습기,비,단일로 - 기타,이륜,남,19세,상해없음,보행자,여,55세,중상
22747,2020051500100443,2020년 5월 15일 18시,금요일,서울특별시 중구 회현동2가,경상사고,0,0,3,0,차대사람 - 기타,안전운전불이행,포장 - 건조,맑음,단일로 - 기타,원동기,남,39세,상해없음,보행자,여,21세,경상
22748,2020051500100488,2020년 5월 15일 19시,금요일,서울특별시 용산구 한남동,경상사고,0,0,1,0,차대사람 - 횡단중,안전운전불이행,포장 - 젖음/습기,비,기타 - 기타,승용,남,22세,상해없음,보행자,여,67세,경상
22749,2020051500100490,2020년 5월 15일 19시,금요일,서울특별시 강북구 수유동,중상사고,0,1,0,0,차대사람 - 기타,안전운전불이행,포장 - 젖음/습기,비,교차로 - 교차로부근,승용,남,36세,상해없음,보행자,남,58세,중상
22750,2020051500100495,2020년 5월 15일 19시,금요일,서울특별시 송파구 풍납동,부상신고사고,0,0,0,1,차대사람 - 횡단중,안전운전불이행,포장 - 젖음/습기,비,단일로 - 기타,이륜,남,26세,부상신고,보행자,여,56세,상해없음
22751,2020051500100524,2020년 5월 15일 20시,금요일,서울특별시 중구 신당동,경상사고,0,0,1,0,차대사람 - 차도통행중,안전운전불이행,포장 - 젖음/습기,비,단일로 - 기타,승용,남,29세,상해없음,보행자,남,50세,경상
22752,2020051500100525,2020년 5월 15일 20시,금요일,서울특별시 종로구 수송동,경상사고,0,0,1,0,차대사람 - 기타,안전운전불이행,포장 - 젖음/습기,비,단일로 - 기타,이륜,남,61세,상해없음,보행자,여,32세,경상
22753,2020051500100529,2020년 5월 15일 20시,금요일,서울특별시 강동구 둔촌동,경상사고,0,0,2,0,차대사람 - 기타,안전운전불이행,포장 - 젖음/습기,맑음,단일로 - 기타,승용,남,60세,상해없음,보행자,남,36세,경상
22754,2020051500100531,2020년 5월 15일 20시,금요일,서울특별시 강남구 역삼동,경상사고,0,0,2,0,차대사람 - 횡단중,보행자보호의무위반,포장 - 건조,맑음,단일로 - 기타,승용,여,25세,상해없음,보행자,여,44세,경상
22755,2020051500100579,2020년 5월 15일 21시,금요일,서울특별시 강동구 천호동,중상사고,0,1,0,0,차대사람 - 차도통행중,안전운전불이행,포장 - 건조,맑음,단일로 - 기타,승용,남,77세,상해없음,보행자,남,80세,중상
22756,2020051500100580,2020년 5월 15일 21시,금요일,서울특별시 강동구 천호동,중상사고,0,1,0,0,차대사람 - 기타,안전운전불이행,포장 - 건조,맑음,단일로 - 기타,이륜,남,44세,상해없음,보행자,남,23세,중상
22757,2020051600100029,2020년 5월 16일 01시,토요일,서울특별시 영등포구 대림동,경상사고,0,0,1,1,차대사람 - 차도통행중,안전운전불이행,포장 - 건조,맑음,교차로 - 교차로안,승용,남,63세,상해없음,보행자,여,34세,부상신고
22758,2020051600100046,2020년 5월 16일 02시,토요일,서울특별시 성북구 삼선동1가,경상사고,0,0,1,0,차대사람 - 기타,안전운전불이행,포장 - 젖음/습기,비,단일로 - 기타,승용,남,72세,상해없음,보행자,남,43세,경상
22759,2020051600100068,2020년 5월 16일 05시,토요일,서울특별시 강북구 수유동,경상사고,0,0,1,0,차대사람 - 기타,안전운전불이행,포장 - 젖음/습기,비,교차로 - 교차로부근,화물,남,44세,상해없음,보행자,남,27세,경상
22760,2020051600100102,2020년 5월 16일 08시,토요일,서울특별시 강서구 화곡동,중상사고,0,1,0,0,차대사람 - 기타,안전운전불이행,포장 - 젖음/습기,비,교차로 - 교차로부근,승합,남,47세,상해없음,보행자,남,77세,중상
22761,2020051600100136,2020년 5월 16일 10시,토요일,서울특별시 서대문구 홍제동,중상사고,0,1,0,0,차대사람 - 기타,불법유턴,포장 - 건조,맑음,단일로 - 기타,승용,남,59세,상해없음,보행자,남,68세,중상
22762,2020051600100163,2020년 5월 16일 11시,토요일,서울특별시 동대문구 장안동,부상신고사고,0,0,0,2,차대사람 - 기타,안전운전불이행,포장 - 건조,맑음,단일로 - 기타,승용,남,38세,상해없음,보행자,남,39세,부상신고
22763,2020051600100167,2020년 5월 16일 11시,토요일,서울특별시 중랑구 묵동,경상사고,0,0,1,0,차대사람 - 횡단중,안전운전불이행,포장 - 건조,맑음,교차로 - 교차로부근,승용,여,49세,상해없음,보행자,남,28세,경상
22764,2020051600100169,2020년 5월 16일 11시,토요일,서울특별시 성북구 장위동,경상사고,0,0,1,0,차대사람 - 횡단중,보행자보호의무위반,포장 - 건조,흐림,단일로 - 기타,화물,남,29세,상해없음,보행자,남,77세,경상
22765,2020051600100170,2020년 5월 16일 11시,토요일,서울특별시 강남구 역삼동,중상사고,0,1,0,0,차대사람 - 기타,안전운전불이행,포장 - 건조,맑음,단일로 - 기타,승용,남,24세,상해없음,보행자,남,70세,중상
22766,2020051600100233,2020년 5월 16일 13시,토요일,서울특별시 동대문구 전농동,경상사고,0,0,1,0,차대사람 - 기타,안전운전불이행,포장 - 건조,맑음,단일로 - 기타,승용,남,42세,상해없음,보행자,남,69세,경상
22767,2020051600100267,2020년 5월 16일 14시,토요일,서울특별시 종로구 종로3가,경상사고,0,0,1,0,차대사람 - 기타,안전운전불이행,포장 - 건조,맑음,단일로 - 기타,승용,남,39세,상해없음,보행자,남,46세,경상
22768,2020051600100296,2020년 5월 16일 15시,토요일,서울특별시 금천구 독산동,중상사고,0,1,0,0,차대사람 - 기타,안전운전불이행,포장 - 건조,맑음,단일로 - 기타,화물,남,37세,상해없음,보행자,여,60세,중상
22769,2020051600100300,2020년 5월 16일 15시,토요일,서울특별시 구로구 오류동,경상사고,0,0,1,0,차대사람 - 보도통행중,안전운전불이행,포장 - 건조,맑음,주차장 - 주차장,승용,남,63세,상해없음,보행자,남,47세,경상
22770,2020051600100330,2020년 5월 16일 16시,토요일,서울특별시 마포구 상암동,경상사고,0,0,1,0,차대사람 - 차도통행중,안전운전불이행,포장 - 건조,흐림,교차로 - 교차로부근,승용,남,38세,상해없음,보행자,여,64세,경상
22771,2020051600100369,2020년 5월 16일 17시,토요일,서울특별시 노원구 상계동,중상사고,0,1,0,0,차대사람 - 기타,안전운전불이행,포장 - 건조,맑음,단일로 - 교량,자전거,여,63세,상해없음,보행자,여,86세,중상
22772,2020051600100396,2020년 5월 16일 18시,토요일,서울특별시 강남구 신사동,중상사고,0,1,1,0,차대사람 - 차도통행중,안전운전불이행,포장 - 건조,맑음,단일로 - 지하차도(도로)내,승용,남,31세,상해없음,보행자,남,25세,경상
22773,2020051600100458,2020년 5월 16일 20시,토요일,서울특별시 송파구 마천동,중상사고,0,1,0,0,차대사람 - 횡단중,보행자보호의무위반,포장 - 건조,맑음,교차로 - 교차로안,승용,남,35세,상해없음,보행자,여,48세,중상
22774,2020051600100475,2020년 5월 16일 21시,토요일,서울특별시 노원구 공릉동,부상신고사고,0,0,0,1,차대사람 - 길가장자리구역통행중,안전운전불이행,포장 - 건조,맑음,단일로 - 기타,승합,남,66세,상해없음,보행자,남,57세,부상신고
22775,2020051600100476,2020년 5월 16일 21시,토요일,서울특별시 노원구 상계동,경상사고,0,0,1,0,차대사람 - 기타,안전운전불이행,포장 - 젖음/습기,흐림,기타 - 기타,기타불명,기타불명,미분류,기타불명,보행자,남,35세,경상
22776,2020051600100501,2020년 5월 16일 22시,토요일,서울특별시 광진구 화양동,경상사고,0,0,1,0,차대사람 - 차도통행중,안전운전불이행,포장 - 건조,맑음,단일로 - 기타,승용,여,43세,기타불명,보행자,여,24세,경상
22777,2020051600100531,2020년 5월 16일 23시,토요일,서울특별시 성북구 안암동3가,중상사고,0,1,0,0,차대사람 - 횡단중,안전운전불이행,포장 - 건조,맑음,단일로 - 기타,이륜,남,31세,상해없음,보행자,남,48세,중상
22778,2020051600100534,2020년 5월 16일 23시,토요일,서울특별시 강동구 암사동,부상신고사고,0,0,0,1,차대사람 - 차도통행중,안전운전불이행,포장 - 건조,맑음,단일로 - 기타,승용,남,58세,상해없음,보행자,남,51세,부상신고
22779,2020051700100003,2020년 5월 17일 00시,일요일,서울특별시 구로구 구로동,중상사고,0,1,0,0,차대사람 - 횡단중,안전운전불이행,포장 - 건조,맑음,교차로 - 교차로안,승용,남,70세,상해없음,보행자,남,47세,중상
22780,2020051700100046,2020년 5월 17일 03시,일요일,서울특별시 강동구 천호동,경상사고,0,0,1,0,차대사람 - 횡단중,안전운전불이행,포장 - 건조,맑음,단일로 - 기타,승용,남,70세,상해없음,보행자,남,28세,경상
22781,2020051700100052,2020년 5월 17일 04시,일요일,서울특별시 은평구 갈현동,경상사고,0,0,1,0,차대사람 - 기타,안전운전불이행,포장 - 건조,맑음,교차로 - 교차로부근,승용,남,26세,상해없음,보행자,남,31세,경상
22782,2020051700100072,2020년 5월 17일 07시,일요일,서울특별시 강남구 역삼동,경상사고,0,0,1,0,차대사람 - 횡단중,보행자보호의무위반,포장 - 기타,맑음,교차로 - 교차로횡단보도내,승용,남,54세,상해없음,보행자,여,27세,경상
22783,2020051700100109,2020년 5월 17일 10시,일요일,서울특별시 송파구 잠실동,경상사고,0,0,1,0,차대사람 - 횡단중,보행자보호의무위반,포장 - 건조,맑음,교차로 - 교차로횡단보도내,승합,남,32세,상해없음,보행자,여,29세,경상
22784,2020051700100184,2020년 5월 17일 13시,일요일,서울특별시 강북구 수유동,경상사고,0,0,1,0,차대사람 - 횡단중,보행자보호의무위반,포장 - 건조,맑음,교차로 - 교차로횡단보도내,개인형이동수단(PM),남,43세,상해없음,보행자,여,61세,경상
22785,2020051700100242,2020년 5월 17일 15시,일요일,서울특별시 강남구 대치동,경상사고,0,0,1,0,차대사람 - 기타,안전운전불이행,포장 - 건조,맑음,단일로 - 기타,승용,여,56세,상해없음,보행자,남,20세,경상
22786,2020051700100273,2020년 5월 17일 16시,일요일,서울특별시 서초구 잠원동,중상사고,0,1,0,0,차대사람 - 차도통행중,안전운전불이행,포장 - 건조,맑음,단일로 - 기타,승합,남,51세,상해없음,보행자,남,47세,중상
22787,2020051700100304,2020년 5월 17일 17시,일요일,서울특별시 강남구 도곡동,경상사고,0,0,2,0,차대사람 - 보도통행중,안전운전불이행,포장 - 건조,맑음,기타 - 기타,자전거,여,51세,경상,보행자,여,50세,경상
22788,2020051700100344,2020년 5월 17일 18시,일요일,서울특별시 양천구 목동,경상사고,0,0,1,0,차대사람 - 기타,안전운전불이행,포장 - 건조,맑음,단일로 - 기타,승용,남,78세,상해없음,보행자,남,28세,경상
22789,2020051700100386,2020년 5월 17일 20시,일요일,서울특별시 마포구 합정동,사망사고,1,0,0,0,차대사람 - 길가장자리구역통행중,안전운전불이행,포장 - 건조,맑음,단일로 - 기타,승용,남,72세,상해없음,보행자,여,48세,사망
22790,2020051700100417,2020년 5월 17일 21시,일요일,서울특별시 은평구 응암동,중상사고,0,1,0,0,차대사람 - 횡단중,보행자보호의무위반,포장 - 건조,맑음,교차로 - 교차로부근,승용,남,76세,상해없음,보행자,남,60세,중상
22791,2020051700100418,2020년 5월 17일 21시,일요일,서울특별시 강북구 수유동,중상사고,0,1,0,0,차대사람 - 기타,안전운전불이행,포장 - 건조,맑음,교차로 - 교차로부근,승용,남,45세,상해없음,보행자,여,59세,중상
22792,2020051700100420,2020년 5월 17일 21시,일요일,서울특별시 중랑구 묵동,경상사고,0,0,1,0,차대사람 - 길가장자리구역통행중,안전운전불이행,포장 - 건조,맑음,교차로 - 교차로안,승용,남,53세,상해없음,보행자,남,53세,경상
22793,2020051700100421,2020년 5월 17일 21시,일요일,서울특별시 성북구 종암동,경상사고,0,0,1,0,차대사람 - 기타,안전운전불이행,포장 - 건조,흐림,기타 - 기타,승용,남,42세,상해없음,보행자,남,42세,경상
22794,2020051700100451,2020년 5월 17일 22시,일요일,서울특별시 광진구 중곡동,경상사고,0,0,1,0,차대사람 - 횡단중,안전운전불이행,포장 - 건조,맑음,교차로 - 교차로부근,승용,남,36세,상해없음,보행자,여,17세,경상
22795,2020051700100452,2020년 5월 17일 22시,일요일,서울특별시 마포구 상암동,중상사고,0,1,0,0,차대사람 - 기타,안전운전불이행,포장 - 건조,맑음,단일로 - 기타,승용,남,34세,상해없음,보행자,남,50세,중상
22796,2020051700100456,2020년 5월 17일 22시,일요일,서울특별시 구로구 구로동,중상사고,0,1,0,0,차대사람 - 보도통행중,안전운전불이행,포장 - 건조,맑음,단일로 - 기타,승용,남,70세,상해없음,보행자,남,23세,중상
22797,2020051800100001,2020년 5월 18일 00시,월요일,서울특별시 관악구 봉천동,중상사고,0,1,0,0,차대사람 - 횡단중,보행자보호의무위반,포장 - 건조,맑음,교차로 - 교차로횡단보도내,승용,남,27세,상해없음,보행자,남,37세,중상
22798,2020051800100011,2020년 5월 18일 01시,월요일,서울특별시 도봉구 창동,중상사고,0,1,0,0,차대사람 - 횡단중,안전운전불이행,포장 - 젖음/습기,흐림,교차로 - 교차로횡단보도내,승용,남,66세,상해없음,보행자,남,25세,중상
22799,2020051800100032,2020년 5월 18일 04시,월요일,서울특별시 관악구 신림동,중상사고,0,1,0,0,차대사람 - 기타,안전운전불이행,포장 - 건조,맑음,교차로 - 교차로안,승용,남,44세,상해없음,보행자,남,28세,중상
22800,2020051800100046,2020년 5월 18일 06시,월요일,서울특별시 서초구 방배동,경상사고,0,0,1,0,차대사람 - 기타,안전운전불이행,포장 - 건조,맑음,교차로 - 교차로안,승용,여,47세,상해없음,보행자,남,25세,경상
22801,2020051800100093,2020년 5월 18일 09시,월요일,서울특별시 은평구 신사동,경상사고,0,0,1,1,차대사람 - 보도통행중,기타,포장 - 건조,맑음,기타 - 기타,화물,남,39세,기타불명,보행자,여,58세,경상
22802,2020051800100095,2020년 5월 18일 09시,월요일,서울특별시 성동구 마장동,중상사고,0,1,0,0,차대사람 - 기타,안전운전불이행,포장 - 건조,맑음,단일로 - 기타,승합,남,55세,상해없음,보행자,여,82세,중상
22803,2020051800100199,2020년 5월 18일 12시,월요일,서울특별시 금천구 독산동,경상사고,0,0,1,0,차대사람 - 보도통행중,안전운전불이행,포장 - 건조,맑음,교차로 - 교차로부근,자전거,남,13세,상해없음,보행자,여,66세,경상
22804,2020051800100200,2020년 5월 18일 12시,월요일,서울특별시 강동구 암사동,경상사고,0,0,1,0,차대사람 - 길가장자리구역통행중,안전운전불이행,포장 - 건조,맑음,단일로 - 기타,승용,여,56세,상해없음,보행자,여,72세,경상
22805,2020051800100201,2020년 5월 18일 12시,월요일,서울특별시 송파구 거여동,경상사고,0,0,1,0,차대사람 - 차도통행중,안전운전불이행,포장 - 건조,맑음,교차로 - 교차로부근,승용,여,60세,상해없음,보행자,여,73세,경상
22806,2020051800100238,2020년 5월 18일 13시,월요일,서울특별시 강동구 길동,중상사고,0,1,0,0,차대사람 - 기타,안전운전불이행,포장 - 건조,맑음,주차장 - 주차장,승용,남,44세,상해없음,보행자,여,83세,중상
22807,2020051800100273,2020년 5월 18일 14시,월요일,서울특별시 중구 장충동2가,경상사고,0,0,1,0,차대사람 - 횡단중,안전운전불이행,포장 - 건조,맑음,교차로 - 교차로부근,승용,남,28세,상해없음,보행자,남,75세,경상
22808,2020051800100279,2020년 5월 18일 14시,월요일,서울특별시 송파구 풍납동,경상사고,0,0,1,0,차대사람 - 기타,안전운전불이행,포장 - 건조,맑음,기타 - 기타,승합,남,54세,상해없음,보행자,여,50세,경상
22809,2020051800100320,2020년 5월 18일 15시,월요일,서울특별시 도봉구 쌍문동,경상사고,0,0,1,0,차대사람 - 보도통행중,안전운전불이행,포장 - 건조,맑음,교차로 - 교차로안,기타불명,기타불명,미분류,기타불명,보행자,남,24세,경상
22810,2020051800100321,2020년 5월 18일 15시,월요일,서울특별시 도봉구 도봉동,경상사고,0,0,1,0,차대사람 - 기타,안전운전불이행,포장 - 젖음/습기,비,단일로 - 기타,승용,남,77세,상해없음,보행자,여,63세,경상
22811,2020051800100363,2020년 5월 18일 16시,월요일,서울특별시 강북구 미아동,경상사고,0,0,1,0,차대사람 - 횡단중,안전운전불이행,포장 - 젖음/습기,비,단일로 - 기타,화물,남,62세,상해없음,보행자,남,23세,경상