,사고번호,사고일시,요일,시군구,사고내용,사망자수,중상자수,경상자수,부상신고자수,사고유형,법규위반,노면상태,기상상태,도로형태,가해운전자 차종,가해운전자 성별,가해운전자 연령,가해운전자 상해정도,피해운전자 차종,피해운전자 성별,피해운전자 연령,피해운전자 상해정도
22925,2020052200100626,2020년 5월 22일 21시,금요일,서울특별시 강남구 대치동,부상신고사고,0,0,0,1,차대사람 - 기타,안전운전불이행,포장 - 건조,맑음,단일로 - 기타,승용,여,32세,상해없음,보행자,남,10세,부상신고
22926,2020052200100653,2020년 5월 22일 22시,금요일,서울특별시 중구 봉래동2가,중상사고,0,1,0,0,차대사람 - 기타,안전운전불이행,포장 - 건조,맑음,단일로 - 기타,승합,남,48세,상해없음,보행자,남,63세,중상
22927,2020052200100654,2020년 5월 22일 22시,금요일,서울특별시 광진구 구의동,중상사고,0,1,0,0,차대사람 - 횡단중,보행자보호의무위반,포장 - 건조,맑음,교차로 - 교차로횡단보도내,승용,남,60세,기타불명,보행자,여,45세,중상
22928,2020052200100656,2020년 5월 22일 22시,금요일,서울특별시 성동구 성수동2가,경상사고,0,0,1,0,차대사람 - 횡단중,보행자보호의무위반,포장 - 건조,맑음,교차로 - 교차로부근,승합,남,55세,상해없음,보행자,여,47세,경상
22929,2020052200100678,2020년 5월 22일 23시,금요일,서울특별시 성북구 길음동,경상사고,0,0,1,0,차대사람 - 횡단중,신호위반,포장 - 건조,맑음,단일로 - 기타,승용,남,75세,상해없음,보행자,여,28세,경상
22930,2020052300100001,2020년 5월 23일 00시,토요일,서울특별시 금천구 독산동,경상사고,0,0,1,0,차대사람 - 길가장자리구역통행중,안전운전불이행,포장 - 건조,흐림,단일로 - 기타,승용,남,27세,상해없음,보행자,남,49세,경상
22931,2020052300100031,2020년 5월 23일 02시,토요일,서울특별시 강서구 등촌동,경상사고,0,0,1,0,차대사람 - 기타,안전운전불이행,포장 - 건조,맑음,기타 - 기타,이륜,남,27세,상해없음,보행자,여,23세,경상
22932,2020052300100032,2020년 5월 23일 02시,토요일,서울특별시 구로구 구로동,경상사고,0,0,1,0,차대사람 - 기타,신호위반,포장 - 건조,맑음,단일로 - 기타,승용,남,21세,상해없음,보행자,남,23세,경상
22933,2020052300100049,2020년 5월 23일 04시,토요일,서울특별시 영등포구 영등포동3가,중상사고,0,1,0,0,차대사람 - 기타,안전운전불이행,포장 - 건조,맑음,기타 - 기타,승용,남,32세,상해없음,보행자,남,25세,중상
22934,2020052300100062,2020년 5월 23일 06시,토요일,서울특별시 용산구 한남동,중상사고,0,1,0,0,차대사람 - 기타,중앙선침범,포장 - 건조,맑음,교차로 - 교차로부근,승용,남,78세,상해없음,보행자,남,47세,중상
22935,2020052300100137,2020년 5월 23일 10시,토요일,서울특별시 동작구 신대방동,경상사고,0,0,1,0,차대사람 - 차도통행중,안전운전불이행,포장 - 건조,맑음,단일로 - 기타,승용,여,70세,상해없음,보행자,여,18세,경상
22936,2020052300100159,2020년 5월 23일 11시,토요일,서울특별시 마포구 성산동,중상사고,0,1,0,0,차대사람 - 횡단중,안전운전불이행,포장 - 건조,맑음,교차로 - 교차로안,화물,남,40세,상해없음,보행자,여,87세,중상
22937,2020052300100161,2020년 5월 23일 11시,토요일,서울특별시 강서구 외발산동,경상사고,0,0,1,0,차대사람 - 기타,안전운전불이행,포장 - 건조,맑음,기타 - 기타,화물,남,33세,상해없음,보행자,남,21세,경상
22938,2020052300100165,2020년 5월 23일 11시,토요일,서울특별시 양천구 목동,경상사고,0,0,1,0,차대사람 - 횡단중,신호위반,포장 - 건조,맑음,단일로 - 기타,승용,남,33세,상해없음,보행자,여,53세,경상
22939,2020052300100255,2020년 5월 23일 13시,토요일,서울특별시 중구 신당동,중상사고,0,1,0,0,차대사람 - 횡단중,보행자보호의무위반,포장 - 건조,맑음,교차로 - 교차로안,승합,남,57세,상해없음,보행자,여,76세,중상
22940,2020052300100256,2020년 5월 23일 13시,토요일,서울특별시 중구 흥인동,경상사고,0,0,1,0,차대사람 - 기타,보행자보호의무위반,포장 - 건조,맑음,교차로 - 교차로부근,자전거,남,65세,상해없음,보행자,남,52세,경상
22941,2020052300100343,2020년 5월 23일 15시,토요일,서울특별시 동대문구 이문동,중상사고,0,1,0,0,차대사람 - 기타,안전운전불이행,포장 - 건조,맑음,단일로 - 기타,자전거,남,12세,상해없음,보행자,여,69세,중상
22942,2020052300100378,2020년 5월 23일 16시,토요일,서울특별시 은평구 진관동,경상사고,0,0,1,0,차대사람 - 기타,안전운전불이행,포장 - 건조,맑음,단일로 - 기타,승용,남,30세,상해없음,보행자,남,56세,경상
22943,2020052300100464,2020년 5월 23일 18시,토요일,서울특별시 강북구 수유동,중상사고,0,1,0,0,차대사람 - 기타,안전운전불이행,포장 - 건조,맑음,교차로 - 교차로부근,승용,남,62세,상해없음,보행자,여,60세,중상
22944,2020052300100468,2020년 5월 23일 18시,토요일,서울특별시 강서구 등촌동,경상사고,0,0,1,0,차대사람 - 기타,안전운전불이행,포장 - 건조,맑음,교차로 - 교차로부근,승용,남,41세,상해없음,보행자,남,34세,경상
22945,2020052300100521,2020년 5월 23일 20시,토요일,서울특별시 강북구 번동,경상사고,0,0,2,0,차대사람 - 기타,보행자보호의무위반,포장 - 건조,맑음,교차로 - 교차로안,승용,남,43세,상해없음,보행자,남,28세,경상
22946,2020052300100523,2020년 5월 23일 20시,토요일,서울특별시 성동구 송정동,경상사고,0,0,1,0,차대사람 - 기타,안전운전불이행,포장 - 건조,맑음,단일로 - 기타,승용,여,26세,상해없음,보행자,남,52세,경상
22947,2020052300100548,2020년 5월 23일 21시,토요일,서울특별시 용산구 갈월동,경상사고,0,0,1,0,차대사람 - 기타,안전운전불이행,포장 - 건조,기타,단일로 - 기타,승용,남,40세,상해없음,보행자,남,38세,경상
22948,2020052300100550,2020년 5월 23일 21시,토요일,서울특별시 중랑구 망우동,경상사고,0,0,1,0,차대사람 - 기타,안전운전불이행,포장 - 건조,기타,단일로 - 기타,승용,여,18세,상해없음,보행자,남,17세,경상
22949,2020052300100596,2020년 5월 23일 23시,토요일,서울특별시 송파구 잠실동,경상사고,0,0,1,0,차대사람 - 기타,안전운전불이행,포장 - 건조,맑음,단일로 - 기타,승용,남,22세,상해없음,보행자,남,33세,경상
22950,2020052400100018,2020년 5월 24일 01시,일요일,서울특별시 성북구 정릉동,부상신고사고,0,0,0,1,차대사람 - 기타,안전운전불이행,포장 - 건조,맑음,단일로 - 기타,기타불명,기타불명,미분류,기타불명,보행자,남,32세,부상신고
22951,2020052400100020,2020년 5월 24일 01시,일요일,서울특별시 송파구 장지동,중상사고,0,1,0,0,차대사람 - 차도통행중,안전운전불이행,포장 - 건조,맑음,단일로 - 기타,승용,여,44세,상해없음,보행자,여,23세,중상
22952,2020052400100043,2020년 5월 24일 02시,일요일,서울특별시 구로구 구로동,경상사고,0,0,1,0,차대사람 - 횡단중,신호위반,포장 - 젖음/습기,비,교차로 - 교차로안,승용,남,67세,상해없음,보행자,여,26세,경상
22953,2020052400100056,2020년 5월 24일 03시,일요일,서울특별시 성동구 성수동2가,중상사고,0,1,2,0,차대사람 - 보도통행중,신호위반,포장 - 젖음/습기,비,단일로 - 기타,승용,남,49세,상해없음,보행자,여,30세,경상
22954,2020052400100223,2020년 5월 24일 14시,일요일,서울특별시 금천구 시흥동,부상신고사고,0,0,0,1,차대사람 - 기타,안전운전불이행,포장 - 건조,맑음,단일로 - 기타,자전거,여,67세,상해없음,보행자,여,3세,부상신고
22955,2020052400100285,2020년 5월 24일 16시,일요일,서울특별시 강동구 천호동,경상사고,0,0,1,0,차대사람 - 기타,안전운전불이행,포장 - 건조,맑음,기타 - 기타,자전거,여,30세,상해없음,보행자,여,4세,경상
22956,2020052400100340,2020년 5월 24일 18시,일요일,서울특별시 양천구 신월동,부상신고사고,0,0,0,1,차대사람 - 기타,안전운전불이행,포장 - 건조,맑음,단일로 - 기타,이륜,남,65세,상해없음,보행자,남,64세,부상신고
22957,2020052400100397,2020년 5월 24일 20시,일요일,서울특별시 서초구 반포동,경상사고,0,0,1,0,차대사람 - 보도통행중,안전운전불이행,포장 - 건조,맑음,단일로 - 지하차도(도로)내,자전거,여,41세,상해없음,보행자,남,25세,경상
22958,2020052400100430,2020년 5월 24일 21시,일요일,서울특별시 영등포구 양화동,경상사고,0,0,1,0,차대사람 - 보도통행중,보행자보호의무위반,포장 - 건조,맑음,단일로 - 기타,자전거,남,23세,상해없음,보행자,남,56세,경상
22959,2020052400100432,2020년 5월 24일 21시,일요일,서울특별시 강동구 천호동,경상사고,0,0,1,0,차대사람 - 기타,안전운전불이행,포장 - 건조,맑음,단일로 - 기타,승용,남,29세,상해없음,보행자,여,58세,경상
22960,2020052400100457,2020년 5월 24일 22시,일요일,서울특별시 송파구 문정동,부상신고사고,0,0,0,1,차대사람 - 횡단중,안전운전불이행,포장 - 건조,맑음,교차로 - 교차로안,화물,남,38세,상해없음,보행자,여,38세,부상신고
22961,2020052400100467,2020년 5월 24일 23시,일요일,서울특별시 금천구 가산동,중상사고,0,1,1,0,차대사람 - 횡단중,안전운전불이행,포장 - 건조,맑음,교차로 - 교차로부근,승용,남,24세,상해없음,보행자,남,24세,중상
22962,2020052500100009,2020년 5월 25일 01시,월요일,서울특별시 광진구 중곡동,경상사고,0,0,1,0,차대사람 - 기타,안전운전불이행,포장 - 건조,맑음,단일로 - 기타,원동기,남,48세,경상,보행자,여,25세,상해없음
22963,2020052500100038,2020년 5월 25일 06시,월요일,서울특별시 성북구 장위동,부상신고사고,0,0,0,1,차대사람 - 기타,안전운전불이행,포장 - 건조,맑음,교차로 - 교차로부근,승용,남,41세,상해없음,보행자,남,48세,부상신고
22964,2020052500100070,2020년 5월 25일 08시,월요일,서울특별시 금천구 독산동,경상사고,0,0,1,0,차대사람 - 횡단중,안전운전불이행,포장 - 건조,맑음,단일로 - 기타,화물,남,40세,상해없음,보행자,남,33세,경상
22965,2020052500100074,2020년 5월 25일 08시,월요일,서울특별시 강동구 길동,경상사고,0,0,1,0,차대사람 - 기타,안전운전불이행,포장 - 건조,맑음,단일로 - 기타,승용,남,39세,상해없음,보행자,남,40세,경상
22966,2020052500100075,2020년 5월 25일 08시,월요일,서울특별시 강동구 명일동,중상사고,0,1,0,0,차대사람 - 기타,안전운전불이행,포장 - 건조,맑음,단일로 - 기타,기타불명,남,69세,상해없음,보행자,여,84세,중상
22967,2020052500100118,2020년 5월 25일 09시,월요일,서울특별시 중랑구 중화동,경상사고,0,0,1,0,차대사람 - 차도통행중,안전운전불이행,포장 - 젖음/습기,맑음,단일로 - 기타,승용,여,35세,기타불명,보행자,남,21세,경상
22968,2020052500100122,2020년 5월 25일 09시,월요일,서울특별시 성북구 장위동,사망사고,1,0,0,0,차대사람 - 횡단중,보행자보호의무위반,포장 - 건조,맑음,교차로 - 교차로횡단보도내,건설기계,남,60세,상해없음,보행자,남,79세,사망
22969,2020052500100218,2020년 5월 25일 12시,월요일,서울특별시 서초구 서초동,중상사고,0,1,0,0,차대사람 - 기타,안전운전불이행,포장 - 건조,맑음,단일로 - 기타,건설기계,남,48세,상해없음,보행자,남,84세,중상
22970,2020052500100247,2020년 5월 25일 13시,월요일,서울특별시 송파구 가락동,경상사고,0,0,1,0,차대사람 - 기타,안전운전불이행,포장 - 건조,맑음,기타 - 기타,승용,여,29세,상해없음,보행자,여,48세,경상
22971,2020052500100318,2020년 5월 25일 15시,월요일,서울특별시 강북구 수유동,중상사고,0,1,0,0,차대사람 - 기타,안전운전불이행,포장 - 건조,맑음,교차로 - 교차로안,승용,여,58세,상해없음,보행자,여,71세,중상
22972,2020052500100320,2020년 5월 25일 15시,월요일,서울특별시 중랑구 중화동,경상사고,0,0,1,0,차대사람 - 기타,안전운전불이행,포장 - 건조,맑음,단일로 - 지하차도(도로)내,화물,남,66세,상해없음,보행자,여,62세,경상
22973,2020052500100322,2020년 5월 25일 15시,월요일,서울특별시 강동구 천호동,경상사고,0,0,1,0,차대사람 - 길가장자리구역통행중,안전운전불이행,포장 - 건조,맑음,기타 - 기타,자전거,남,71세,상해없음,보행자,여,80세,경상
22974,2020052500100323,2020년 5월 25일 15시,월요일,서울특별시 강동구 길동,부상신고사고,0,0,0,1,차대사람 - 기타,안전운전불이행,포장 - 건조,맑음,기타 - 기타,자전거,남,8세,상해없음,보행자,여,78세,부상신고
22975,2020052500100324,2020년 5월 25일 15시,월요일,서울특별시 도봉구 창동,중상사고,0,1,0,0,차대사람 - 횡단중,보행자보호의무위반,포장 - 건조,맑음,교차로 - 교차로안,화물,남,56세,상해없음,보행자,남,64세,중상
22976,2020052500100359,2020년 5월 25일 16시,월요일,서울특별시 관악구 신림동,경상사고,0,0,1,0,차대사람 - 길가장자리구역통행중,안전운전불이행,포장 - 건조,맑음,단일로 - 기타,승용,여,61세,상해없음,보행자,여,63세,경상
22977,2020052500100363,2020년 5월 25일 16시,월요일,서울특별시 서초구 반포동,경상사고,0,0,1,0,차대사람 - 횡단중,보행자보호의무위반,포장 - 건조,맑음,교차로 - 교차로횡단보도내,화물,남,57세,상해없음,보행자,여,25세,경상
22978,2020052500100364,2020년 5월 25일 16시,월요일,서울특별시 노원구 중계동,경상사고,0,0,1,0,차대사람 - 횡단중,안전운전불이행,포장 - 건조,맑음,교차로 - 교차로안,화물,남,49세,상해없음,보행자,여,56세,경상
22979,2020052500100435,2020년 5월 25일 18시,월요일,서울특별시 강남구 역삼동,경상사고,0,0,1,0,차대사람 - 기타,안전운전불이행,포장 - 건조,맑음,단일로 - 기타,승용,여,49세,상해없음,보행자,여,36세,경상
22980,2020052500100439,2020년 5월 25일 18시,월요일,서울특별시 송파구 문정동,경상사고,0,0,1,0,차대사람 - 보도통행중,기타,포장 - 건조,맑음,단일로 - 기타,이륜,남,62세,상해없음,보행자,남,21세,경상
22981,2020052500100478,2020년 5월 25일 19시,월요일,서울특별시 마포구 성산동,경상사고,0,0,1,0,차대사람 - 기타,안전운전불이행,포장 - 건조,맑음,단일로 - 기타,승용,여,32세,상해없음,보행자,여,57세,경상
22982,2020052500100482,2020년 5월 25일 19시,월요일,서울특별시 강서구 방화동,경상사고,0,0,1,0,차대사람 - 기타,안전운전불이행,포장 - 건조,맑음,단일로 - 기타,화물,남,49세,상해없음,보행자,여,57세,경상
22983,2020052500100539,2020년 5월 25일 21시,월요일,서울특별시 중랑구 망우동,경상사고,0,0,1,0,차대사람 - 횡단중,안전운전불이행,포장 - 건조,맑음,단일로 - 기타,이륜,남,39세,경상,보행자,남,61세,상해없음
22984,2020052500100540,2020년 5월 25일 21시,월요일,서울특별시 강서구 등촌동,경상사고,0,0,1,0,차대사람 - 차도통행중,안전운전불이행,포장 - 건조,맑음,단일로 - 기타,승용,여,25세,상해없음,보행자,남,36세,경상
22985,2020052500100543,2020년 5월 25일 21시,월요일,서울특별시 노원구 중계동,중상사고,0,1,0,0,차대사람 - 차도통행중,안전운전불이행,포장 - 건조,맑음,단일로 - 기타,승용,남,89세,상해없음,보행자,남,57세,중상
22986,2020052500100567,2020년 5월 25일 22시,월요일,서울특별시 서초구 방배동,중상사고,0,1,0,0,차대사람 - 횡단중,안전운전불이행,포장 - 건조,맑음,단일로 - 기타,승용,여,46세,상해없음,보행자,여,53세,중상
22987,2020052500100587,2020년 5월 25일 23시,월요일,서울특별시 양천구 목동,경상사고,0,0,1,0,차대사람 - 횡단중,안전운전불이행,포장 - 건조,맑음,단일로 - 기타,화물,남,29세,상해없음,보행자,여,66세,경상
22988,2020052600100006,2020년 5월 26일 00시,화요일,서울특별시 양천구 신월동,중상사고,0,1,0,0,차대사람 - 기타,안전운전불이행,포장 - 기타,맑음,교차로 - 교차로부근,승용,여,50세,상해없음,보행자,남,16세,중상
22989,2020052600100044,2020년 5월 26일 05시,화요일,서울특별시 강북구 번동,부상신고사고,0,0,0,1,차대사람 - 횡단중,보행자보호의무위반,포장 - 건조,맑음,교차로 - 교차로부근,승용,남,65세,기타불명,보행자,남,41세,부상신고
22990,2020052600100054,2020년 5월 26일 06시,화요일,서울특별시 성동구 성수동1가,경상사고,0,0,1,0,차대사람 - 횡단중,보행자보호의무위반,포장 - 건조,맑음,교차로 - 교차로횡단보도내,승용,남,41세,상해없음,보행자,여,57세,경상
22991,2020052600100072,2020년 5월 26일 07시,화요일,서울특별시 강서구 등촌동,경상사고,0,0,1,0,차대사람 - 횡단중,보행자보호의무위반,포장 - 건조,맑음,단일로 - 기타,승용,남,30세,상해없음,보행자,여,59세,경상
22992,2020052600100153,2020년 5월 26일 10시,화요일,서울특별시 노원구 상계동,경상사고,0,0,2,0,차대사람 - 보도통행중,안전운전불이행,포장 - 건조,맑음,단일로 - 기타,승용,남,65세,상해없음,보행자,여,67세,경상
22993,2020052600100182,2020년 5월 26일 11시,화요일,서울특별시 금천구 가산동,경상사고,0,0,1,0,차대사람 - 횡단중,보행자보호의무위반,포장 - 건조,맑음,교차로 - 교차로횡단보도내,승용,여,50세,상해없음,보행자,남,37세,경상
22994,2020052600100183,2020년 5월 26일 11시,화요일,서울특별시 동작구 사당동,경상사고,0,0,1,0,차대사람 - 횡단중,안전운전불이행,포장 - 건조,맑음,교차로 - 교차로안,승용,남,48세,상해없음,보행자,여,75세,경상
22995,2020052600100225,2020년 5월 26일 12시,화요일,서울특별시 동작구 신대방동,경상사고,0,0,1,0,차대사람 - 기타,안전운전불이행,포장 - 건조,맑음,단일로 - 기타,승용,여,51세,상해없음,보행자,남,24세,경상
22996,2020052600100226,2020년 5월 26일 12시,화요일,서울특별시 송파구 마천동,중상사고,0,1,0,0,차대사람 - 차도통행중,안전운전불이행,포장 - 건조,맑음,단일로 - 기타,승용,남,28세,상해없음,보행자,여,76세,중상
22997,2020052600100250,2020년 5월 26일 13시,화요일,서울특별시 마포구 서교동,경상사고,0,0,1,0,차대사람 - 기타,안전운전불이행,포장 - 건조,맑음,기타 - 기타,승용,남,65세,상해없음,보행자,남,39세,경상
22998,2020052600100399,2020년 5월 26일 17시,화요일,서울특별시 동대문구 용두동,경상사고,0,0,1,0,차대사람 - 횡단중,신호위반,포장 - 건조,맑음,단일로 - 기타,이륜,남,32세,상해없음,보행자,여,50세,경상
22999,2020052600100400,2020년 5월 26일 17시,화요일,서울특별시 중랑구 면목동,경상사고,0,0,1,0,차대사람 - 기타,안전거리미확보,포장 - 건조,맑음,단일로 - 기타,승용,여,32세,상해없음,보행자,남,55세,경상
23000,2020052600100439,2020년 5월 26일 18시,화요일,서울특별시 노원구 상계동,중상사고,0,1,0,0,차대사람 - 보도통행중,안전운전불이행,포장 - 건조,맑음,교차로 - 교차로부근,자전거,남,24세,상해없음,보행자,여,28세,중상
23001,2020052600100477,2020년 5월 26일 19시,화요일,서울특별시 은평구 응암동,경상사고,0,0,1,0,차대사람 - 기타,안전운전불이행,포장 - 건조,맑음,단일로 - 기타,이륜,남,59세,상해없음,보행자,여,52세,경상
23002,2020052600100504,2020년 5월 26일 20시,화요일,서울특별시 종로구 송월동,중상사고,0,1,0,0,차대사람 - 횡단중,보행자보호의무위반,포장 - 건조,흐림,교차로 - 교차로횡단보도내,승용,여,52세,상해없음,보행자,남,32세,중상
23003,2020052600100505,2020년 5월 26일 20시,화요일,서울특별시 종로구 체부동,부상신고사고,0,0,0,1,차대사람 - 기타,안전운전불이행,포장 - 건조,맑음,단일로 - 지하차도(도로)내,승용,남,29세,상해없음,보행자,남,53세,부상신고
23004,2020052600100509,2020년 5월 26일 20시,화요일,서울특별시 노원구 월계동,경상사고,0,0,1,0,차대사람 - 횡단중,안전운전불이행,포장 - 젖음/습기,비,단일로 - 기타,화물,남,41세,상해없음,보행자,남,58세,경상
23005,2020052600100510,2020년 5월 26일 20시,화요일,서울특별시 은평구 진관동,중상사고,0,1,0,1,차대사람 - 횡단중,신호위반,포장 - 젖음/습기,비,단일로 - 기타,이륜,남,28세,부상신고,보행자,여,25세,중상
23006,2020052600100536,2020년 5월 26일 21시,화요일,서울특별시 용산구 한강로2가,중상사고,0,1,0,0,차대사람 - 횡단중,안전운전불이행,포장 - 건조,맑음,단일로 - 기타,승용,남,53세,상해없음,보행자,남,53세,중상
23007,2020052600100560,2020년 5월 26일 22시,화요일,서울특별시 중구 태평로2가,경상사고,0,0,1,0,차대사람 - 횡단중,신호위반,포장 - 건조,맑음,단일로 - 지하차도(도로)내,승용,여,22세,상해없음,보행자,남,58세,경상
23008,2020052700100092,2020년 5월 27일 08시,수요일,서울특별시 구로구 구로동,경상사고,0,0,1,0,차대사람 - 보도통행중,기타,포장 - 건조,맑음,기타 - 기타,기타불명,기타불명,미분류,기타불명,보행자,여,35세,경상
23009,2020052700100162,2020년 5월 27일 10시,수요일,서울특별시 관악구 신림동,중상사고,0,1,0,0,차대사람 - 기타,안전운전불이행,포장 - 건조,맑음,교차로 - 교차로부근,승용,남,69세,상해없음,보행자,남,35세,중상
23010,2020052700100163,2020년 5월 27일 10시,수요일,서울특별시 강남구 신사동,경상사고,0,0,1,0,차대사람 - 기타,안전운전불이행,포장 - 기타,맑음,단일로 - 기타,승용,남,48세,상해없음,보행자,남,39세,경상
23011,2020052700100165,2020년 5월 27일 10시,수요일,서울특별시 송파구 가락동,중상사고,0,1,0,0,차대사람 - 기타,안전운전불이행,포장 - 건조,맑음,단일로 - 기타,승합,남,37세,상해없음,보행자,남,74세,중상
23012,2020052700100194,2020년 5월 27일 11시,수요일,서울특별시 영등포구 영등포동,중상사고,0,1,0,0,차대사람 - 횡단중,안전운전불이행,포장 - 건조,맑음,단일로 - 기타,화물,남,50세,상해없음,보행자,여,70세,중상
23013,2020052700100196,2020년 5월 27일 11시,수요일,서울특별시 영등포구 문래동3가,중상사고,0,1,0,0,차대사람 - 횡단중,보행자보호의무위반,포장 - 건조,맑음,교차로 - 교차로횡단보도내,승용,남,47세,상해없음,보행자,남,66세,중상
23014,2020052700100274,2020년 5월 27일 13시,수요일,서울특별시 종로구 숭인동,부상신고사고,0,0,0,1,차대사람 - 기타,안전운전불이행,포장 - 건조,맑음,단일로 - 기타,승합,남,63세,상해없음,보행자,여,80세,부상신고
23015,2020052700100276,2020년 5월 27일 13시,수요일,서울특별시 성북구 삼선동5가,중상사고,0,1,0,0,차대사람 - 횡단중,안전운전불이행,포장 - 건조,맑음,단일로 - 기타,화물,남,69세,상해없음,보행자,여,75세,중상
23016,2020052700100277,2020년 5월 27일 13시,수요일,서울특별시 강북구 미아동,중상사고,0,1,0,0,차대사람 - 기타,보행자보호의무위반,포장 - 건조,맑음,교차로 - 교차로안,승합,남,57세,상해없음,보행자,남,76세,중상
23017,2020052700100280,2020년 5월 27일 13시,수요일,서울특별시 강남구 역삼동,경상사고,0,0,1,0,차대사람 - 기타,안전운전불이행,포장 - 건조,맑음,교차로 - 교차로안,승용,남,40세,상해없음,보행자,여,21세,경상
23018,2020052700100345,2020년 5월 27일 15시,수요일,서울특별시 성북구 보문동2가,경상사고,0,0,1,0,차대사람 - 보도통행중,보행자보호의무위반,포장 - 건조,맑음,교차로 - 교차로횡단보도내,승용,남,60세,상해없음,보행자,여,10세,경상
23019,2020052700100351,2020년 5월 27일 15시,수요일,서울특별시 노원구 월계동,경상사고,0,0,1,0,차대사람 - 기타,안전운전불이행,포장 - 건조,맑음,교차로 - 교차로부근,승합,남,62세,상해없음,보행자,여,46세,경상
23020,2020052700100383,2020년 5월 27일 16시,수요일,서울특별시 중구 황학동,중상사고,0,1,0,0,차대사람 - 보도통행중,보행자보호의무위반,포장 - 건조,맑음,교차로 - 교차로안,화물,남,62세,상해없음,보행자,남,6세,중상
23021,2020052700100385,2020년 5월 27일 16시,수요일,서울특별시 종로구 효제동,경상사고,0,0,1,0,차대사람 - 기타,안전운전불이행,포장 - 건조,맑음,단일로 - 기타,화물,남,56세,상해없음,보행자,남,39세,경상
23022,2020052700100508,2020년 5월 27일 18시,수요일,서울특별시 서초구 양재동,경상사고,0,0,1,0,차대사람 - 횡단중,신호위반,포장 - 건조,맑음,교차로 - 교차로횡단보도내,승합,남,38세,상해없음,보행자,여,28세,경상
23023,2020052700100509,2020년 5월 27일 18시,수요일,서울특별시 강남구 자곡동,중상사고,0,1,0,0,차대사람 - 기타,안전운전불이행,포장 - 건조,맑음,교차로 - 교차로안,승용,남,32세,상해없음,보행자,남,68세,중상
23024,2020052700100558,2020년 5월 27일 19시,수요일,서울특별시 동작구 사당동,중상사고,0,1,0,0,차대사람 - 기타,안전운전불이행,포장 - 건조,맑음,단일로 - 기타,승용,남,72세,상해없음,보행자,남,35세,중상
23025,2020052700100561,2020년 5월 27일 19시,수요일,서울특별시 강동구 길동,경상사고,0,0,1,0,차대사람 - 기타,안전운전불이행,포장 - 건조,맑음,교차로 - 교차로부근,승용,남,45세,상해없음,보행자,여,53세,경상
23026,2020052700100589,2020년 5월 27일 20시,수요일,서울특별시 동대문구 장안동,중상사고,0,1,0,0,차대사람 - 보도통행중,신호위반,포장 - 건조,기타,교차로 - 교차로횡단보도내,승용,남,45세,상해없음,보행자,여,31세,중상
23027,2020052700100590,2020년 5월 27일 20시,수요일,서울특별시 광진구 화양동,경상사고,0,0,1,0,차대사람 - 기타,안전운전불이행,포장 - 건조,맑음,단일로 - 기타,승용,남,65세,상해없음,보행자,남,46세,경상
23028,2020052700100624,2020년 5월 27일 21시,수요일,서울특별시 서대문구 남가좌동,경상사고,0,0,1,0,차대사람 - 기타,안전운전불이행,포장 - 건조,흐림,단일로 - 기타,기타불명,남,68세,상해없음,보행자,남,43세,경상
23029,2020052700100630,2020년 5월 27일 21시,수요일,서울특별시 중랑구 중화동,경상사고,0,0,1,0,차대사람 - 횡단중,보행자보호의무위반,포장 - 건조,흐림,단일로 - 기타,승용,여,43세,상해없음,보행자,남,28세,경상
23030,2020052800100002,2020년 5월 28일 00시,목요일,서울특별시 서초구 서초동,경상사고,0,0,1,0,차대사람 - 보도통행중,기타,포장 - 건조,맑음,기타 - 기타,원동기,남,24세,상해없음,보행자,남,47세,경상
23031,2020052800100008,2020년 5월 28일 01시,목요일,서울특별시 서대문구 홍제동,사망사고,1,0,0,0,차대사람 - 차도통행중,안전운전불이행,포장 - 건조,흐림,단일로 - 기타,승합,여,56세,상해없음,보행자,남,49세,사망
23032,2020052800100009,2020년 5월 28일 01시,목요일,서울특별시 동작구 상도동,부상신고사고,0,0,0,1,차대사람 - 기타,안전운전불이행,포장 - 건조,맑음,단일로 - 기타,승용,남,52세,상해없음,보행자,남,50세,부상신고
23033,2020052800100021,2020년 5월 28일 02시,목요일,서울특별시 구로구 고척동,경상사고,0,0,1,0,차대사람 - 횡단중,안전운전불이행,포장 - 건조,맑음,교차로 - 교차로안,승용,남,63세,상해없음,보행자,여,29세,경상
23034,2020052800100059,2020년 5월 28일 06시,목요일,서울특별시 강동구 길동,중상사고,0,1,0,0,차대사람 - 기타,안전운전불이행,포장 - 건조,맑음,단일로 - 기타,승합,남,43세,상해없음,보행자,남,81세,중상
23035,2020052800100069,2020년 5월 28일 07시,목요일,서울특별시 서대문구 충정로3가,중상사고,0,1,0,0,차대사람 - 횡단중,신호위반,포장 - 기타,맑음,단일로 - 기타,승용,남,55세,상해없음,보행자,여,34세,중상
23036,2020052800100168,2020년 5월 28일 10시,목요일,서울특별시 중구 신당동,경상사고,0,0,1,0,차대사람 - 횡단중,안전운전불이행,포장 - 건조,맑음,교차로 - 교차로횡단보도내,자전거,남,37세,상해없음,보행자,여,70세,경상
23037,2020052800100173,2020년 5월 28일 10시,목요일,서울특별시 서초구 반포동,경상사고,0,0,1,0,차대사람 - 횡단중,보행자보호의무위반,포장 - 건조,맑음,교차로 - 교차로횡단보도내,승용,남,40세,상해없음,보행자,남,25세,경상