,사고번호,사고일시,요일,시군구,사고내용,사망자수,중상자수,경상자수,부상신고자수,사고유형,법규위반,노면상태,기상상태,도로형태,가해운전자 차종,가해운전자 성별,가해운전자 연령,가해운전자 상해정도,피해운전자 차종,피해운전자 성별,피해운전자 연령,피해운전자 상해정도
23378,2020061200100250,2020년 6월 12일 12시,금요일,서울특별시 영등포구 여의도동,경상사고,0,0,1,0,차대사람 - 기타,안전운전불이행,포장 - 건조,맑음,단일로 - 기타,승용,남,32세,상해없음,보행자,남,19세,경상
23379,2020061200100252,2020년 6월 12일 12시,금요일,서울특별시 강동구 상일동,경상사고,0,0,1,0,차대사람 - 횡단중,안전운전불이행,포장 - 건조,맑음,단일로 - 기타,자전거,남,26세,상해없음,보행자,여,66세,경상
23380,2020061200100254,2020년 6월 12일 12시,금요일,서울특별시 서초구 반포동,경상사고,0,0,1,0,차대사람 - 횡단중,안전운전불이행,포장 - 건조,맑음,교차로 - 교차로부근,승용,남,51세,상해없음,보행자,남,16세,경상
23381,2020061200100289,2020년 6월 12일 13시,금요일,서울특별시 동대문구 청량리동,경상사고,0,0,1,0,차대사람 - 기타,안전운전불이행,포장 - 건조,맑음,단일로 - 기타,화물,남,48세,상해없음,보행자,여,60세,경상
23382,2020061200100325,2020년 6월 12일 14시,금요일,서울특별시 송파구 장지동,중상사고,0,1,0,0,차대사람 - 길가장자리구역통행중,안전운전불이행,포장 - 건조,맑음,단일로 - 기타,화물,남,39세,상해없음,보행자,남,69세,중상
23383,2020061200100390,2020년 6월 12일 16시,금요일,서울특별시 서대문구 미근동,경상사고,0,0,1,0,차대사람 - 기타,안전운전불이행,포장 - 건조,맑음,단일로 - 기타,원동기,남,43세,상해없음,보행자,여,24세,경상
23384,2020061200100391,2020년 6월 12일 16시,금요일,서울특별시 서대문구 연희동,중상사고,0,1,0,0,차대사람 - 보도통행중,기타,포장 - 건조,맑음,단일로 - 기타,이륜,남,26세,상해없음,보행자,여,81세,중상
23385,2020061200100393,2020년 6월 12일 16시,금요일,서울특별시 영등포구 대림동,중상사고,0,1,0,0,차대사람 - 횡단중,보행자보호의무위반,포장 - 건조,맑음,교차로 - 교차로횡단보도내,승용,남,59세,상해없음,보행자,여,16세,중상
23386,2020061200100432,2020년 6월 12일 17시,금요일,서울특별시 동대문구 이문동,경상사고,0,0,1,0,차대사람 - 차도통행중,안전운전불이행,포장 - 건조,맑음,단일로 - 기타,승용,남,67세,상해없음,보행자,여,64세,경상
23387,2020061200100434,2020년 6월 12일 17시,금요일,서울특별시 강서구 화곡동,경상사고,0,0,1,0,차대사람 - 기타,안전운전불이행,포장 - 건조,맑음,기타 - 기타,승용,남,67세,상해없음,보행자,여,61세,경상
23388,2020061200100490,2020년 6월 12일 18시,금요일,서울특별시 관악구 봉천동,중상사고,0,1,0,0,차대사람 - 횡단중,보행자보호의무위반,포장 - 건조,맑음,교차로 - 교차로횡단보도내,화물,남,62세,상해없음,보행자,여,70세,중상
23389,2020061200100491,2020년 6월 12일 18시,금요일,서울특별시 강남구 청담동,경상사고,0,0,1,0,차대사람 - 보도통행중,기타,포장 - 기타,맑음,단일로 - 기타,승용,남,45세,상해없음,보행자,여,35세,경상
23390,2020061200100549,2020년 6월 12일 19시,금요일,서울특별시 서초구 방배동,경상사고,0,0,1,0,차대사람 - 길가장자리구역통행중,신호위반,포장 - 건조,맑음,단일로 - 기타,승용,여,30세,상해없음,보행자,남,60세,경상
23391,2020061200100634,2020년 6월 12일 21시,금요일,서울특별시 동작구 사당동,경상사고,0,0,1,0,차대사람 - 길가장자리구역통행중,안전운전불이행,포장 - 건조,맑음,단일로 - 기타,승용,남,37세,상해없음,보행자,남,45세,경상
23392,2020061200100668,2020년 6월 12일 22시,금요일,서울특별시 중구 남대문로2가,경상사고,0,0,1,0,차대사람 - 횡단중,안전운전불이행,포장 - 건조,맑음,단일로 - 지하차도(도로)내,승용,여,46세,상해없음,보행자,남,25세,경상
23393,2020061200100669,2020년 6월 12일 22시,금요일,서울특별시 강북구 수유동,중상사고,0,1,1,0,차대사람 - 횡단중,안전운전불이행,포장 - 건조,흐림,교차로 - 교차로안,원동기,남,47세,중상,보행자,남,59세,경상
23394,2020061200100671,2020년 6월 12일 22시,금요일,서울특별시 은평구 갈현동,부상신고사고,0,0,0,1,차대사람 - 기타,안전운전불이행,포장 - 건조,맑음,단일로 - 기타,기타불명,기타불명,미분류,기타불명,보행자,남,52세,부상신고
23395,2020061300100002,2020년 6월 13일 00시,토요일,서울특별시 서대문구 북가좌동,중상사고,0,1,0,0,차대사람 - 횡단중,안전운전불이행,포장 - 건조,맑음,교차로 - 교차로부근,승용,여,61세,상해없음,보행자,여,59세,중상
23396,2020061300100005,2020년 6월 13일 00시,토요일,서울특별시 성동구 성수동2가,중상사고,0,1,0,1,차대사람 - 기타,안전운전불이행,포장 - 건조,맑음,교차로 - 교차로안,이륜,남,20세,부상신고,보행자,남,52세,중상
23397,2020061300100032,2020년 6월 13일 01시,토요일,서울특별시 성동구 성수동1가,중상사고,0,1,0,0,차대사람 - 차도통행중,안전운전불이행,포장 - 건조,맑음,교차로 - 교차로부근,승용,남,67세,상해없음,보행자,남,29세,중상
23398,2020061300100033,2020년 6월 13일 01시,토요일,서울특별시 강서구 화곡동,중상사고,0,1,0,0,차대사람 - 횡단중,안전운전불이행,포장 - 건조,흐림,교차로 - 교차로안,승용,남,39세,상해없음,보행자,여,59세,중상
23399,2020061300100034,2020년 6월 13일 01시,토요일,서울특별시 송파구 장지동,경상사고,0,0,1,0,차대사람 - 기타,안전운전불이행,포장 - 건조,맑음,단일로 - 기타,승용,남,66세,상해없음,보행자,남,61세,경상
23400,2020061300100092,2020년 6월 13일 05시,토요일,서울특별시 강북구 수유동,경상사고,0,0,1,0,차대사람 - 길가장자리구역통행중,안전운전불이행,포장 - 건조,맑음,단일로 - 기타,승용,남,25세,상해없음,보행자,남,24세,경상
23401,2020061300100174,2020년 6월 13일 10시,토요일,서울특별시 중랑구 면목동,중상사고,0,1,0,0,차대사람 - 차도통행중,안전운전불이행,포장 - 건조,맑음,교차로 - 교차로안,화물,남,56세,상해없음,보행자,여,72세,중상
23402,2020061300100203,2020년 6월 13일 11시,토요일,서울특별시 중구 태평로2가,경상사고,0,0,1,0,차대사람 - 기타,안전운전불이행,포장 - 건조,맑음,기타 - 기타,승합,남,60세,상해없음,보행자,여,74세,경상
23403,2020061300100205,2020년 6월 13일 11시,토요일,서울특별시 영등포구 신길동,중상사고,0,1,0,0,차대사람 - 길가장자리구역통행중,안전운전불이행,포장 - 건조,맑음,단일로 - 기타,승용,여,57세,상해없음,보행자,남,69세,중상
23404,2020061300100235,2020년 6월 13일 12시,토요일,서울특별시 중랑구 망우동,경상사고,0,0,1,0,차대사람 - 횡단중,안전운전불이행,포장 - 건조,맑음,교차로 - 교차로안,화물,남,68세,상해없음,보행자,남,6세,경상
23405,2020061300100239,2020년 6월 13일 12시,토요일,서울특별시 강남구 도곡동,중상사고,0,1,0,0,차대사람 - 기타,안전운전불이행,포장 - 건조,맑음,단일로 - 기타,승용,남,52세,상해없음,보행자,남,29세,중상
23406,2020061300100282,2020년 6월 13일 13시,토요일,서울특별시 동대문구 제기동,경상사고,0,0,1,0,차대사람 - 기타,안전운전불이행,포장 - 건조,맑음,단일로 - 기타,승용,남,55세,상해없음,보행자,남,67세,경상
23407,2020061300100286,2020년 6월 13일 13시,토요일,서울특별시 동작구 사당동,경상사고,0,0,1,0,차대사람 - 횡단중,안전운전불이행,포장 - 건조,맑음,교차로 - 교차로횡단보도내,화물,남,37세,상해없음,보행자,여,44세,경상
23408,2020061300100287,2020년 6월 13일 13시,토요일,서울특별시 관악구 봉천동,중상사고,0,1,0,0,차대사람 - 기타,중앙선침범,포장 - 건조,맑음,단일로 - 기타,화물,남,39세,상해없음,보행자,남,76세,중상
23409,2020061300100293,2020년 6월 13일 13시,토요일,서울특별시 은평구 역촌동,중상사고,0,1,0,0,차대사람 - 횡단중,보행자보호의무위반,포장 - 건조,맑음,교차로 - 교차로횡단보도내,승용,남,22세,상해없음,보행자,여,47세,중상
23410,2020061300100397,2020년 6월 13일 16시,토요일,서울특별시 송파구 풍납동,중상사고,0,1,0,0,차대사람 - 횡단중,안전운전불이행,포장 - 건조,맑음,단일로 - 기타,승용,남,59세,상해없음,보행자,남,30세,중상
23411,2020061300100401,2020년 6월 13일 16시,토요일,서울특별시 양천구 신정동,경상사고,0,0,1,0,차대사람 - 기타,안전운전불이행,포장 - 건조,맑음,단일로 - 기타,원동기,남,60세,기타불명,보행자,여,43세,경상
23412,2020061300100440,2020년 6월 13일 17시,토요일,서울특별시 강동구 둔촌동,중상사고,0,1,0,0,차대사람 - 기타,안전운전불이행,포장 - 건조,맑음,기타 - 기타,승용,남,70세,상해없음,보행자,남,65세,중상
23413,2020061300100444,2020년 6월 13일 17시,토요일,서울특별시 양천구 신정동,중상사고,0,1,0,0,차대사람 - 횡단중,안전운전불이행,포장 - 건조,맑음,교차로 - 교차로횡단보도내,승용,남,73세,상해없음,보행자,여,43세,중상
23414,2020061300100446,2020년 6월 13일 17시,토요일,서울특별시 강남구 도곡동,경상사고,0,0,1,0,차대사람 - 보도통행중,기타,포장 - 건조,맑음,기타 - 기타,자전거,기타불명,미분류,기타불명,보행자,남,49세,경상
23415,2020061300100557,2020년 6월 13일 20시,토요일,서울특별시 양천구 신월동,중상사고,0,1,0,0,차대사람 - 횡단중,신호위반,포장 - 건조,맑음,교차로 - 교차로부근,이륜,여,18세,상해없음,보행자,여,57세,중상
23416,2020061300100590,2020년 6월 13일 21시,토요일,서울특별시 성북구 길음동,중상사고,0,1,0,0,차대사람 - 횡단중,보행자보호의무위반,포장 - 젖음/습기,비,단일로 - 기타,승용,여,47세,상해없음,보행자,여,49세,중상
23417,2020061300100591,2020년 6월 13일 21시,토요일,서울특별시 금천구 시흥동,중상사고,0,1,0,0,차대사람 - 기타,안전운전불이행,포장 - 건조,맑음,단일로 - 기타,화물,남,66세,상해없음,보행자,여,73세,중상
23418,2020061300100593,2020년 6월 13일 21시,토요일,서울특별시 강남구 신사동,경상사고,0,0,1,0,차대사람 - 길가장자리구역통행중,보행자보호의무위반,포장 - 건조,맑음,단일로 - 기타,승용,여,37세,상해없음,보행자,여,28세,경상
23419,2020061300100630,2020년 6월 13일 22시,토요일,서울특별시 서초구 양재동,경상사고,0,0,1,0,차대사람 - 차도통행중,안전운전불이행,포장 - 젖음/습기,비,단일로 - 기타,승용,남,56세,상해없음,보행자,남,58세,경상
23420,2020061300100658,2020년 6월 13일 23시,토요일,서울특별시 은평구 역촌동,경상사고,0,0,1,0,차대사람 - 기타,신호위반,포장 - 건조,맑음,단일로 - 기타,승용,남,59세,상해없음,보행자,남,51세,경상
23421,2020061400100002,2020년 6월 14일 00시,일요일,서울특별시 관악구 신림동,경상사고,0,0,1,0,차대사람 - 기타,안전운전불이행,포장 - 건조,흐림,단일로 - 기타,승용,남,58세,상해없음,보행자,남,23세,경상
23422,2020061400100098,2020년 6월 14일 08시,일요일,서울특별시 강서구 화곡동,사망사고,1,0,0,0,차대사람 - 횡단중,안전운전불이행,포장 - 건조,맑음,단일로 - 기타,승용,남,33세,상해없음,보행자,여,76세,사망
23423,2020061400100120,2020년 6월 14일 10시,일요일,서울특별시 동대문구 제기동,경상사고,0,0,1,0,차대사람 - 기타,안전운전불이행,포장 - 건조,맑음,단일로 - 기타,승용,남,50세,상해없음,보행자,여,65세,경상
23424,2020061400100143,2020년 6월 14일 11시,일요일,서울특별시 중랑구 신내동,중상사고,0,1,0,0,차대사람 - 기타,기타,포장 - 건조,맑음,단일로 - 기타,승합,남,57세,상해없음,보행자,남,75세,중상
23425,2020061400100195,2020년 6월 14일 13시,일요일,서울특별시 은평구 갈현동,부상신고사고,0,0,0,1,차대사람 - 기타,기타,포장 - 건조,맑음,단일로 - 기타,승용,남,74세,상해없음,보행자,남,27세,부상신고
23426,2020061400100222,2020년 6월 14일 14시,일요일,서울특별시 서초구 서초동,중상사고,0,1,0,0,차대사람 - 보도통행중,기타,포장 - 건조,맑음,기타 - 기타,승용,남,73세,상해없음,보행자,남,80세,중상
23427,2020061400100269,2020년 6월 14일 15시,일요일,서울특별시 강남구 대치동,부상신고사고,0,0,0,1,차대사람 - 기타,안전운전불이행,포장 - 건조,맑음,기타 - 기타,기타불명,기타불명,미분류,기타불명,보행자,남,39세,부상신고
23428,2020061400100302,2020년 6월 14일 16시,일요일,서울특별시 영등포구 신길동,중상사고,0,1,0,0,차대사람 - 횡단중,보행자보호의무위반,포장 - 건조,맑음,기타 - 기타,자전거,남,30세,상해없음,보행자,남,70세,중상
23429,2020061400100303,2020년 6월 14일 16시,일요일,서울특별시 송파구 석촌동,중상사고,0,1,0,0,차대사람 - 길가장자리구역통행중,안전운전불이행,포장 - 건조,맑음,교차로 - 교차로안,승용,남,22세,상해없음,보행자,여,17세,중상
23430,2020061400100327,2020년 6월 14일 17시,일요일,서울특별시 마포구 동교동,중상사고,0,2,1,0,차대사람 - 기타,안전운전불이행,포장 - 건조,맑음,기타 - 기타,승용,남,22세,상해없음,보행자,남,32세,경상
23431,2020061400100359,2020년 6월 14일 18시,일요일,서울특별시 강북구 수유동,경상사고,0,0,1,0,차대사람 - 차도통행중,안전운전불이행,포장 - 건조,맑음,단일로 - 기타,이륜,남,27세,상해없음,보행자,남,38세,경상
23432,2020061400100394,2020년 6월 14일 19시,일요일,서울특별시 광진구 화양동,중상사고,0,1,0,0,차대사람 - 기타,안전운전불이행,포장 - 건조,맑음,단일로 - 기타,기타불명,기타불명,미분류,기타불명,보행자,여,25세,중상
23433,2020061400100431,2020년 6월 14일 20시,일요일,서울특별시 영등포구 신길동,경상사고,0,0,1,0,차대사람 - 횡단중,신호위반,포장 - 건조,맑음,교차로 - 교차로부근,이륜,남,21세,상해없음,보행자,남,68세,경상
23434,2020061400100455,2020년 6월 14일 21시,일요일,서울특별시 중구 남대문로5가,중상사고,0,1,0,0,차대사람 - 기타,안전운전불이행,포장 - 건조,맑음,교차로 - 교차로부근,승용,남,65세,상해없음,보행자,남,68세,중상
23435,2020061400100456,2020년 6월 14일 21시,일요일,서울특별시 강북구 수유동,부상신고사고,0,0,0,1,차대사람 - 기타,안전운전불이행,포장 - 건조,맑음,단일로 - 기타,화물,남,59세,기타불명,보행자,남,57세,부상신고
23436,2020061400100506,2020년 6월 14일 23시,일요일,서울특별시 강남구 논현동,경상사고,0,0,1,0,차대사람 - 보도통행중,보행자보호의무위반,포장 - 건조,맑음,단일로 - 기타,기타불명,기타불명,미분류,기타불명,보행자,여,30세,경상
23437,2020061500100014,2020년 6월 15일 02시,월요일,서울특별시 마포구 서교동,경상사고,0,0,1,0,차대사람 - 기타,안전운전불이행,포장 - 건조,맑음,단일로 - 기타,화물,남,51세,상해없음,보행자,남,23세,경상
23438,2020061500100044,2020년 6월 15일 06시,월요일,서울특별시 종로구 운니동,경상사고,0,0,1,0,차대사람 - 횡단중,보행자보호의무위반,포장 - 건조,맑음,교차로 - 교차로횡단보도내,승용,남,32세,상해없음,보행자,남,45세,경상
23439,2020061500100061,2020년 6월 15일 07시,월요일,서울특별시 강북구 미아동,경상사고,0,0,1,0,차대사람 - 기타,안전운전불이행,포장 - 건조,맑음,단일로 - 기타,승용,여,27세,상해없음,보행자,여,54세,경상
23440,2020061500100083,2020년 6월 15일 08시,월요일,서울특별시 동작구 대방동,중상사고,0,1,0,0,차대사람 - 기타,안전운전불이행,포장 - 건조,맑음,교차로 - 교차로안,승용,남,48세,상해없음,보행자,남,61세,중상
23441,2020061500100141,2020년 6월 15일 09시,월요일,서울특별시 성북구 안암동5가,경상사고,0,0,1,0,차대사람 - 횡단중,보행자보호의무위반,포장 - 건조,맑음,단일로 - 기타,승용,남,76세,상해없음,보행자,여,23세,경상
23442,2020061500100143,2020년 6월 15일 09시,월요일,서울특별시 금천구 독산동,경상사고,0,0,1,0,차대사람 - 기타,안전운전불이행,포장 - 건조,맑음,단일로 - 기타,승용,여,47세,상해없음,보행자,여,50세,경상
23443,2020061500100211,2020년 6월 15일 11시,월요일,서울특별시 용산구 청파동2가,경상사고,0,0,1,0,차대사람 - 횡단중,신호위반,포장 - 건조,맑음,단일로 - 기타,승용,여,37세,상해없음,보행자,여,24세,경상
23444,2020061500100220,2020년 6월 15일 11시,월요일,서울특별시 도봉구 창동,경상사고,0,0,1,0,차대사람 - 차도통행중,신호위반,포장 - 건조,맑음,단일로 - 기타,자전거,남,26세,상해없음,보행자,여,65세,경상
23445,2020061500100221,2020년 6월 15일 11시,월요일,서울특별시 강남구 도곡동,경상사고,0,0,1,0,차대사람 - 횡단중,보행자보호의무위반,포장 - 건조,맑음,단일로 - 기타,이륜,남,47세,상해없음,보행자,여,35세,경상
23446,2020061500100252,2020년 6월 15일 12시,월요일,서울특별시 강남구 논현동,경상사고,0,0,1,0,차대사람 - 차도통행중,안전운전불이행,포장 - 건조,맑음,단일로 - 기타,승용,남,30세,상해없음,보행자,여,31세,경상
23447,2020061500100255,2020년 6월 15일 12시,월요일,서울특별시 강남구 개포동,경상사고,0,0,1,0,차대사람 - 기타,신호위반,포장 - 건조,맑음,단일로 - 기타,승용,여,62세,상해없음,보행자,남,40세,경상
23448,2020061500100285,2020년 6월 15일 13시,월요일,서울특별시 광진구 광장동,경상사고,0,0,1,0,차대사람 - 기타,안전운전불이행,포장 - 건조,맑음,기타 - 기타,승용,남,60세,상해없음,보행자,남,31세,경상
23449,2020061500100366,2020년 6월 15일 15시,월요일,서울특별시 성동구 도선동,중상사고,0,1,0,0,차대사람 - 횡단중,안전운전불이행,포장 - 건조,맑음,단일로 - 기타,원동기,남,33세,상해없음,보행자,여,75세,중상
23450,2020061500100372,2020년 6월 15일 15시,월요일,서울특별시 서초구 반포동,경상사고,0,0,1,0,차대사람 - 기타,안전운전불이행,포장 - 건조,맑음,기타 - 기타,승용,남,77세,상해없음,보행자,여,40세,상해없음
23451,2020061500100411,2020년 6월 15일 16시,월요일,서울특별시 성동구 옥수동,중상사고,0,1,0,0,차대사람 - 기타,안전운전불이행,포장 - 건조,맑음,기타 - 기타,자전거,남,28세,상해없음,보행자,여,70세,중상
23452,2020061500100467,2020년 6월 15일 17시,월요일,서울특별시 구로구 궁동,경상사고,0,0,1,0,차대사람 - 기타,안전운전불이행,포장 - 건조,맑음,단일로 - 기타,승용,남,74세,상해없음,보행자,남,7세,경상
23453,2020061500100531,2020년 6월 15일 18시,월요일,서울특별시 송파구 신천동,경상사고,0,0,1,0,차대사람 - 보도통행중,기타,포장 - 건조,맑음,단일로 - 기타,자전거,남,25세,상해없음,보행자,남,17세,경상
23454,2020061500100534,2020년 6월 15일 18시,월요일,서울특별시 노원구 중계동,경상사고,0,0,1,0,차대사람 - 차도통행중,안전운전불이행,포장 - 건조,맑음,단일로 - 기타,승용,남,25세,상해없음,보행자,여,47세,경상
23455,2020061500100581,2020년 6월 15일 19시,월요일,서울특별시 강남구 역삼동,경상사고,0,0,1,0,차대사람 - 차도통행중,안전운전불이행,포장 - 건조,맑음,단일로 - 기타,승용,여,35세,상해없음,보행자,남,27세,경상
23456,2020061500100582,2020년 6월 15일 19시,월요일,서울특별시 강동구 암사동,경상사고,0,0,1,0,차대사람 - 길가장자리구역통행중,안전운전불이행,포장 - 건조,맑음,단일로 - 기타,승용,남,40세,상해없음,보행자,남,61세,경상
23457,2020061500100583,2020년 6월 15일 19시,월요일,서울특별시 은평구 불광동,경상사고,0,0,1,0,차대사람 - 기타,안전운전불이행,포장 - 건조,맑음,단일로 - 기타,자전거,남,8세,기타불명,보행자,여,68세,경상
23458,2020061500100645,2020년 6월 15일 21시,월요일,서울특별시 광진구 화양동,경상사고,0,0,1,0,차대사람 - 차도통행중,안전운전불이행,포장 - 건조,맑음,단일로 - 기타,승용,남,62세,상해없음,보행자,남,32세,경상
23459,2020061500100669,2020년 6월 15일 22시,월요일,서울특별시 도봉구 방학동,경상사고,0,0,1,0,차대사람 - 기타,안전운전불이행,포장 - 건조,맑음,단일로 - 기타,이륜,남,51세,상해없음,보행자,남,50세,경상
23460,2020061500100691,2020년 6월 15일 23시,월요일,서울특별시 구로구 구로동,경상사고,0,0,1,0,차대사람 - 기타,안전운전불이행,포장 - 건조,맑음,단일로 - 기타,승용,남,25세,상해없음,보행자,남,36세,경상
23461,2020061600100059,2020년 6월 16일 07시,화요일,서울특별시 도봉구 방학동,중상사고,0,1,0,0,차대사람 - 횡단중,안전운전불이행,포장 - 건조,맑음,교차로 - 교차로안,승용,남,71세,상해없음,보행자,여,72세,중상
23462,2020061600100094,2020년 6월 16일 08시,화요일,서울특별시 송파구 석촌동,중상사고,0,1,0,0,차대사람 - 횡단중,보행자보호의무위반,포장 - 건조,맑음,교차로 - 교차로횡단보도내,화물,남,64세,상해없음,보행자,여,38세,중상
23463,2020061600100095,2020년 6월 16일 08시,화요일,서울특별시 성북구 종암동,경상사고,0,0,1,0,차대사람 - 횡단중,안전운전불이행,포장 - 건조,맑음,교차로 - 교차로부근,승용,남,35세,상해없음,보행자,남,80세,경상
23464,2020061600100142,2020년 6월 16일 09시,화요일,서울특별시 도봉구 쌍문동,경상사고,0,0,1,0,차대사람 - 보도통행중,안전운전불이행,포장 - 건조,맑음,단일로 - 기타,승용,남,65세,상해없음,보행자,여,26세,경상
23465,2020061600100211,2020년 6월 16일 11시,화요일,서울특별시 강서구 화곡동,경상사고,0,0,1,0,차대사람 - 기타,안전운전불이행,포장 - 건조,맑음,단일로 - 기타,승용,여,38세,상해없음,보행자,여,71세,경상
23466,2020061600100237,2020년 6월 16일 12시,화요일,서울특별시 용산구 후암동,중상사고,0,1,0,0,차대사람 - 차도통행중,기타,포장 - 건조,맑음,교차로 - 교차로부근,승용,남,46세,상해없음,보행자,남,8세,중상
23467,2020061600100242,2020년 6월 16일 12시,화요일,서울특별시 도봉구 쌍문동,중상사고,0,1,0,0,차대사람 - 횡단중,신호위반,포장 - 건조,맑음,교차로 - 교차로횡단보도내,승용,남,41세,상해없음,보행자,여,57세,중상
23468,2020061600100344,2020년 6월 16일 15시,화요일,서울특별시 성북구 동소문동4가,경상사고,0,0,1,0,차대사람 - 횡단중,기타,포장 - 건조,맑음,단일로 - 기타,승용,여,51세,상해없음,보행자,여,12세,경상
23469,2020061600100398,2020년 6월 16일 16시,화요일,서울특별시 중랑구 묵동,경상사고,0,0,1,0,차대사람 - 기타,안전운전불이행,포장 - 건조,맑음,교차로 - 교차로부근,승용,여,31세,상해없음,보행자,여,5세,경상
23470,2020061600100401,2020년 6월 16일 16시,화요일,서울특별시 강동구 천호동,중상사고,0,1,0,0,차대사람 - 길가장자리구역통행중,안전운전불이행,포장 - 건조,맑음,단일로 - 기타,승합,남,39세,상해없음,보행자,여,15세,중상
23471,2020061600100403,2020년 6월 16일 16시,화요일,서울특별시 구로구 구로동,경상사고,0,0,1,0,차대사람 - 횡단중,신호위반,포장 - 건조,맑음,교차로 - 교차로안,원동기,남,33세,상해없음,보행자,남,36세,경상
23472,2020061600100492,2020년 6월 16일 18시,화요일,서울특별시 강남구 청담동,경상사고,0,0,1,0,차대사람 - 기타,안전운전불이행,포장 - 건조,맑음,기타 - 기타,승용,남,54세,상해없음,보행자,남,38세,경상
23473,2020061600100569,2020년 6월 16일 20시,화요일,서울특별시 종로구 평동,경상사고,0,0,2,0,차대사람 - 횡단중,안전운전불이행,포장 - 건조,맑음,단일로 - 기타,승용,여,72세,상해없음,보행자,여,11세,경상
23474,2020061600100571,2020년 6월 16일 20시,화요일,서울특별시 용산구 한남동,경상사고,0,0,1,0,차대사람 - 횡단중,보행자보호의무위반,포장 - 건조,맑음,단일로 - 기타,승용,여,20세,상해없음,보행자,남,32세,경상
23475,2020061600100574,2020년 6월 16일 20시,화요일,서울특별시 강동구 성내동,경상사고,0,0,1,0,차대사람 - 차도통행중,안전운전불이행,포장 - 건조,맑음,단일로 - 기타,승용,여,49세,상해없음,보행자,여,18세,경상
23476,2020061600100578,2020년 6월 16일 20시,화요일,서울특별시 강남구 일원동,중상사고,0,1,0,0,차대사람 - 횡단중,보행자보호의무위반,포장 - 건조,맑음,교차로 - 교차로안,화물,남,56세,상해없음,보행자,여,9세,중상
23477,2020061600100639,2020년 6월 16일 22시,화요일,서울특별시 은평구 갈현동,경상사고,0,0,1,0,차대사람 - 기타,안전운전불이행,포장 - 건조,맑음,교차로 - 교차로안,이륜,남,52세,상해없음,보행자,남,25세,경상
23478,2020061600100640,2020년 6월 16일 22시,화요일,서울특별시 강남구 도곡동,경상사고,0,0,1,0,차대사람 - 기타,안전운전불이행,포장 - 건조,맑음,교차로 - 교차로안,승용,여,46세,상해없음,보행자,여,21세,경상
23479,2020061600100658,2020년 6월 16일 23시,화요일,서울특별시 동대문구 청량리동,경상사고,0,0,1,0,차대사람 - 기타,안전운전불이행,포장 - 건조,맑음,단일로 - 기타,승용,남,71세,상해없음,보행자,여,19세,경상
23480,2020061700100048,2020년 6월 17일 06시,수요일,서울특별시 구로구 구로동,중상사고,0,1,0,0,차대사람 - 기타,보행자보호의무위반,포장 - 건조,맑음,교차로 - 교차로횡단보도내,화물,남,37세,상해없음,보행자,여,56세,중상
23481,2020061700100093,2020년 6월 17일 08시,수요일,서울특별시 강동구 길동,경상사고,0,0,1,0,차대사람 - 횡단중,보행자보호의무위반,포장 - 건조,맑음,교차로 - 교차로횡단보도내,이륜,남,16세,상해없음,보행자,여,25세,경상
23482,2020061700100094,2020년 6월 17일 08시,수요일,서울특별시 송파구 장지동,중상사고,0,1,0,0,차대사람 - 기타,안전운전불이행,포장 - 건조,맑음,단일로 - 기타,자전거,남,36세,상해없음,보행자,여,31세,중상
23483,2020061700100195,2020년 6월 17일 11시,수요일,서울특별시 동작구 사당동,중상사고,0,1,0,0,차대사람 - 길가장자리구역통행중,안전운전불이행,포장 - 건조,맑음,단일로 - 기타,승합,남,47세,상해없음,보행자,여,85세,중상
23484,2020061700100235,2020년 6월 17일 12시,수요일,서울특별시 은평구 불광동,사망사고,1,0,0,0,차대사람 - 횡단중,안전운전불이행,포장 - 건조,맑음,교차로 - 교차로안,승합,남,60세,상해없음,보행자,남,74세,사망
23485,2020061700100268,2020년 6월 17일 13시,수요일,서울특별시 은평구 응암동,중상사고,0,1,0,0,차대사람 - 횡단중,보행자보호의무위반,포장 - 건조,맑음,교차로 - 교차로횡단보도내,승용,남,58세,상해없음,보행자,여,83세,중상
23486,2020061700100301,2020년 6월 17일 14시,수요일,서울특별시 성북구 안암동2가,경상사고,0,0,1,0,차대사람 - 기타,안전운전불이행,포장 - 건조,맑음,기타 - 기타,승용,여,48세,상해없음,보행자,남,44세,경상
23487,2020061700100302,2020년 6월 17일 14시,수요일,서울특별시 강북구 미아동,중상사고,0,1,0,0,차대사람 - 기타,안전운전불이행,포장 - 건조,맑음,단일로 - 기타,이륜,남,56세,상해없음,보행자,여,87세,중상
23488,2020061700100346,2020년 6월 17일 15시,수요일,서울특별시 강북구 수유동,중상사고,0,1,0,0,차대사람 - 기타,안전운전불이행,포장 - 건조,맑음,단일로 - 기타,화물,남,49세,상해없음,보행자,남,51세,중상
23489,2020061700100348,2020년 6월 17일 15시,수요일,서울특별시 금천구 독산동,경상사고,0,0,1,0,차대사람 - 기타,안전운전불이행,포장 - 건조,맑음,교차로 - 교차로안,승용,여,55세,상해없음,보행자,여,43세,경상
23490,2020061700100353,2020년 6월 17일 15시,수요일,서울특별시 서초구 서초동,경상사고,0,0,1,0,차대사람 - 기타,안전운전불이행,포장 - 건조,맑음,단일로 - 기타,승용,여,56세,상해없음,보행자,여,27세,경상
23491,2020061700100449,2020년 6월 17일 18시,수요일,서울특별시 중랑구 면목동,경상사고,0,0,1,0,차대사람 - 기타,안전운전불이행,포장 - 건조,맑음,교차로 - 교차로부근,이륜,남,65세,상해없음,보행자,여,7세,경상