,사고번호,사고일시,요일,시군구,사고내용,사망자수,중상자수,경상자수,부상신고자수,사고유형,법규위반,노면상태,기상상태,도로형태,가해운전자 차종,가해운전자 성별,가해운전자 연령,가해운전자 상해정도,피해운전자 차종,피해운전자 성별,피해운전자 연령,피해운전자 상해정도
23718,2020062600100600,2020년 6월 26일 20시,금요일,서울특별시 동작구 사당동,경상사고,0,0,1,0,차대사람 - 길가장자리구역통행중,안전운전불이행,포장 - 건조,맑음,단일로 - 기타,승용,여,38세,상해없음,보행자,남,18세,경상
23719,2020062600100634,2020년 6월 26일 21시,금요일,서울특별시 금천구 가산동,중상사고,0,1,0,0,차대사람 - 횡단중,신호위반,포장 - 건조,맑음,교차로 - 교차로횡단보도내,원동기,여,60세,상해없음,보행자,여,18세,중상
23720,2020062600100636,2020년 6월 26일 21시,금요일,서울특별시 노원구 상계동,경상사고,0,0,1,0,차대사람 - 기타,안전운전불이행,포장 - 건조,맑음,교차로 - 교차로안,승용,여,37세,상해없음,보행자,남,36세,경상
23721,2020062600100668,2020년 6월 26일 22시,금요일,서울특별시 영등포구 당산동4가,중상사고,0,1,0,0,차대사람 - 기타,안전운전불이행,포장 - 건조,맑음,교차로 - 교차로부근,이륜,남,39세,상해없음,보행자,남,16세,중상
23722,2020062600100671,2020년 6월 26일 22시,금요일,서울특별시 양천구 신정동,중상사고,0,1,0,0,차대사람 - 보도통행중,안전운전불이행,포장 - 건조,맑음,단일로 - 기타,이륜,남,20세,상해없음,보행자,여,67세,중상
23723,2020062700100024,2020년 6월 27일 01시,토요일,서울특별시 관악구 봉천동,중상사고,0,1,1,0,차대사람 - 기타,안전운전불이행,포장 - 건조,맑음,단일로 - 기타,이륜,남,43세,중상,보행자,남,54세,경상
23724,2020062700100025,2020년 6월 27일 01시,토요일,서울특별시 강남구 신사동,경상사고,0,0,1,0,차대사람 - 기타,안전운전불이행,포장 - 건조,맑음,단일로 - 기타,기타불명,기타불명,미분류,기타불명,보행자,여,24세,경상
23725,2020062700100045,2020년 6월 27일 02시,토요일,서울특별시 동작구 흑석동,경상사고,0,0,1,0,차대사람 - 횡단중,보행자보호의무위반,포장 - 건조,맑음,교차로 - 교차로횡단보도내,화물,남,78세,상해없음,보행자,남,26세,경상
23726,2020062700100058,2020년 6월 27일 03시,토요일,서울특별시 노원구 월계동,부상신고사고,0,0,0,1,차대사람 - 보도통행중,기타,포장 - 건조,맑음,기타 - 기타,자전거,남,26세,상해없음,보행자,남,46세,부상신고
23727,2020062700100059,2020년 6월 27일 03시,토요일,서울특별시 은평구 대조동,사망사고,1,0,0,0,차대사람 - 횡단중,안전운전불이행,포장 - 건조,맑음,단일로 - 기타,승용,남,65세,상해없음,보행자,남,34세,사망
23728,2020062700100114,2020년 6월 27일 08시,토요일,서울특별시 강남구 도곡동,경상사고,0,0,1,0,차대사람 - 기타,안전운전불이행,포장 - 건조,맑음,기타 - 기타,승용,남,63세,상해없음,보행자,여,26세,경상
23729,2020062700100127,2020년 6월 27일 09시,토요일,서울특별시 동작구 본동,경상사고,0,0,1,0,차대사람 - 기타,안전운전불이행,포장 - 건조,맑음,단일로 - 기타,화물,남,35세,상해없음,보행자,여,51세,경상
23730,2020062700100152,2020년 6월 27일 10시,토요일,서울특별시 중구 태평로1가,중상사고,0,2,0,0,차대사람 - 횡단중,신호위반,포장 - 건조,맑음,단일로 - 기타,승용,남,56세,상해없음,보행자,여,52세,중상
23731,2020062700100185,2020년 6월 27일 11시,토요일,서울특별시 성북구 종암동,중상사고,0,1,0,0,차대사람 - 차도통행중,안전운전불이행,포장 - 건조,맑음,교차로 - 교차로부근,승용,남,70세,상해없음,보행자,남,42세,중상
23732,2020062700100229,2020년 6월 27일 12시,토요일,서울특별시 은평구 불광동,중상사고,0,1,0,0,차대사람 - 기타,안전운전불이행,포장 - 건조,맑음,단일로 - 기타,승합,남,63세,상해없음,보행자,여,68세,중상
23733,2020062700100259,2020년 6월 27일 13시,토요일,서울특별시 동작구 상도동,경상사고,0,0,1,0,차대사람 - 길가장자리구역통행중,안전운전불이행,포장 - 건조,맑음,단일로 - 기타,승용,남,32세,상해없음,보행자,남,28세,경상
23734,2020062700100331,2020년 6월 27일 15시,토요일,서울특별시 송파구 송파동,경상사고,0,0,1,0,차대사람 - 기타,안전운전불이행,포장 - 건조,흐림,단일로 - 기타,승용,남,74세,상해없음,보행자,여,49세,경상
23735,2020062700100333,2020년 6월 27일 15시,토요일,서울특별시 노원구 상계동,경상사고,0,0,1,0,차대사람 - 차도통행중,안전운전불이행,포장 - 건조,맑음,단일로 - 기타,이륜,남,32세,상해없음,보행자,여,52세,경상
23736,2020062700100334,2020년 6월 27일 15시,토요일,서울특별시 서초구 방배동,경상사고,0,0,1,0,차대사람 - 길가장자리구역통행중,안전운전불이행,포장 - 건조,맑음,단일로 - 기타,승용,남,69세,기타불명,보행자,남,25세,경상
23737,2020062700100367,2020년 6월 27일 16시,토요일,서울특별시 종로구 묘동,부상신고사고,0,0,0,1,차대사람 - 기타,안전운전불이행,포장 - 건조,맑음,교차로 - 교차로안,승용,남,34세,상해없음,보행자,남,49세,부상신고
23738,2020062700100372,2020년 6월 27일 16시,토요일,서울특별시 송파구 방이동,경상사고,0,0,1,0,차대사람 - 기타,안전운전불이행,포장 - 건조,맑음,단일로 - 기타,승용,남,28세,상해없음,보행자,남,62세,경상
23739,2020062700100373,2020년 6월 27일 16시,토요일,서울특별시 송파구 문정동,경상사고,0,0,1,0,차대사람 - 횡단중,보행자보호의무위반,포장 - 건조,맑음,단일로 - 기타,원동기,남,39세,상해없음,보행자,남,38세,경상
23740,2020062700100411,2020년 6월 27일 17시,토요일,서울특별시 송파구 가락동,경상사고,0,0,1,0,차대사람 - 보도통행중,기타,포장 - 건조,맑음,단일로 - 기타,개인형이동수단(PM),남,75세,기타불명,보행자,여,33세,경상
23741,2020062700100412,2020년 6월 27일 17시,토요일,서울특별시 구로구 고척동,경상사고,0,0,1,0,차대사람 - 기타,안전운전불이행,포장 - 건조,맑음,단일로 - 기타,승용,여,57세,상해없음,보행자,여,62세,경상
23742,2020062700100448,2020년 6월 27일 18시,토요일,서울특별시 중구 신당동,부상신고사고,0,0,0,1,차대사람 - 횡단중,안전운전불이행,포장 - 건조,맑음,단일로 - 기타,승용,남,67세,상해없음,보행자,남,2세,부상신고
23743,2020062700100451,2020년 6월 27일 18시,토요일,서울특별시 동작구 흑석동,경상사고,0,0,1,0,차대사람 - 횡단중,보행자보호의무위반,포장 - 건조,맑음,교차로 - 교차로횡단보도내,승용,남,69세,상해없음,보행자,남,19세,경상
23744,2020062700100486,2020년 6월 27일 19시,토요일,서울특별시 마포구 합정동,경상사고,0,0,1,0,차대사람 - 기타,안전운전불이행,포장 - 건조,맑음,교차로 - 교차로안,화물,남,45세,상해없음,보행자,여,75세,경상
23745,2020062700100487,2020년 6월 27일 19시,토요일,서울특별시 양천구 신월동,중상사고,0,1,0,0,차대사람 - 차도통행중,안전운전불이행,포장 - 건조,맑음,교차로 - 교차로안,원동기,남,62세,상해없음,보행자,여,79세,중상
23746,2020062700100543,2020년 6월 27일 21시,토요일,서울특별시 동작구 노량진동,경상사고,0,0,1,0,차대사람 - 횡단중,신호위반,포장 - 건조,맑음,단일로 - 기타,승용,남,62세,상해없음,보행자,여,55세,경상
23747,2020062700100545,2020년 6월 27일 21시,토요일,서울특별시 강동구 천호동,경상사고,0,0,1,0,차대사람 - 보도통행중,안전운전불이행,포장 - 건조,맑음,단일로 - 기타,승합,남,51세,상해없음,보행자,여,36세,경상
23748,2020062700100546,2020년 6월 27일 21시,토요일,서울특별시 서초구 잠원동,부상신고사고,0,0,0,2,차대사람 - 기타,안전운전불이행,포장 - 건조,맑음,단일로 - 기타,자전거,여,16세,상해없음,보행자,여,37세,부상신고
23749,2020062700100596,2020년 6월 27일 23시,토요일,서울특별시 동작구 사당동,중상사고,0,1,0,0,차대사람 - 차도통행중,안전운전불이행,포장 - 건조,맑음,단일로 - 기타,원동기,남,22세,상해없음,보행자,여,24세,중상
23750,2020062700100597,2020년 6월 27일 23시,토요일,서울특별시 송파구 잠실동,경상사고,0,0,1,0,차대사람 - 기타,안전운전불이행,포장 - 건조,맑음,교차로 - 교차로부근,기타불명,기타불명,미분류,기타불명,보행자,남,31세,경상
23751,2020062700100598,2020년 6월 27일 23시,토요일,서울특별시 양천구 신정동,부상신고사고,0,0,0,1,차대사람 - 기타,안전운전불이행,포장 - 건조,맑음,단일로 - 기타,승용,남,64세,상해없음,보행자,남,60세,부상신고
23752,2020062800100002,2020년 6월 28일 00시,일요일,서울특별시 마포구 서교동,경상사고,0,0,1,0,차대사람 - 횡단중,안전운전불이행,포장 - 건조,맑음,단일로 - 기타,승용,남,60세,상해없음,보행자,여,31세,경상
23753,2020062800100017,2020년 6월 28일 01시,일요일,서울특별시 강서구 가양동,중상사고,0,1,0,0,차대사람 - 횡단중,과속,포장 - 건조,흐림,교차로 - 교차로횡단보도내,승용,남,62세,상해없음,보행자,남,58세,중상
23754,2020062800100042,2020년 6월 28일 03시,일요일,서울특별시 마포구 서교동,경상사고,0,0,1,0,차대사람 - 차도통행중,신호위반,포장 - 기타,맑음,단일로 - 기타,승용,남,29세,상해없음,보행자,남,25세,경상
23755,2020062800100044,2020년 6월 28일 03시,일요일,서울특별시 도봉구 창동,중상사고,0,1,0,0,차대사람 - 횡단중,안전운전불이행,포장 - 건조,맑음,단일로 - 기타,승용,남,54세,상해없음,보행자,남,76세,중상
23756,2020062800100077,2020년 6월 28일 06시,일요일,서울특별시 서초구 방배동,중상사고,0,1,1,0,차대사람 - 횡단중,보행자보호의무위반,포장 - 건조,맑음,단일로 - 기타,승용,남,25세,상해없음,보행자,여,72세,중상
23757,2020062800100099,2020년 6월 28일 08시,일요일,서울특별시 성북구 정릉동,경상사고,0,0,1,0,차대사람 - 차도통행중,안전운전불이행,포장 - 건조,맑음,단일로 - 기타,승용,여,42세,상해없음,보행자,여,57세,경상
23758,2020062800100178,2020년 6월 28일 12시,일요일,서울특별시 구로구 개봉동,경상사고,0,0,1,0,차대사람 - 기타,기타,포장 - 건조,맑음,기타 - 기타,기타불명,기타불명,미분류,기타불명,보행자,여,71세,경상
23759,2020062800100206,2020년 6월 28일 13시,일요일,서울특별시 강동구 암사동,경상사고,0,0,1,0,차대사람 - 기타,안전운전불이행,포장 - 건조,맑음,교차로 - 교차로안,자전거,남,66세,상해없음,보행자,여,6세,경상
23760,2020062800100237,2020년 6월 28일 14시,일요일,서울특별시 노원구 상계동,경상사고,0,0,1,0,차대사람 - 횡단중,보행자보호의무위반,포장 - 건조,맑음,교차로 - 교차로횡단보도내,승용,여,20세,상해없음,보행자,남,30세,경상
23761,2020062800100372,2020년 6월 28일 18시,일요일,서울특별시 강남구 신사동,경상사고,0,0,1,0,차대사람 - 기타,안전운전불이행,포장 - 건조,맑음,교차로 - 교차로안,승용,남,53세,상해없음,보행자,여,20세,경상
23762,2020062800100375,2020년 6월 28일 18시,일요일,서울특별시 강동구 둔촌동,중상사고,0,1,0,0,차대사람 - 횡단중,신호위반,포장 - 건조,맑음,교차로 - 교차로횡단보도내,자전거,남,19세,상해없음,보행자,여,74세,중상
23763,2020062800100376,2020년 6월 28일 18시,일요일,서울특별시 송파구 거여동,중상사고,0,1,0,0,차대사람 - 횡단중,보행자보호의무위반,포장 - 건조,맑음,교차로 - 교차로안,승용,남,64세,상해없음,보행자,여,73세,중상
23764,2020062800100410,2020년 6월 28일 19시,일요일,서울특별시 관악구 봉천동,중상사고,0,1,0,0,차대사람 - 횡단중,안전운전불이행,포장 - 건조,맑음,단일로 - 기타,이륜,남,31세,상해없음,보행자,여,69세,중상
23765,2020062800100411,2020년 6월 28일 19시,일요일,서울특별시 강서구 방화동,중상사고,0,1,0,0,차대사람 - 횡단중,보행자보호의무위반,포장 - 건조,맑음,교차로 - 교차로부근,승합,남,54세,기타불명,보행자,남,41세,중상
23766,2020062800100487,2020년 6월 28일 22시,일요일,서울특별시 서대문구 창천동,경상사고,0,0,1,0,차대사람 - 기타,안전운전불이행,포장 - 건조,흐림,단일로 - 기타,이륜,남,24세,상해없음,보행자,남,25세,경상
23767,2020062800100490,2020년 6월 28일 22시,일요일,서울특별시 은평구 갈현동,경상사고,0,0,1,0,차대사람 - 차도통행중,안전운전불이행,포장 - 건조,맑음,단일로 - 기타,승용,남,33세,상해없음,보행자,남,25세,경상
23768,2020062900100003,2020년 6월 29일 01시,월요일,서울특별시 중구 만리동2가,중상사고,0,1,0,0,차대사람 - 횡단중,안전운전불이행,포장 - 건조,맑음,단일로 - 기타,승용,남,62세,상해없음,보행자,남,57세,중상
23769,2020062900100008,2020년 6월 29일 02시,월요일,서울특별시 강남구 논현동,중상사고,0,1,0,0,차대사람 - 기타,안전운전불이행,포장 - 건조,맑음,단일로 - 기타,승용,남,37세,상해없음,보행자,남,27세,중상
23770,2020062900100100,2020년 6월 29일 09시,월요일,서울특별시 강서구 화곡동,경상사고,0,0,1,0,차대사람 - 차도통행중,안전운전불이행,포장 - 건조,맑음,단일로 - 기타,승용,남,65세,상해없음,보행자,여,60세,경상
23771,2020062900100103,2020년 6월 29일 09시,월요일,서울특별시 성북구 하월곡동,경상사고,0,0,1,0,차대사람 - 횡단중,신호위반,포장 - 건조,맑음,기타 - 기타,기타불명,기타불명,미분류,기타불명,보행자,여,21세,경상
23772,2020062900100133,2020년 6월 29일 10시,월요일,서울특별시 강북구 수유동,경상사고,0,0,1,0,차대사람 - 기타,안전운전불이행,포장 - 건조,맑음,단일로 - 기타,승용,남,77세,상해없음,보행자,남,83세,경상
23773,2020062900100134,2020년 6월 29일 10시,월요일,서울특별시 강북구 미아동,중상사고,0,1,0,0,차대사람 - 기타,안전운전불이행,포장 - 건조,맑음,단일로 - 기타,화물,남,61세,상해없음,보행자,여,72세,중상
23774,2020062900100136,2020년 6월 29일 10시,월요일,서울특별시 영등포구 여의도동,경상사고,0,0,1,0,차대사람 - 차도통행중,안전운전불이행,포장 - 건조,흐림,교차로 - 교차로부근,승용,여,79세,상해없음,보행자,남,59세,경상
23775,2020062900100205,2020년 6월 29일 12시,월요일,서울특별시 서대문구 북가좌동,경상사고,0,0,1,0,차대사람 - 차도통행중,안전운전불이행,포장 - 건조,맑음,단일로 - 기타,이륜,남,23세,상해없음,보행자,여,74세,경상
23776,2020062900100238,2020년 6월 29일 13시,월요일,서울특별시 성북구 장위동,경상사고,0,0,1,0,차대사람 - 길가장자리구역통행중,안전운전불이행,포장 - 건조,맑음,교차로 - 교차로안,승용,남,71세,상해없음,보행자,남,60세,경상
23777,2020062900100390,2020년 6월 29일 17시,월요일,서울특별시 양천구 신정동,경상사고,0,0,1,0,차대사람 - 기타,안전운전불이행,포장 - 건조,맑음,단일로 - 기타,기타불명,기타불명,미분류,기타불명,보행자,여,18세,경상
23778,2020062900100428,2020년 6월 29일 18시,월요일,서울특별시 광진구 중곡동,경상사고,0,0,1,0,차대사람 - 횡단중,보행자보호의무위반,포장 - 건조,맑음,단일로 - 기타,승용,남,60세,상해없음,보행자,남,11세,경상
23779,2020062900100475,2020년 6월 29일 19시,월요일,서울특별시 마포구 연남동,경상사고,0,0,1,0,차대사람 - 횡단중,신호위반,포장 - 젖음/습기,비,교차로 - 교차로횡단보도내,승용,남,59세,상해없음,보행자,여,24세,경상
23780,2020062900100476,2020년 6월 29일 19시,월요일,서울특별시 강남구 청담동,경상사고,0,0,2,0,차대사람 - 기타,안전운전불이행,포장 - 젖음/습기,비,단일로 - 기타,승용,여,65세,상해없음,보행자,여,35세,경상
23781,2020062900100511,2020년 6월 29일 20시,월요일,서울특별시 성동구 성수동1가,경상사고,0,0,1,0,차대사람 - 차도통행중,안전운전불이행,포장 - 젖음/습기,비,단일로 - 기타,승용,남,67세,상해없음,보행자,남,42세,경상
23782,2020062900100558,2020년 6월 29일 21시,월요일,서울특별시 중구 남창동,경상사고,0,0,1,0,차대사람 - 길가장자리구역통행중,안전운전불이행,포장 - 건조,맑음,교차로 - 교차로부근,승용,남,64세,상해없음,보행자,남,35세,경상
23783,2020062900100559,2020년 6월 29일 21시,월요일,서울특별시 종로구 청진동,경상사고,0,0,1,0,차대사람 - 횡단중,안전운전불이행,포장 - 젖음/습기,비,교차로 - 교차로안,화물,남,40세,상해없음,보행자,여,24세,경상
23784,2020062900100560,2020년 6월 29일 21시,월요일,서울특별시 종로구 청진동,경상사고,0,0,1,0,차대사람 - 기타,안전운전불이행,포장 - 젖음/습기,비,교차로 - 교차로안,승용,남,61세,상해없음,보행자,여,62세,경상
23785,2020062900100563,2020년 6월 29일 21시,월요일,서울특별시 관악구 봉천동,경상사고,0,0,1,0,차대사람 - 횡단중,신호위반,포장 - 젖음/습기,비,교차로 - 교차로부근,승용,남,48세,상해없음,보행자,여,57세,경상
23786,2020062900100565,2020년 6월 29일 21시,월요일,서울특별시 관악구 신림동,중상사고,0,1,0,0,차대사람 - 횡단중,안전운전불이행,포장 - 젖음/습기,비,교차로 - 교차로횡단보도내,승용,남,37세,상해없음,보행자,여,66세,중상
23787,2020062900100608,2020년 6월 29일 22시,월요일,서울특별시 금천구 독산동,경상사고,0,0,1,0,차대사람 - 기타,안전운전불이행,포장 - 건조,맑음,교차로 - 교차로안,승용,남,35세,상해없음,보행자,남,52세,경상
23788,2020062900100649,2020년 6월 29일 23시,월요일,서울특별시 도봉구 창동,중상사고,0,1,0,0,차대사람 - 횡단중,안전운전불이행,포장 - 젖음/습기,비,교차로 - 교차로횡단보도내,승용,남,57세,상해없음,보행자,여,37세,중상
23789,2020063000100002,2020년 6월 30일 00시,화요일,서울특별시 서대문구 충정로3가,중상사고,0,1,0,0,차대사람 - 횡단중,안전운전불이행,포장 - 젖음/습기,비,단일로 - 기타,화물,남,61세,상해없음,보행자,남,61세,중상
23790,2020063000100004,2020년 6월 30일 00시,화요일,서울특별시 강동구 길동,경상사고,0,0,1,0,차대사람 - 횡단중,안전운전불이행,포장 - 젖음/습기,비,단일로 - 기타,승용,남,70세,상해없음,보행자,남,47세,경상
23791,2020063000100023,2020년 6월 30일 01시,화요일,서울특별시 강서구 방화동,중상사고,0,1,0,0,차대사람 - 차도통행중,안전운전불이행,포장 - 젖음/습기,비,교차로 - 교차로안,승용,남,73세,상해없음,보행자,여,32세,중상
23792,2020063000100054,2020년 6월 30일 03시,화요일,서울특별시 영등포구 신길동,사망사고,1,0,0,0,차대사람 - 횡단중,안전운전불이행,포장 - 젖음/습기,비,교차로 - 교차로안,화물,남,53세,상해없음,보행자,남,82세,사망
23793,2020063000100063,2020년 6월 30일 05시,화요일,서울특별시 은평구 불광동,사망사고,1,0,0,0,차대사람 - 횡단중,과속,포장 - 젖음/습기,비,교차로 - 교차로횡단보도내,승합,남,65세,상해없음,보행자,여,89세,사망
23794,2020063000100078,2020년 6월 30일 07시,화요일,서울특별시 강서구 마곡동,경상사고,0,0,1,0,차대사람 - 횡단중,보행자보호의무위반,포장 - 건조,맑음,교차로 - 교차로횡단보도내,승용,여,54세,상해없음,보행자,남,42세,경상
23795,2020063000100106,2020년 6월 30일 08시,화요일,서울특별시 동작구 상도동,중상사고,0,1,0,0,차대사람 - 보도통행중,보행자보호의무위반,포장 - 젖음/습기,비,교차로 - 교차로횡단보도내,승용,남,29세,상해없음,보행자,남,29세,중상
23796,2020063000100109,2020년 6월 30일 08시,화요일,서울특별시 양천구 목동,경상사고,0,0,1,0,차대사람 - 횡단중,보행자보호의무위반,포장 - 건조,맑음,교차로 - 교차로횡단보도내,화물,남,33세,상해없음,보행자,남,18세,경상
23797,2020063000100140,2020년 6월 30일 09시,화요일,서울특별시 성북구 동선동3가,경상사고,0,0,1,0,차대사람 - 보도통행중,안전운전불이행,포장 - 건조,흐림,단일로 - 기타,승용,여,36세,상해없음,보행자,남,74세,경상
23798,2020063000100161,2020년 6월 30일 10시,화요일,서울특별시 서대문구 홍제동,중상사고,0,1,0,0,차대사람 - 횡단중,안전운전불이행,포장 - 건조,맑음,단일로 - 기타,승합,남,57세,상해없음,보행자,남,71세,상해없음
23799,2020063000100162,2020년 6월 30일 10시,화요일,서울특별시 영등포구 문래동3가,중상사고,0,1,0,0,차대사람 - 횡단중,안전운전불이행,포장 - 건조,맑음,기타 - 기타,승합,남,52세,상해없음,보행자,여,55세,중상
23800,2020063000100164,2020년 6월 30일 10시,화요일,서울특별시 중랑구 면목동,경상사고,0,0,1,0,차대사람 - 기타,안전운전불이행,포장 - 젖음/습기,비,교차로 - 교차로부근,승용,남,59세,상해없음,보행자,여,21세,경상
23801,2020063000100273,2020년 6월 30일 14시,화요일,서울특별시 성동구 마장동,경상사고,0,0,1,0,차대사람 - 차도통행중,안전운전불이행,포장 - 건조,맑음,단일로 - 기타,화물,남,63세,상해없음,보행자,남,78세,경상
23802,2020063000100274,2020년 6월 30일 14시,화요일,서울특별시 중랑구 묵동,중상사고,0,1,0,0,차대사람 - 기타,안전운전불이행,포장 - 건조,맑음,교차로 - 교차로부근,화물,남,51세,상해없음,보행자,여,72세,중상
23803,2020063000100341,2020년 6월 30일 16시,화요일,서울특별시 동작구 노량진동,경상사고,0,0,2,0,차대사람 - 기타,안전운전불이행,포장 - 건조,흐림,단일로 - 기타,이륜,남,18세,경상,보행자,여,24세,경상
23804,2020063000100367,2020년 6월 30일 17시,화요일,서울특별시 동대문구 답십리동,경상사고,0,0,1,0,차대사람 - 횡단중,안전운전불이행,포장 - 건조,맑음,교차로 - 교차로안,승용,남,64세,상해없음,보행자,남,18세,경상
23805,2020063000100369,2020년 6월 30일 17시,화요일,서울특별시 마포구 동교동,중상사고,0,1,0,0,차대사람 - 길가장자리구역통행중,신호위반,포장 - 건조,맑음,단일로 - 기타,기타불명,남,21세,상해없음,보행자,여,49세,중상
23806,2020063000100370,2020년 6월 30일 17시,화요일,서울특별시 영등포구 양평동,경상사고,0,0,1,0,차대사람 - 기타,안전운전불이행,포장 - 건조,맑음,기타 - 기타,승합,남,58세,상해없음,보행자,남,43세,경상
23807,2020063000100483,2020년 6월 30일 20시,화요일,서울특별시 동작구 상도동,경상사고,0,0,1,0,차대사람 - 횡단중,신호위반,포장 - 젖음/습기,비,단일로 - 기타,이륜,남,36세,상해없음,보행자,여,38세,경상
23808,2020063000100484,2020년 6월 30일 20시,화요일,서울특별시 동작구 본동,중상사고,0,1,0,0,차대사람 - 횡단중,보행자보호의무위반,포장 - 젖음/습기,비,단일로 - 기타,이륜,남,58세,상해없음,보행자,남,36세,중상
23809,2020063000100486,2020년 6월 30일 20시,화요일,서울특별시 성북구 길음동,중상사고,0,1,0,0,차대사람 - 횡단중,안전운전불이행,포장 - 젖음/습기,비,단일로 - 기타,승용,여,28세,상해없음,보행자,남,77세,중상
23810,2020063000100526,2020년 6월 30일 21시,화요일,서울특별시 은평구 응암동,경상사고,0,0,1,0,차대사람 - 기타,안전운전불이행,포장 - 건조,맑음,교차로 - 교차로안,승용,여,32세,상해없음,보행자,남,22세,경상
23811,2020063000100531,2020년 6월 30일 21시,화요일,서울특별시 송파구 잠실동,중상사고,0,1,0,0,차대사람 - 차도통행중,안전운전불이행,포장 - 젖음/습기,비,단일로 - 기타,승용,남,56세,상해없음,보행자,남,76세,중상
23812,2020063000100570,2020년 6월 30일 22시,화요일,서울특별시 강남구 역삼동,경상사고,0,0,1,0,차대사람 - 기타,안전운전불이행,포장 - 젖음/습기,비,단일로 - 기타,승용,남,47세,상해없음,보행자,남,19세,경상
23813,2020063000100596,2020년 6월 30일 23시,화요일,서울특별시 송파구 가락동,경상사고,0,0,1,0,차대사람 - 기타,보행자보호의무위반,포장 - 젖음/습기,비,교차로 - 교차로안,승용,남,68세,상해없음,보행자,여,36세,경상
23814,2020070100100002,2020년 7월 1일 00시,수요일,서울특별시 관악구 봉천동,경상사고,0,0,1,0,차대사람 - 기타,안전운전불이행,포장 - 젖음/습기,비,단일로 - 기타,승용,남,27세,상해없음,보행자,남,32세,경상
23815,2020070100100029,2020년 7월 1일 02시,수요일,서울특별시 성동구 금호동3가,사망사고,1,0,0,0,차대사람 - 횡단중,안전운전불이행,포장 - 젖음/습기,흐림,교차로 - 교차로안,승용,남,50세,상해없음,보행자,여,83세,사망
23816,2020070100100139,2020년 7월 1일 09시,수요일,서울특별시 송파구 장지동,경상사고,0,0,1,0,차대사람 - 보도통행중,기타,포장 - 건조,맑음,교차로 - 교차로부근,자전거,여,41세,상해없음,보행자,남,3세,경상
23817,2020070100100140,2020년 7월 1일 09시,수요일,서울특별시 도봉구 쌍문동,경상사고,0,0,1,0,차대사람 - 횡단중,안전운전불이행,포장 - 건조,맑음,단일로 - 기타,화물,남,61세,상해없음,보행자,여,66세,경상
23818,2020070100100168,2020년 7월 1일 10시,수요일,서울특별시 금천구 시흥동,경상사고,0,0,1,0,차대사람 - 기타,안전운전불이행,포장 - 건조,맑음,단일로 - 기타,승합,남,62세,상해없음,보행자,여,60세,경상
23819,2020070100100169,2020년 7월 1일 10시,수요일,서울특별시 노원구 상계동,중상사고,0,1,0,0,차대사람 - 차도통행중,안전운전불이행,포장 - 건조,맑음,단일로 - 기타,승용,여,48세,상해없음,보행자,남,57세,중상
23820,2020070100100223,2020년 7월 1일 12시,수요일,서울특별시 송파구 문정동,중상사고,0,1,0,0,차대사람 - 보도통행중,기타,포장 - 건조,맑음,단일로 - 기타,승용,남,71세,상해없음,보행자,남,73세,중상
23821,2020070100100226,2020년 7월 1일 12시,수요일,서울특별시 양천구 신월동,부상신고사고,0,0,0,1,차대사람 - 기타,기타,포장 - 건조,맑음,기타 - 기타,화물,남,66세,상해없음,보행자,남,64세,부상신고
23822,2020070100100281,2020년 7월 1일 14시,수요일,서울특별시 송파구 방이동,중상사고,0,1,0,0,차대사람 - 기타,안전운전불이행,포장 - 젖음/습기,흐림,단일로 - 기타,승용,여,40세,상해없음,보행자,여,49세,중상
23823,2020070100100336,2020년 7월 1일 16시,수요일,서울특별시 동대문구 답십리동,중상사고,0,1,0,0,차대사람 - 기타,안전운전불이행,포장 - 건조,맑음,기타 - 기타,승합,남,56세,상해없음,보행자,여,75세,중상
23824,2020070100100339,2020년 7월 1일 16시,수요일,서울특별시 양천구 신월동,경상사고,0,0,1,0,차대사람 - 기타,안전운전불이행,포장 - 건조,맑음,교차로 - 교차로부근,승용,여,61세,상해없음,보행자,여,58세,경상
23825,2020070100100372,2020년 7월 1일 17시,수요일,서울특별시 용산구 한남동,사망사고,1,0,0,0,차대사람 - 횡단중,안전운전불이행,포장 - 건조,흐림,단일로 - 기타,승용,남,19세,상해없음,보행자,여,76세,사망
23826,2020070100100403,2020년 7월 1일 18시,수요일,서울특별시 광진구 구의동,경상사고,0,0,1,0,차대사람 - 차도통행중,안전운전불이행,포장 - 건조,맑음,단일로 - 기타,승용,남,30세,상해없음,보행자,여,27세,경상
23827,2020070100100404,2020년 7월 1일 18시,수요일,서울특별시 관악구 신림동,경상사고,0,0,1,0,차대사람 - 길가장자리구역통행중,안전운전불이행,포장 - 건조,맑음,단일로 - 기타,승용,남,37세,상해없음,보행자,여,16세,경상
23828,2020070100100408,2020년 7월 1일 18시,수요일,서울특별시 성북구 장위동,경상사고,0,0,1,0,차대사람 - 차도통행중,중앙선침범,포장 - 건조,맑음,교차로 - 교차로부근,이륜,남,26세,상해없음,보행자,남,32세,경상
23829,2020070100100409,2020년 7월 1일 18시,수요일,서울특별시 양천구 신월동,중상사고,0,1,0,0,차대사람 - 기타,안전운전불이행,포장 - 건조,맑음,단일로 - 기타,원동기,남,16세,상해없음,보행자,여,52세,중상