,사고번호,사고일시,요일,시군구,사고내용,사망자수,중상자수,경상자수,부상신고자수,사고유형,법규위반,노면상태,기상상태,도로형태,가해운전자 차종,가해운전자 성별,가해운전자 연령,가해운전자 상해정도,피해운전자 차종,피해운전자 성별,피해운전자 연령,피해운전자 상해정도
23830,2020070100100410,2020년 7월 1일 18시,수요일,서울특별시 강남구 역삼동,경상사고,0,0,1,0,차대사람 - 기타,안전운전불이행,포장 - 건조,맑음,단일로 - 기타,개인형이동수단(PM),남,29세,상해없음,보행자,여,70세,경상
23831,2020070100100516,2020년 7월 1일 21시,수요일,서울특별시 동대문구 전농동,경상사고,0,0,1,0,차대사람 - 횡단중,안전운전불이행,포장 - 건조,맑음,단일로 - 기타,승용,여,63세,상해없음,보행자,남,60세,경상
23832,2020070100100518,2020년 7월 1일 21시,수요일,서울특별시 영등포구 당산동4가,부상신고사고,0,0,0,1,차대사람 - 기타,안전운전불이행,포장 - 건조,맑음,교차로 - 교차로부근,화물,남,53세,상해없음,보행자,여,19세,부상신고
23833,2020070100100525,2020년 7월 1일 21시,수요일,서울특별시 강남구 역삼동,경상사고,0,0,1,0,차대사람 - 길가장자리구역통행중,안전운전불이행,포장 - 건조,맑음,단일로 - 기타,승용,여,30세,상해없음,보행자,남,26세,경상
23834,2020070100100553,2020년 7월 1일 22시,수요일,서울특별시 강북구 수유동,부상신고사고,0,0,0,1,차대사람 - 기타,안전운전불이행,포장 - 건조,맑음,단일로 - 기타,승용,남,55세,상해없음,보행자,남,24세,부상신고
23835,2020070100100555,2020년 7월 1일 22시,수요일,서울특별시 노원구 공릉동,중상사고,0,1,0,0,차대사람 - 보도통행중,안전운전불이행,포장 - 건조,맑음,단일로 - 기타,자전거,남,26세,상해없음,보행자,여,48세,중상
23836,2020070200100027,2020년 7월 2일 03시,목요일,서울특별시 광진구 화양동,경상사고,0,0,1,0,차대사람 - 차도통행중,안전운전불이행,포장 - 건조,맑음,단일로 - 기타,승용,남,68세,상해없음,보행자,여,23세,경상
23837,2020070200100201,2020년 7월 2일 11시,목요일,서울특별시 강서구 방화동,중상사고,0,1,0,0,차대사람 - 보도통행중,보행자보호의무위반,포장 - 건조,맑음,교차로 - 교차로안,승용,여,62세,상해없음,보행자,남,10세,중상
23838,2020070200100227,2020년 7월 2일 12시,목요일,서울특별시 은평구 응암동,부상신고사고,0,0,0,1,차대사람 - 기타,안전운전불이행,포장 - 건조,맑음,기타 - 기타,원동기,남,64세,부상신고,보행자,남,78세,상해없음
23839,2020070200100230,2020년 7월 2일 12시,목요일,서울특별시 중랑구 면목동,경상사고,0,0,1,0,차대사람 - 횡단중,보행자보호의무위반,포장 - 건조,맑음,교차로 - 교차로횡단보도내,승합,남,60세,상해없음,보행자,여,47세,경상
23840,2020070200100231,2020년 7월 2일 12시,목요일,서울특별시 서초구 방배동,경상사고,0,0,1,0,차대사람 - 보도통행중,안전운전불이행,포장 - 건조,맑음,단일로 - 기타,승용,남,52세,상해없음,보행자,여,26세,경상
23841,2020070200100262,2020년 7월 2일 13시,목요일,서울특별시 강남구 역삼동,중상사고,0,1,0,0,차대사람 - 횡단중,보행자보호의무위반,포장 - 건조,맑음,교차로 - 교차로안,승용,여,70세,기타불명,보행자,여,60세,중상
23842,2020070200100300,2020년 7월 2일 14시,목요일,서울특별시 송파구 풍납동,중상사고,0,1,0,0,차대사람 - 기타,기타,포장 - 건조,맑음,기타 - 기타,승합,남,56세,상해없음,보행자,여,80세,중상
23843,2020070200100333,2020년 7월 2일 15시,목요일,서울특별시 강서구 화곡동,중상사고,0,1,0,0,차대사람 - 보도통행중,보행자보호의무위반,포장 - 건조,맑음,교차로 - 교차로횡단보도내,승용,남,71세,상해없음,보행자,여,75세,중상
23844,2020070200100375,2020년 7월 2일 16시,목요일,서울특별시 노원구 상계동,경상사고,0,0,1,0,차대사람 - 길가장자리구역통행중,안전운전불이행,포장 - 건조,맑음,교차로 - 교차로부근,승용,여,53세,상해없음,보행자,여,15세,경상
23845,2020070200100409,2020년 7월 2일 17시,목요일,서울특별시 종로구 평창동,경상사고,0,0,1,0,차대사람 - 기타,중앙선침범,포장 - 건조,맑음,단일로 - 기타,승용,남,44세,상해없음,보행자,남,30세,경상
23846,2020070200100449,2020년 7월 2일 18시,목요일,서울특별시 서대문구 북아현동,중상사고,0,1,0,0,차대사람 - 기타,안전운전불이행,포장 - 건조,흐림,단일로 - 기타,승용,여,59세,상해없음,보행자,여,81세,중상
23847,2020070200100452,2020년 7월 2일 18시,목요일,서울특별시 강남구 삼성동,중상사고,0,1,0,0,차대사람 - 보도통행중,안전운전불이행,포장 - 건조,맑음,단일로 - 기타,원동기,남,27세,상해없음,보행자,남,54세,중상
23848,2020070200100498,2020년 7월 2일 19시,목요일,서울특별시 은평구 역촌동,중상사고,0,1,0,0,차대사람 - 기타,안전운전불이행,포장 - 건조,맑음,단일로 - 기타,승합,남,58세,상해없음,보행자,여,20세,중상
23849,2020070200100526,2020년 7월 2일 20시,목요일,서울특별시 종로구 당주동,경상사고,0,0,1,0,차대사람 - 차도통행중,안전운전불이행,포장 - 건조,맑음,교차로 - 교차로안,승용,남,37세,상해없음,보행자,여,32세,경상
23850,2020070200100529,2020년 7월 2일 20시,목요일,서울특별시 구로구 구로동,경상사고,0,0,1,0,차대사람 - 기타,안전운전불이행,포장 - 건조,맑음,단일로 - 기타,승용,남,29세,상해없음,보행자,남,51세,경상
23851,2020070200100551,2020년 7월 2일 21시,목요일,서울특별시 동대문구 제기동,경상사고,0,0,1,0,차대사람 - 횡단중,보행자보호의무위반,포장 - 건조,맑음,단일로 - 기타,승용,남,68세,상해없음,보행자,남,60세,경상
23852,2020070200100552,2020년 7월 2일 21시,목요일,서울특별시 서초구 양재동,경상사고,0,0,1,1,차대사람 - 기타,안전운전불이행,포장 - 건조,맑음,단일로 - 기타,이륜,남,18세,부상신고,보행자,여,36세,경상
23853,2020070200100579,2020년 7월 2일 22시,목요일,서울특별시 서초구 잠원동,중상사고,0,1,0,0,차대사람 - 횡단중,안전운전불이행,포장 - 건조,맑음,단일로 - 기타,승용,남,32세,상해없음,보행자,남,58세,중상
23854,2020070300100002,2020년 7월 3일 00시,금요일,서울특별시 동작구 사당동,경상사고,0,0,1,0,차대사람 - 차도통행중,안전운전불이행,포장 - 건조,맑음,단일로 - 기타,승용,남,77세,상해없음,보행자,여,29세,경상
23855,2020070300100080,2020년 7월 3일 07시,금요일,서울특별시 동작구 대방동,중상사고,0,1,0,0,차대사람 - 기타,안전운전불이행,포장 - 건조,맑음,교차로 - 교차로안,승용,남,53세,상해없음,보행자,남,16세,중상
23856,2020070300100081,2020년 7월 3일 07시,금요일,서울특별시 노원구 상계동,경상사고,0,0,1,0,차대사람 - 기타,안전운전불이행,포장 - 건조,맑음,단일로 - 기타,자전거,남,16세,상해없음,보행자,여,43세,경상
23857,2020070300100145,2020년 7월 3일 09시,금요일,서울특별시 성동구 성수동2가,경상사고,0,0,1,0,차대사람 - 길가장자리구역통행중,안전운전불이행,포장 - 건조,맑음,단일로 - 기타,승용,여,55세,상해없음,보행자,여,57세,경상
23858,2020070300100173,2020년 7월 3일 10시,금요일,서울특별시 동대문구 장안동,중상사고,0,1,0,0,차대사람 - 기타,안전운전불이행,포장 - 건조,맑음,단일로 - 기타,승합,남,48세,상해없음,보행자,여,81세,중상
23859,2020070300100176,2020년 7월 3일 10시,금요일,서울특별시 영등포구 영등포동3가,중상사고,0,1,0,0,차대사람 - 기타,신호위반,포장 - 건조,맑음,교차로 - 교차로횡단보도내,승용,남,55세,상해없음,보행자,남,38세,중상
23860,2020070300100177,2020년 7월 3일 10시,금요일,서울특별시 영등포구 대림동,중상사고,0,1,0,0,차대사람 - 기타,안전운전불이행,포장 - 건조,맑음,교차로 - 교차로부근,화물,남,50세,상해없음,보행자,남,98세 이상,중상
23861,2020070300100205,2020년 7월 3일 11시,금요일,서울특별시 구로구 고척동,중상사고,0,1,0,0,차대사람 - 보도통행중,보행자보호의무위반,포장 - 건조,맑음,단일로 - 기타,자전거,남,72세,상해없음,보행자,여,79세,중상
23862,2020070300100267,2020년 7월 3일 13시,금요일,서울특별시 강남구 역삼동,부상신고사고,0,0,0,1,차대사람 - 기타,안전운전불이행,포장 - 건조,맑음,단일로 - 기타,승용,남,67세,상해없음,보행자,여,58세,부상신고
23863,2020070300100268,2020년 7월 3일 13시,금요일,서울특별시 강서구 화곡동,경상사고,0,0,1,0,차대사람 - 횡단중,보행자보호의무위반,포장 - 건조,맑음,교차로 - 교차로횡단보도내,승용,남,61세,상해없음,보행자,여,39세,경상
23864,2020070300100270,2020년 7월 3일 13시,금요일,서울특별시 강남구 수서동,부상신고사고,0,0,0,1,차대사람 - 기타,안전운전불이행,포장 - 건조,맑음,단일로 - 기타,자전거,남,35세,부상신고,보행자,남,71세,상해없음
23865,2020070300100333,2020년 7월 3일 15시,금요일,서울특별시 금천구 독산동,경상사고,0,0,1,0,차대사람 - 기타,보행자보호의무위반,포장 - 건조,맑음,교차로 - 교차로횡단보도내,기타불명,기타불명,미분류,기타불명,보행자,남,44세,경상
23866,2020070300100366,2020년 7월 3일 16시,금요일,서울특별시 은평구 응암동,중상사고,0,1,0,0,차대사람 - 차도통행중,보행자보호의무위반,포장 - 건조,맑음,교차로 - 교차로횡단보도내,승용,여,45세,상해없음,보행자,남,27세,중상
23867,2020070300100369,2020년 7월 3일 16시,금요일,서울특별시 영등포구 영등포동3가,중상사고,0,1,0,0,차대사람 - 기타,안전운전불이행,포장 - 건조,맑음,단일로 - 기타,승합,남,55세,상해없음,보행자,남,3세,중상
23868,2020070300100415,2020년 7월 3일 17시,금요일,서울특별시 도봉구 창동,경상사고,0,0,1,0,차대사람 - 길가장자리구역통행중,안전운전불이행,포장 - 건조,맑음,교차로 - 교차로부근,승용,남,33세,상해없음,보행자,여,14세,경상
23869,2020070300100465,2020년 7월 3일 18시,금요일,서울특별시 강동구 성내동,경상사고,0,0,1,0,차대사람 - 기타,안전운전불이행,포장 - 건조,맑음,교차로 - 교차로안,승용,남,63세,상해없음,보행자,남,63세,경상
23870,2020070300100583,2020년 7월 3일 21시,금요일,서울특별시 영등포구 여의도동,경상사고,0,0,1,0,차대사람 - 횡단중,안전운전불이행,포장 - 건조,맑음,단일로 - 기타,자전거,남,54세,기타불명,보행자,여,30세,경상
23871,2020070300100585,2020년 7월 3일 21시,금요일,서울특별시 관악구 봉천동,경상사고,0,0,1,0,차대사람 - 횡단중,신호위반,포장 - 건조,기타,교차로 - 교차로안,이륜,남,44세,상해없음,보행자,여,24세,경상
23872,2020070300100620,2020년 7월 3일 22시,금요일,서울특별시 동대문구 장안동,중상사고,0,1,0,0,차대사람 - 횡단중,안전운전불이행,포장 - 건조,맑음,단일로 - 기타,승용,남,32세,상해없음,보행자,여,76세,중상
23873,2020070300100622,2020년 7월 3일 22시,금요일,서울특별시 서대문구 창천동,중상사고,0,2,0,0,차대사람 - 횡단중,신호위반,포장 - 젖음/습기,비,교차로 - 교차로안,승용,남,33세,상해없음,보행자,여,31세,중상
23874,2020070300100624,2020년 7월 3일 22시,금요일,서울특별시 관악구 신림동,중상사고,0,1,0,0,차대사람 - 차도통행중,안전운전불이행,포장 - 기타,기타,교차로 - 교차로부근,승용,남,33세,상해없음,보행자,여,60세,중상
23875,2020070400100002,2020년 7월 4일 00시,토요일,서울특별시 중랑구 면목동,경상사고,0,0,1,0,차대사람 - 길가장자리구역통행중,안전운전불이행,포장 - 젖음/습기,비,단일로 - 기타,이륜,남,41세,상해없음,보행자,남,65세,경상
23876,2020070400100003,2020년 7월 4일 00시,토요일,서울특별시 중랑구 망우동,경상사고,0,0,1,0,차대사람 - 횡단중,안전운전불이행,포장 - 젖음/습기,비,단일로 - 기타,승용,남,71세,상해없음,보행자,여,40세,경상
23877,2020070400100042,2020년 7월 4일 01시,토요일,서울특별시 강남구 신사동,경상사고,0,0,2,0,차대사람 - 기타,안전운전불이행,포장 - 젖음/습기,비,단일로 - 기타,승용,남,27세,상해없음,보행자,여,22세,경상
23878,2020070400100060,2020년 7월 4일 02시,토요일,서울특별시 종로구 명륜3가,중상사고,0,1,0,0,차대사람 - 기타,안전운전불이행,포장 - 젖음/습기,비,단일로 - 기타,승용,남,67세,상해없음,보행자,남,31세,중상
23879,2020070400100061,2020년 7월 4일 02시,토요일,서울특별시 동작구 대방동,경상사고,0,0,1,0,차대사람 - 횡단중,안전운전불이행,포장 - 젖음/습기,비,단일로 - 기타,승용,남,68세,상해없음,보행자,남,20세,경상
23880,2020070400100112,2020년 7월 4일 06시,토요일,서울특별시 서초구 서초동,경상사고,0,0,1,0,차대사람 - 길가장자리구역통행중,안전운전불이행,포장 - 건조,맑음,단일로 - 기타,승용,남,77세,상해없음,보행자,남,30세,경상
23881,2020070400100140,2020년 7월 4일 08시,토요일,서울특별시 동대문구 전농동,경상사고,0,0,1,0,차대사람 - 횡단중,신호위반,포장 - 건조,맑음,교차로 - 교차로횡단보도내,이륜,남,67세,상해없음,보행자,여,51세,경상
23882,2020070400100160,2020년 7월 4일 09시,토요일,서울특별시 영등포구 영등포동5가,경상사고,0,0,1,0,차대사람 - 기타,안전운전불이행,포장 - 건조,맑음,교차로 - 교차로부근,승합,남,68세,상해없음,보행자,남,68세,경상
23883,2020070400100165,2020년 7월 4일 09시,토요일,서울특별시 노원구 상계동,중상사고,0,1,0,0,차대사람 - 보도통행중,안전운전불이행,포장 - 건조,맑음,단일로 - 기타,자전거,남,58세,상해없음,보행자,여,60세,중상
23884,2020070400100186,2020년 7월 4일 10시,토요일,서울특별시 영등포구 당산동,경상사고,0,0,1,0,차대사람 - 기타,보행자보호의무위반,포장 - 건조,맑음,교차로 - 교차로안,화물,남,40세,상해없음,보행자,남,21세,경상
23885,2020070400100219,2020년 7월 4일 11시,토요일,서울특별시 양천구 신월동,중상사고,0,1,0,0,차대사람 - 차도통행중,안전운전불이행,포장 - 건조,맑음,단일로 - 기타,승용,남,69세,상해없음,보행자,여,65세,중상
23886,2020070400100287,2020년 7월 4일 13시,토요일,서울특별시 강남구 논현동,경상사고,0,0,1,0,차대사람 - 횡단중,신호위반,포장 - 건조,맑음,단일로 - 기타,기타불명,기타불명,미분류,기타불명,보행자,여,25세,경상
23887,2020070400100291,2020년 7월 4일 13시,토요일,서울특별시 양천구 목동,부상신고사고,0,0,0,1,차대사람 - 보도통행중,기타,포장 - 건조,맑음,단일로 - 기타,자전거,기타불명,미분류,기타불명,보행자,남,7세,부상신고
23888,2020070400100326,2020년 7월 4일 14시,토요일,서울특별시 성북구 삼선동5가,경상사고,0,0,1,0,차대사람 - 횡단중,신호위반,포장 - 건조,맑음,단일로 - 기타,승용,여,60세,상해없음,보행자,여,11세,경상
23889,2020070400100327,2020년 7월 4일 14시,토요일,서울특별시 강북구 미아동,중상사고,0,1,0,0,차대사람 - 횡단중,신호위반,포장 - 건조,맑음,단일로 - 기타,승용,남,63세,상해없음,보행자,남,61세,중상
23890,2020070400100328,2020년 7월 4일 14시,토요일,서울특별시 강동구 길동,경상사고,0,0,1,0,차대사람 - 기타,안전운전불이행,포장 - 건조,맑음,교차로 - 교차로부근,이륜,남,49세,상해없음,보행자,여,57세,경상
23891,2020070400100436,2020년 7월 4일 17시,토요일,서울특별시 동작구 상도동,중상사고,0,1,0,0,차대사람 - 기타,안전운전불이행,포장 - 건조,맑음,교차로 - 교차로안,승용,여,31세,상해없음,보행자,여,83세,중상
23892,2020070400100483,2020년 7월 4일 18시,토요일,서울특별시 용산구 용산동2가,중상사고,0,1,1,0,차대사람 - 기타,기타,포장 - 건조,맑음,단일로 - 기타,자전거,남,14세,상해없음,보행자,여,23세,중상
23893,2020070400100489,2020년 7월 4일 18시,토요일,서울특별시 중랑구 중화동,경상사고,0,0,1,0,차대사람 - 기타,안전운전불이행,포장 - 건조,맑음,교차로 - 교차로안,승용,여,38세,상해없음,보행자,남,47세,경상
23894,2020070400100517,2020년 7월 4일 19시,토요일,서울특별시 동대문구 신설동,중상사고,0,1,0,0,차대사람 - 기타,보행자보호의무위반,포장 - 건조,맑음,교차로 - 교차로횡단보도내,승용,여,65세,상해없음,보행자,남,51세,중상
23895,2020070400100579,2020년 7월 4일 21시,토요일,서울특별시 금천구 독산동,중상사고,0,1,0,0,차대사람 - 횡단중,안전운전불이행,포장 - 건조,맑음,단일로 - 기타,승용,남,45세,상해없음,보행자,남,58세,중상
23896,2020070400100581,2020년 7월 4일 21시,토요일,서울특별시 송파구 방이동,부상신고사고,0,0,0,1,차대사람 - 기타,안전운전불이행,포장 - 건조,맑음,단일로 - 기타,승용,남,30세,기타불명,보행자,남,34세,부상신고
23897,2020070400100582,2020년 7월 4일 21시,토요일,서울특별시 구로구 오류동,중상사고,0,1,0,0,차대사람 - 횡단중,보행자보호의무위반,포장 - 건조,맑음,교차로 - 교차로횡단보도내,승용,여,41세,상해없음,보행자,여,59세,중상
23898,2020070400100606,2020년 7월 4일 22시,토요일,서울특별시 영등포구 대림동,중상사고,0,1,0,0,차대사람 - 기타,안전운전불이행,포장 - 건조,맑음,단일로 - 기타,승용,남,62세,상해없음,보행자,남,29세,중상
23899,2020070400100608,2020년 7월 4일 22시,토요일,서울특별시 구로구 오류동,경상사고,0,0,1,0,차대사람 - 보도통행중,기타,포장 - 건조,맑음,기타 - 기타,개인형이동수단(PM),여,9세,상해없음,보행자,여,23세,경상
23900,2020070400100609,2020년 7월 4일 22시,토요일,서울특별시 노원구 하계동,경상사고,0,0,1,0,차대사람 - 기타,안전운전불이행,포장 - 건조,맑음,단일로 - 기타,승용,남,52세,상해없음,보행자,여,53세,경상
23901,2020070400100629,2020년 7월 4일 23시,토요일,서울특별시 강북구 수유동,경상사고,0,0,1,0,차대사람 - 기타,안전운전불이행,포장 - 건조,맑음,단일로 - 기타,승용,남,64세,상해없음,보행자,여,31세,경상
23902,2020070400100633,2020년 7월 4일 23시,토요일,서울특별시 강남구 청담동,경상사고,0,0,1,0,차대사람 - 기타,안전운전불이행,포장 - 건조,흐림,기타 - 기타,승용,남,67세,상해없음,보행자,남,47세,경상
23903,2020070500100025,2020년 7월 5일 01시,일요일,서울특별시 관악구 남현동,경상사고,0,0,1,0,차대사람 - 횡단중,안전운전불이행,포장 - 건조,맑음,교차로 - 교차로부근,승용,남,52세,상해없음,보행자,남,25세,경상
23904,2020070500100121,2020년 7월 5일 10시,일요일,서울특별시 구로구 개봉동,경상사고,0,0,1,0,차대사람 - 기타,안전운전불이행,포장 - 건조,맑음,단일로 - 기타,승합,남,57세,상해없음,보행자,남,46세,경상
23905,2020070500100239,2020년 7월 5일 15시,일요일,서울특별시 강남구 청담동,중상사고,0,1,0,0,차대사람 - 기타,안전운전불이행,포장 - 건조,기타,기타 - 기타,자전거,남,45세,중상,보행자,남,7세,상해없음
23906,2020070500100274,2020년 7월 5일 16시,일요일,서울특별시 종로구 숭인동,중상사고,0,1,0,1,차대사람 - 기타,안전운전불이행,포장 - 건조,맑음,교차로 - 교차로부근,자전거,남,51세,부상신고,보행자,여,36세,중상
23907,2020070500100306,2020년 7월 5일 17시,일요일,서울특별시 강남구 청담동,경상사고,0,0,1,0,차대사람 - 기타,안전운전불이행,포장 - 건조,맑음,단일로 - 기타,승용,남,42세,상해없음,보행자,남,32세,경상
23908,2020070500100308,2020년 7월 5일 17시,일요일,서울특별시 송파구 방이동,경상사고,0,0,1,0,차대사람 - 횡단중,보행자보호의무위반,포장 - 건조,맑음,단일로 - 기타,승용,남,64세,상해없음,보행자,여,35세,경상
23909,2020070500100312,2020년 7월 5일 17시,일요일,서울특별시 강남구 대치동,경상사고,0,0,1,0,차대사람 - 기타,안전운전불이행,포장 - 건조,맑음,단일로 - 기타,자전거,남,34세,상해없음,보행자,여,36세,경상
23910,2020070500100383,2020년 7월 5일 20시,일요일,서울특별시 은평구 녹번동,경상사고,0,0,1,0,차대사람 - 횡단중,안전운전불이행,포장 - 건조,맑음,교차로 - 교차로부근,승용,여,39세,상해없음,보행자,남,52세,경상
23911,2020070500100384,2020년 7월 5일 20시,일요일,서울특별시 성북구 정릉동,중상사고,0,1,0,0,차대사람 - 기타,안전운전불이행,포장 - 건조,맑음,단일로 - 기타,승용,남,57세,상해없음,보행자,여,33세,중상
23912,2020070500100386,2020년 7월 5일 20시,일요일,서울특별시 은평구 대조동,경상사고,0,0,1,0,차대사람 - 길가장자리구역통행중,안전운전불이행,포장 - 건조,맑음,단일로 - 기타,승용,남,45세,상해없음,보행자,남,56세,경상
23913,2020070500100427,2020년 7월 5일 22시,일요일,서울특별시 중구 의주로1가,경상사고,0,0,1,0,차대사람 - 기타,보행자보호의무위반,포장 - 건조,맑음,단일로 - 기타,승용,여,47세,상해없음,보행자,남,47세,경상
23914,2020070600100015,2020년 7월 6일 02시,월요일,서울특별시 관악구 봉천동,중상사고,0,1,0,0,차대사람 - 기타,안전운전불이행,포장 - 건조,맑음,단일로 - 기타,승용,남,59세,상해없음,보행자,남,42세,중상
23915,2020070600100056,2020년 7월 6일 07시,월요일,서울특별시 구로구 고척동,중상사고,0,1,0,0,차대사람 - 기타,안전운전불이행,포장 - 건조,맑음,교차로 - 교차로안,승용,여,48세,상해없음,보행자,남,81세,중상
23916,2020070600100257,2020년 7월 6일 13시,월요일,서울특별시 영등포구 당산동2가,경상사고,0,0,1,0,차대사람 - 보도통행중,기타,포장 - 건조,맑음,단일로 - 기타,승합,남,46세,상해없음,보행자,여,64세,경상
23917,2020070600100259,2020년 7월 6일 13시,월요일,서울특별시 강남구 역삼동,경상사고,0,0,1,0,차대사람 - 기타,기타,포장 - 건조,맑음,단일로 - 기타,승합,남,35세,상해없음,보행자,여,23세,경상
23918,2020070600100261,2020년 7월 6일 13시,월요일,서울특별시 양천구 신월동,부상신고사고,0,0,0,1,차대사람 - 기타,안전운전불이행,포장 - 건조,맑음,단일로 - 기타,승용,남,42세,상해없음,보행자,남,6세,부상신고
23919,2020070600100291,2020년 7월 6일 14시,월요일,서울특별시 용산구 원효로1가,부상신고사고,0,0,0,1,차대사람 - 차도통행중,안전운전불이행,포장 - 건조,맑음,단일로 - 기타,화물,남,50세,상해없음,보행자,남,6세,부상신고
23920,2020070600100332,2020년 7월 6일 15시,월요일,서울특별시 송파구 거여동,경상사고,0,0,1,0,차대사람 - 보도통행중,안전운전불이행,포장 - 건조,맑음,단일로 - 기타,자전거,기타불명,미분류,기타불명,보행자,여,59세,경상
23921,2020070600100365,2020년 7월 6일 16시,월요일,서울특별시 강동구 천호동,경상사고,0,0,1,0,차대사람 - 횡단중,안전운전불이행,포장 - 건조,맑음,단일로 - 기타,승용,여,53세,상해없음,보행자,여,2세,경상
23922,2020070600100392,2020년 7월 6일 17시,월요일,서울특별시 종로구 견지동,중상사고,0,1,0,0,차대사람 - 횡단중,안전운전불이행,포장 - 건조,맑음,단일로 - 기타,승용,남,55세,상해없음,보행자,여,64세,중상
23923,2020070600100394,2020년 7월 6일 17시,월요일,서울특별시 구로구 개봉동,중상사고,0,1,0,0,차대사람 - 기타,안전운전불이행,포장 - 건조,맑음,단일로 - 기타,승용,남,45세,상해없음,보행자,여,65세,중상
23924,2020070600100395,2020년 7월 6일 17시,월요일,서울특별시 도봉구 방학동,사망사고,1,0,0,0,차대사람 - 횡단중,보행자보호의무위반,포장 - 건조,맑음,교차로 - 교차로안,승용,남,66세,상해없음,보행자,여,68세,사망
23925,2020070600100437,2020년 7월 6일 18시,월요일,서울특별시 관악구 신림동,경상사고,0,0,1,0,차대사람 - 기타,보행자보호의무위반,포장 - 건조,맑음,교차로 - 교차로횡단보도내,자전거,남,59세,상해없음,보행자,여,68세,경상
23926,2020070600100438,2020년 7월 6일 18시,월요일,서울특별시 강남구 신사동,경상사고,0,0,1,0,차대사람 - 차도통행중,안전운전불이행,포장 - 건조,맑음,단일로 - 기타,승용,남,28세,상해없음,보행자,남,26세,경상
23927,2020070600100473,2020년 7월 6일 19시,월요일,서울특별시 성북구 하월곡동,경상사고,0,0,1,0,차대사람 - 길가장자리구역통행중,안전운전불이행,포장 - 건조,맑음,단일로 - 기타,승용,남,49세,상해없음,보행자,여,67세,경상
23928,2020070600100474,2020년 7월 6일 19시,월요일,서울특별시 서초구 서초동,경상사고,0,0,1,0,차대사람 - 기타,기타,포장 - 건조,맑음,교차로 - 교차로부근,이륜,남,39세,상해없음,보행자,남,7세,경상
23929,2020070600100475,2020년 7월 6일 19시,월요일,서울특별시 도봉구 방학동,경상사고,0,0,1,0,차대사람 - 횡단중,안전운전불이행,포장 - 건조,맑음,교차로 - 교차로횡단보도내,승용,여,61세,상해없음,보행자,남,22세,경상
23930,2020070600100502,2020년 7월 6일 20시,월요일,서울특별시 강남구 일원동,경상사고,0,0,1,0,차대사람 - 차도통행중,안전운전불이행,포장 - 건조,맑음,단일로 - 기타,승용,남,40세,상해없음,보행자,남,51세,경상
23931,2020070600100528,2020년 7월 6일 21시,월요일,서울특별시 중구 신당동,경상사고,0,0,2,0,차대사람 - 횡단중,안전운전불이행,포장 - 건조,맑음,교차로 - 교차로안,승용,남,69세,상해없음,보행자,남,24세,경상
23932,2020070600100529,2020년 7월 6일 21시,월요일,서울특별시 중구 봉래동1가,경상사고,0,0,1,0,차대사람 - 차도통행중,안전운전불이행,포장 - 건조,맑음,단일로 - 기타,승용,남,68세,상해없음,보행자,여,33세,경상
23933,2020070600100554,2020년 7월 6일 22시,월요일,서울특별시 광진구 화양동,경상사고,0,0,1,0,차대사람 - 기타,안전운전불이행,포장 - 건조,맑음,단일로 - 기타,승용,여,19세,상해없음,보행자,남,21세,경상
23934,2020070700100014,2020년 7월 7일 01시,화요일,서울특별시 도봉구 도봉동,경상사고,0,0,1,0,차대사람 - 횡단중,안전운전불이행,포장 - 건조,맑음,교차로 - 교차로안,승용,남,62세,상해없음,보행자,남,22세,경상
23935,2020070700100026,2020년 7월 7일 03시,화요일,서울특별시 동대문구 제기동,중상사고,0,1,0,0,차대사람 - 횡단중,신호위반,포장 - 건조,맑음,교차로 - 교차로횡단보도내,화물,남,41세,상해없음,보행자,여,40세,중상
23936,2020070700100047,2020년 7월 7일 06시,화요일,서울특별시 도봉구 도봉동,경상사고,0,0,1,0,차대사람 - 기타,안전운전불이행,포장 - 건조,맑음,교차로 - 교차로부근,승용,남,56세,상해없음,보행자,남,37세,경상
23937,2020070700100092,2020년 7월 7일 08시,화요일,서울특별시 강남구 역삼동,경상사고,0,0,1,0,차대사람 - 기타,안전운전불이행,포장 - 건조,맑음,교차로 - 교차로안,승용,남,53세,상해없음,보행자,여,30세,경상
23938,2020070700100209,2020년 7월 7일 12시,화요일,서울특별시 중구 흥인동,중상사고,0,1,0,0,차대사람 - 기타,기타,포장 - 건조,맑음,단일로 - 기타,화물,남,65세,상해없음,보행자,여,65세,중상
23939,2020070700100236,2020년 7월 7일 13시,화요일,서울특별시 영등포구 양평동3가,경상사고,0,0,1,0,차대사람 - 기타,보행자보호의무위반,포장 - 건조,맑음,기타 - 기타,승용,남,54세,상해없음,보행자,남,32세,경상
23940,2020070700100272,2020년 7월 7일 14시,화요일,서울특별시 중구 을지로4가,경상사고,0,0,1,0,차대사람 - 기타,안전운전불이행,포장 - 건조,맑음,단일로 - 기타,승합,남,48세,상해없음,보행자,남,72세,경상
23941,2020070700100338,2020년 7월 7일 16시,화요일,서울특별시 강북구 수유동,경상사고,0,0,1,0,차대사람 - 기타,안전운전불이행,포장 - 건조,맑음,교차로 - 교차로부근,승용,여,62세,기타불명,보행자,여,58세,경상
23942,2020070700100345,2020년 7월 7일 16시,화요일,서울특별시 서초구 서초동,중상사고,0,1,0,0,차대사람 - 횡단중,안전운전불이행,포장 - 건조,맑음,교차로 - 교차로횡단보도내,승용,남,59세,상해없음,보행자,여,16세,중상
23943,2020070700100480,2020년 7월 7일 19시,화요일,서울특별시 중랑구 중화동,경상사고,0,0,1,0,차대사람 - 횡단중,보행자보호의무위반,포장 - 건조,맑음,단일로 - 기타,자전거,남,67세,상해없음,보행자,남,50세,경상