,사고번호,사고일시,요일,시군구,사고내용,사망자수,중상자수,경상자수,부상신고자수,사고유형,법규위반,노면상태,기상상태,도로형태,가해운전자 차종,가해운전자 성별,가해운전자 연령,가해운전자 상해정도,피해운전자 차종,피해운전자 성별,피해운전자 연령,피해운전자 상해정도
23944,2020070700100483,2020년 7월 7일 19시,화요일,서울특별시 도봉구 쌍문동,경상사고,0,0,1,0,차대사람 - 횡단중,안전운전불이행,포장 - 건조,맑음,교차로 - 교차로안,개인형이동수단(PM),남,30세,상해없음,보행자,남,6세,경상
23945,2020070700100511,2020년 7월 7일 20시,화요일,서울특별시 관악구 신림동,경상사고,0,0,1,0,차대사람 - 기타,안전운전불이행,포장 - 건조,흐림,단일로 - 기타,화물,남,41세,상해없음,보행자,남,63세,경상
23946,2020070700100541,2020년 7월 7일 21시,화요일,서울특별시 송파구 잠실동,경상사고,0,0,1,0,차대사람 - 기타,안전운전불이행,포장 - 건조,맑음,단일로 - 기타,자전거,여,24세,상해없음,보행자,여,66세,경상
23947,2020070700100542,2020년 7월 7일 21시,화요일,서울특별시 양천구 신정동,중상사고,0,1,0,0,차대사람 - 기타,안전운전불이행,포장 - 건조,맑음,단일로 - 기타,자전거,남,33세,기타불명,보행자,여,64세,중상
23948,2020070700100580,2020년 7월 7일 23시,화요일,서울특별시 양천구 목동,경상사고,0,0,1,0,차대사람 - 횡단중,안전운전불이행,포장 - 건조,맑음,단일로 - 기타,승용,남,24세,상해없음,보행자,남,38세,경상
23949,2020070800100004,2020년 7월 8일 00시,수요일,서울특별시 서초구 잠원동,중상사고,0,1,0,0,차대사람 - 횡단중,과속,포장 - 건조,맑음,단일로 - 기타,승용,남,33세,상해없음,보행자,여,50세,중상
23950,2020070800100017,2020년 7월 8일 02시,수요일,서울특별시 은평구 갈현동,경상사고,0,0,1,0,차대사람 - 횡단중,신호위반,포장 - 건조,맑음,단일로 - 기타,이륜,남,27세,상해없음,보행자,여,54세,경상
23951,2020070800100060,2020년 7월 8일 07시,수요일,서울특별시 서초구 반포동,중상사고,0,1,1,0,차대사람 - 기타,안전운전불이행,포장 - 건조,맑음,교차로 - 교차로안,개인형이동수단(PM),여,24세,중상,보행자,여,32세,경상
23952,2020070800100089,2020년 7월 8일 08시,수요일,서울특별시 송파구 방이동,경상사고,0,0,1,0,차대사람 - 횡단중,보행자보호의무위반,포장 - 건조,맑음,단일로 - 기타,자전거,남,54세,상해없음,보행자,여,50세,경상
23953,2020070800100126,2020년 7월 8일 09시,수요일,서울특별시 마포구 염리동,경상사고,0,0,1,0,차대사람 - 기타,안전운전불이행,포장 - 건조,맑음,단일로 - 기타,승용,남,67세,상해없음,보행자,여,80세,경상
23954,2020070800100224,2020년 7월 8일 12시,수요일,서울특별시 금천구 독산동,중상사고,0,1,0,0,차대사람 - 기타,안전운전불이행,포장 - 건조,맑음,단일로 - 기타,승용,남,73세,상해없음,보행자,여,76세,중상
23955,2020070800100291,2020년 7월 8일 14시,수요일,서울특별시 성동구 옥수동,경상사고,0,0,1,0,차대사람 - 기타,안전운전불이행,포장 - 건조,맑음,단일로 - 기타,승용,남,60세,상해없음,보행자,남,15세,경상
23956,2020070800100324,2020년 7월 8일 15시,수요일,서울특별시 종로구 종로2가,경상사고,0,0,1,0,차대사람 - 기타,안전운전불이행,포장 - 건조,맑음,단일로 - 기타,승합,남,62세,상해없음,보행자,남,61세,경상
23957,2020070800100369,2020년 7월 8일 16시,수요일,서울특별시 용산구 한남동,경상사고,0,0,1,0,차대사람 - 기타,안전운전불이행,포장 - 건조,맑음,기타 - 기타,승용,남,54세,상해없음,보행자,남,33세,경상
23958,2020070800100409,2020년 7월 8일 17시,수요일,서울특별시 동작구 동작동,중상사고,0,1,0,0,차대사람 - 횡단중,안전운전불이행,포장 - 건조,맑음,단일로 - 기타,이륜,남,25세,상해없음,보행자,여,42세,중상
23959,2020070800100453,2020년 7월 8일 18시,수요일,서울특별시 종로구 청진동,경상사고,0,0,1,0,차대사람 - 횡단중,안전운전불이행,포장 - 건조,맑음,단일로 - 기타,기타불명,기타불명,미분류,기타불명,보행자,여,25세,경상
23960,2020070800100511,2020년 7월 8일 19시,수요일,서울특별시 강남구 신사동,중상사고,0,1,0,0,차대사람 - 보도통행중,보행자보호의무위반,포장 - 건조,맑음,교차로 - 교차로횡단보도내,승용,남,64세,상해없음,보행자,여,20세,중상
23961,2020070800100539,2020년 7월 8일 20시,수요일,서울특별시 마포구 상수동,중상사고,0,1,0,1,차대사람 - 기타,안전운전불이행,포장 - 건조,맑음,기타 - 기타,자전거,남,57세,중상,보행자,여,24세,부상신고
23962,2020070800100574,2020년 7월 8일 21시,수요일,서울특별시 관악구 신림동,경상사고,0,0,1,0,차대사람 - 기타,안전운전불이행,포장 - 건조,맑음,단일로 - 기타,승용,남,54세,상해없음,보행자,여,24세,경상
23963,2020070800100576,2020년 7월 8일 21시,수요일,서울특별시 강동구 천호동,경상사고,0,0,1,0,차대사람 - 기타,안전운전불이행,포장 - 건조,맑음,단일로 - 기타,자전거,여,38세,상해없음,보행자,여,8세,경상
23964,2020070800100599,2020년 7월 8일 22시,수요일,서울특별시 종로구 종로1가,중상사고,0,1,0,0,차대사람 - 횡단중,안전운전불이행,포장 - 건조,맑음,교차로 - 교차로횡단보도내,승용,남,57세,상해없음,보행자,여,39세,중상
23965,2020070900100003,2020년 7월 9일 00시,목요일,서울특별시 성동구 하왕십리동,경상사고,0,0,1,0,차대사람 - 기타,안전운전불이행,포장 - 건조,맑음,단일로 - 기타,화물,남,56세,상해없음,보행자,남,34세,경상
23966,2020070900100055,2020년 7월 9일 05시,목요일,서울특별시 금천구 독산동,중상사고,0,1,0,0,차대사람 - 횡단중,안전운전불이행,포장 - 건조,맑음,단일로 - 기타,승용,남,50세,상해없음,보행자,남,33세,중상
23967,2020070900100061,2020년 7월 9일 06시,목요일,서울특별시 송파구 방이동,경상사고,0,0,1,0,차대사람 - 횡단중,보행자보호의무위반,포장 - 건조,맑음,교차로 - 교차로안,승용,남,72세,상해없음,보행자,남,27세,경상
23968,2020070900100073,2020년 7월 9일 07시,목요일,서울특별시 종로구 관철동,중상사고,0,1,0,0,차대사람 - 기타,안전운전불이행,포장 - 건조,맑음,단일로 - 기타,자전거,남,36세,상해없음,보행자,여,29세,중상
23969,2020070900100165,2020년 7월 9일 10시,목요일,서울특별시 강북구 미아동,중상사고,0,1,0,0,차대사람 - 기타,보행자보호의무위반,포장 - 건조,맑음,교차로 - 교차로횡단보도내,승용,남,56세,상해없음,보행자,여,67세,중상
23970,2020070900100168,2020년 7월 9일 10시,목요일,서울특별시 강서구 화곡동,중상사고,0,1,0,0,차대사람 - 횡단중,보행자보호의무위반,포장 - 건조,맑음,교차로 - 교차로안,화물,남,50세,상해없음,보행자,여,62세,중상
23971,2020070900100239,2020년 7월 9일 12시,목요일,서울특별시 서대문구 대신동,경상사고,0,0,1,0,차대사람 - 차도통행중,안전운전불이행,포장 - 건조,맑음,단일로 - 기타,승용,여,31세,상해없음,보행자,여,58세,경상
23972,2020070900100274,2020년 7월 9일 13시,목요일,서울특별시 금천구 독산동,경상사고,0,0,1,0,차대사람 - 횡단중,보행자보호의무위반,포장 - 건조,맑음,교차로 - 교차로횡단보도내,승용,남,60세,상해없음,보행자,남,30세,경상
23973,2020070900100319,2020년 7월 9일 14시,목요일,서울특별시 관악구 신림동,중상사고,0,1,0,0,차대사람 - 횡단중,안전운전불이행,포장 - 건조,맑음,단일로 - 기타,승용,남,51세,상해없음,보행자,여,31세,중상
23974,2020070900100352,2020년 7월 9일 15시,목요일,서울특별시 서대문구 북가좌동,중상사고,0,1,0,0,차대사람 - 차도통행중,안전운전불이행,포장 - 건조,맑음,단일로 - 기타,화물,남,32세,상해없음,보행자,남,8세,중상
23975,2020070900100359,2020년 7월 9일 15시,목요일,서울특별시 노원구 상계동,중상사고,0,1,0,0,차대사람 - 횡단중,안전운전불이행,포장 - 건조,맑음,교차로 - 교차로부근,승용,여,39세,상해없음,보행자,여,67세,중상
23976,2020070900100360,2020년 7월 9일 15시,목요일,서울특별시 노원구 상계동,경상사고,0,0,1,0,차대사람 - 차도통행중,안전운전불이행,포장 - 건조,맑음,단일로 - 기타,승용,남,71세,상해없음,보행자,여,27세,경상
23977,2020070900100361,2020년 7월 9일 15시,목요일,서울특별시 노원구 상계동,경상사고,0,0,1,0,차대사람 - 차도통행중,안전운전불이행,포장 - 건조,맑음,단일로 - 기타,화물,남,34세,상해없음,보행자,남,11세,경상
23978,2020070900100405,2020년 7월 9일 16시,목요일,서울특별시 송파구 잠실동,경상사고,0,0,1,0,차대사람 - 차도통행중,안전운전불이행,포장 - 건조,맑음,단일로 - 기타,이륜,남,19세,상해없음,보행자,남,41세,경상
23979,2020070900100406,2020년 7월 9일 16시,목요일,서울특별시 서초구 서초동,경상사고,0,0,1,0,차대사람 - 보도통행중,기타,포장 - 건조,맑음,기타 - 기타,개인형이동수단(PM),여,24세,상해없음,보행자,남,18세,경상
23980,2020070900100447,2020년 7월 9일 17시,목요일,서울특별시 동작구 상도동,경상사고,0,0,1,0,차대사람 - 차도통행중,안전운전불이행,포장 - 건조,맑음,단일로 - 기타,승용,남,53세,상해없음,보행자,여,56세,경상
23981,2020070900100448,2020년 7월 9일 17시,목요일,서울특별시 중랑구 상봉동,경상사고,0,0,1,0,차대사람 - 보도통행중,신호위반,포장 - 건조,맑음,단일로 - 기타,이륜,남,23세,상해없음,보행자,여,28세,경상
23982,2020070900100449,2020년 7월 9일 17시,목요일,서울특별시 송파구 가락동,경상사고,0,0,1,0,차대사람 - 길가장자리구역통행중,안전운전불이행,포장 - 건조,맑음,단일로 - 기타,승용,남,58세,상해없음,보행자,남,33세,경상
23983,2020070900100450,2020년 7월 9일 17시,목요일,서울특별시 구로구 구로동,경상사고,0,0,1,0,차대사람 - 기타,안전운전불이행,포장 - 건조,맑음,단일로 - 기타,승용,남,27세,상해없음,보행자,남,8세,경상
23984,2020070900100451,2020년 7월 9일 17시,목요일,서울특별시 구로구 항동,경상사고,0,0,1,0,차대사람 - 보도통행중,보행자보호의무위반,포장 - 건조,맑음,교차로 - 교차로횡단보도내,승용,남,58세,기타불명,보행자,여,44세,경상
23985,2020070900100497,2020년 7월 9일 18시,목요일,서울특별시 영등포구 당산동3가,부상신고사고,0,0,0,1,차대사람 - 기타,안전운전불이행,포장 - 건조,맑음,기타 - 기타,승용,남,40세,상해없음,보행자,남,46세,부상신고
23986,2020070900100562,2020년 7월 9일 19시,목요일,서울특별시 도봉구 쌍문동,사망사고,1,0,0,0,차대사람 - 기타,안전운전불이행,포장 - 건조,맑음,단일로 - 기타,승용,남,38세,상해없음,보행자,남,61세,사망
23987,2020070900100564,2020년 7월 9일 19시,목요일,서울특별시 은평구 역촌동,중상사고,0,1,0,0,차대사람 - 기타,안전운전불이행,포장 - 건조,맑음,단일로 - 기타,자전거,남,14세,상해없음,보행자,여,57세,중상
23988,2020070900100586,2020년 7월 9일 20시,목요일,서울특별시 양천구 신월동,경상사고,0,0,1,0,차대사람 - 기타,안전운전불이행,포장 - 건조,맑음,기타 - 기타,자전거,남,7세,상해없음,보행자,여,41세,경상
23989,2020070900100617,2020년 7월 9일 21시,목요일,서울특별시 중구 신당동,부상신고사고,0,0,0,1,차대사람 - 기타,안전운전불이행,포장 - 건조,맑음,기타 - 기타,승용,남,65세,상해없음,보행자,여,42세,부상신고
23990,2020070900100621,2020년 7월 9일 21시,목요일,서울특별시 성북구 장위동,경상사고,0,0,1,1,차대사람 - 횡단중,보행자보호의무위반,포장 - 건조,맑음,단일로 - 기타,이륜,남,23세,부상신고,보행자,남,44세,경상
23991,2020070900100646,2020년 7월 9일 22시,목요일,서울특별시 중구 필동1가,중상사고,0,1,0,0,차대사람 - 횡단중,신호위반,포장 - 건조,맑음,단일로 - 기타,승용,남,59세,상해없음,보행자,여,57세,중상
23992,2020070900100647,2020년 7월 9일 22시,목요일,서울특별시 중구 을지로3가,중상사고,0,1,0,0,차대사람 - 횡단중,기타,포장 - 건조,맑음,교차로 - 교차로안,화물,남,49세,상해없음,보행자,남,53세,중상
23993,2020071000100063,2020년 7월 10일 07시,금요일,서울특별시 성동구 성수동2가,중상사고,0,1,0,0,차대사람 - 차도통행중,안전운전불이행,포장 - 건조,맑음,단일로 - 기타,화물,남,58세,상해없음,보행자,여,75세,중상
23994,2020071000100082,2020년 7월 10일 08시,금요일,서울특별시 영등포구 대림동,경상사고,0,0,1,0,차대사람 - 기타,안전운전불이행,포장 - 건조,맑음,단일로 - 기타,화물,남,59세,상해없음,보행자,남,56세,경상
23995,2020071000100084,2020년 7월 10일 08시,금요일,서울특별시 관악구 신림동,중상사고,0,1,1,0,차대사람 - 횡단중,안전운전불이행,포장 - 건조,흐림,교차로 - 교차로부근,이륜,남,33세,경상,보행자,남,25세,중상
23996,2020071000100125,2020년 7월 10일 09시,금요일,서울특별시 마포구 노고산동,경상사고,0,0,1,0,차대사람 - 기타,안전운전불이행,포장 - 건조,맑음,단일로 - 기타,승합,남,56세,상해없음,보행자,여,53세,경상
23997,2020071000100126,2020년 7월 10일 09시,금요일,서울특별시 성동구 성수동2가,경상사고,0,0,1,0,차대사람 - 기타,안전운전불이행,포장 - 건조,맑음,단일로 - 기타,화물,남,59세,상해없음,보행자,남,35세,경상
23998,2020071000100161,2020년 7월 10일 10시,금요일,서울특별시 서초구 서초동,경상사고,0,0,1,1,차대사람 - 보도통행중,안전운전불이행,포장 - 건조,맑음,기타 - 기타,승용,여,32세,상해없음,보행자,남,37세,경상
23999,2020071000100192,2020년 7월 10일 11시,금요일,서울특별시 금천구 독산동,경상사고,0,0,1,0,차대사람 - 기타,안전운전불이행,포장 - 건조,흐림,단일로 - 기타,자전거,남,75세,상해없음,보행자,남,33세,경상
24000,2020071000100193,2020년 7월 10일 11시,금요일,서울특별시 성동구 옥수동,중상사고,0,1,0,0,차대사람 - 차도통행중,안전운전불이행,포장 - 건조,흐림,단일로 - 기타,승용,여,51세,상해없음,보행자,여,73세,중상
24001,2020071000100195,2020년 7월 10일 11시,금요일,서울특별시 강남구 일원동,경상사고,0,0,1,0,차대사람 - 길가장자리구역통행중,안전운전불이행,포장 - 건조,맑음,단일로 - 기타,승용,여,38세,상해없음,보행자,남,30세,경상
24002,2020071000100227,2020년 7월 10일 12시,금요일,서울특별시 중구 황학동,중상사고,0,1,0,0,차대사람 - 기타,안전운전불이행,포장 - 건조,맑음,단일로 - 기타,화물,남,60세,상해없음,보행자,남,47세,중상
24003,2020071000100288,2020년 7월 10일 14시,금요일,서울특별시 서대문구 홍제동,중상사고,0,1,0,0,차대사람 - 기타,기타,포장 - 건조,맑음,단일로 - 기타,승합,남,47세,상해없음,보행자,여,77세,중상
24004,2020071000100289,2020년 7월 10일 14시,금요일,서울특별시 송파구 문정동,중상사고,0,1,0,0,차대사람 - 기타,신호위반,포장 - 건조,맑음,단일로 - 기타,화물,남,40세,상해없음,보행자,남,8세,중상
24005,2020071000100290,2020년 7월 10일 14시,금요일,서울특별시 양천구 목동,경상사고,0,0,1,0,차대사람 - 기타,안전운전불이행,포장 - 건조,맑음,교차로 - 교차로안,승용,남,62세,상해없음,보행자,여,59세,경상
24006,2020071000100369,2020년 7월 10일 16시,금요일,서울특별시 강북구 수유동,중상사고,0,1,0,0,차대사람 - 기타,안전운전불이행,포장 - 건조,맑음,교차로 - 교차로안,승용,남,54세,상해없음,보행자,여,53세,중상
24007,2020071000100422,2020년 7월 10일 17시,금요일,서울특별시 강남구 도곡동,경상사고,0,0,1,0,차대사람 - 횡단중,보행자보호의무위반,포장 - 건조,맑음,단일로 - 기타,승용,남,46세,상해없음,보행자,남,78세,경상
24008,2020071000100473,2020년 7월 10일 18시,금요일,서울특별시 동대문구 전농동,중상사고,0,1,0,0,차대사람 - 기타,안전운전불이행,포장 - 건조,맑음,기타 - 기타,승합,남,49세,상해없음,보행자,남,72세,중상
24009,2020071000100475,2020년 7월 10일 18시,금요일,서울특별시 금천구 시흥동,중상사고,0,1,0,0,차대사람 - 기타,신호위반,포장 - 건조,맑음,교차로 - 교차로안,화물,남,53세,기타불명,보행자,여,52세,중상
24010,2020071000100478,2020년 7월 10일 18시,금요일,서울특별시 서초구 반포동,경상사고,0,0,1,0,차대사람 - 기타,안전운전불이행,포장 - 건조,맑음,단일로 - 기타,자전거,남,24세,상해없음,보행자,남,24세,경상
24011,2020071000100480,2020년 7월 10일 18시,금요일,서울특별시 서초구 서초동,부상신고사고,0,0,0,1,차대사람 - 기타,안전운전불이행,포장 - 건조,맑음,단일로 - 기타,승용,남,57세,상해없음,보행자,남,76세,부상신고
24012,2020071000100526,2020년 7월 10일 19시,금요일,서울특별시 송파구 마천동,경상사고,0,0,1,0,차대사람 - 차도통행중,안전운전불이행,포장 - 건조,맑음,단일로 - 기타,기타불명,기타불명,미분류,기타불명,보행자,남,46세,경상
24013,2020071000100527,2020년 7월 10일 19시,금요일,서울특별시 서초구 서초동,중상사고,0,1,0,0,차대사람 - 차도통행중,안전운전불이행,포장 - 건조,맑음,단일로 - 기타,승용,남,60세,상해없음,보행자,여,22세,중상
24014,2020071000100529,2020년 7월 10일 19시,금요일,서울특별시 강남구 대치동,경상사고,0,0,1,1,차대사람 - 횡단중,보행자보호의무위반,포장 - 건조,맑음,교차로 - 교차로부근,승용,남,49세,상해없음,보행자,여,10세,경상
24015,2020071000100584,2020년 7월 10일 21시,금요일,서울특별시 금천구 시흥동,경상사고,0,0,1,0,차대사람 - 횡단중,보행자보호의무위반,포장 - 건조,맑음,교차로 - 교차로부근,승용,남,41세,상해없음,보행자,남,29세,경상
24016,2020071000100587,2020년 7월 10일 21시,금요일,서울특별시 양천구 신월동,중상사고,0,1,0,0,차대사람 - 횡단중,신호위반,포장 - 건조,맑음,단일로 - 기타,이륜,남,17세,상해없음,보행자,여,57세,중상
24017,2020071000100588,2020년 7월 10일 21시,금요일,서울특별시 도봉구 도봉동,경상사고,0,0,1,0,차대사람 - 차도통행중,신호위반,포장 - 건조,맑음,교차로 - 교차로부근,승용,여,44세,상해없음,보행자,남,60세,경상
24018,2020071000100589,2020년 7월 10일 21시,금요일,서울특별시 강남구 대치동,경상사고,0,0,1,0,차대사람 - 길가장자리구역통행중,안전운전불이행,포장 - 건조,맑음,단일로 - 기타,승용,남,20세,상해없음,보행자,남,50세,경상
24019,2020071000100621,2020년 7월 10일 22시,금요일,서울특별시 노원구 중계동,중상사고,0,1,0,0,차대사람 - 차도통행중,안전운전불이행,포장 - 건조,맑음,단일로 - 기타,자전거,남,15세,상해없음,보행자,남,34세,중상
24020,2020071100100026,2020년 7월 11일 01시,토요일,서울특별시 노원구 상계동,경상사고,0,0,1,0,차대사람 - 횡단중,신호위반,포장 - 젖음/습기,흐림,단일로 - 기타,승용,남,69세,상해없음,보행자,남,30세,경상
24021,2020071100100041,2020년 7월 11일 02시,토요일,서울특별시 강북구 수유동,경상사고,0,0,1,0,차대사람 - 횡단중,신호위반,포장 - 건조,맑음,단일로 - 기타,이륜,남,18세,상해없음,보행자,여,26세,경상
24022,2020071100100097,2020년 7월 11일 07시,토요일,서울특별시 동작구 본동,경상사고,0,0,2,0,차대사람 - 기타,안전운전불이행,포장 - 건조,맑음,기타 - 기타,자전거,여,36세,경상,보행자,남,23세,경상
24023,2020071100100111,2020년 7월 11일 08시,토요일,서울특별시 도봉구 도봉동,경상사고,0,0,1,0,차대사람 - 기타,안전운전불이행,포장 - 건조,맑음,단일로 - 기타,자전거,남,48세,상해없음,보행자,여,70세,경상
24024,2020071100100124,2020년 7월 11일 09시,토요일,서울특별시 관악구 신림동,중상사고,0,1,0,0,차대사람 - 횡단중,안전운전불이행,포장 - 건조,맑음,단일로 - 기타,화물,남,67세,상해없음,보행자,남,79세,중상
24025,2020071100100127,2020년 7월 11일 09시,토요일,서울특별시 강서구 화곡동,중상사고,0,1,0,0,차대사람 - 기타,안전운전불이행,포장 - 건조,맑음,단일로 - 기타,승용,여,53세,상해없음,보행자,여,63세,중상
24026,2020071100100152,2020년 7월 11일 10시,토요일,서울특별시 종로구 종로6가,중상사고,0,1,0,0,차대사람 - 차도통행중,안전운전불이행,포장 - 건조,맑음,단일로 - 기타,승용,남,56세,상해없음,보행자,여,78세,중상
24027,2020071100100188,2020년 7월 11일 11시,토요일,서울특별시 중구 신당동,경상사고,0,0,2,0,차대사람 - 횡단중,신호위반,포장 - 건조,맑음,교차로 - 교차로부근,원동기,남,16세,경상,보행자,남,64세,경상
24028,2020071100100193,2020년 7월 11일 11시,토요일,서울특별시 강서구 화곡동,경상사고,0,0,2,0,차대사람 - 기타,안전운전불이행,비포장 - 기타,맑음,기타 - 기타,승용,여,50세,기타불명,보행자,여,71세,경상
24029,2020071100100195,2020년 7월 11일 11시,토요일,서울특별시 구로구 오류동,중상사고,0,1,0,0,차대사람 - 기타,안전운전불이행,포장 - 건조,맑음,단일로 - 기타,화물,남,66세,상해없음,보행자,여,60세,중상
24030,2020071100100237,2020년 7월 11일 12시,토요일,서울특별시 마포구 합정동,경상사고,0,0,1,0,차대사람 - 횡단중,보행자보호의무위반,포장 - 건조,맑음,단일로 - 기타,승용,남,24세,상해없음,보행자,여,26세,경상
24031,2020071100100239,2020년 7월 11일 12시,토요일,서울특별시 금천구 독산동,중상사고,0,1,0,0,차대사람 - 횡단중,안전운전불이행,포장 - 건조,맑음,교차로 - 교차로안,건설기계,남,62세,상해없음,보행자,여,60세,중상
24032,2020071100100366,2020년 7월 11일 15시,토요일,서울특별시 마포구 서교동,경상사고,0,0,1,0,차대사람 - 차도통행중,안전운전불이행,포장 - 건조,맑음,단일로 - 기타,승용,남,87세,상해없음,보행자,남,42세,경상
24033,2020071100100432,2020년 7월 11일 17시,토요일,서울특별시 관악구 봉천동,경상사고,0,0,1,0,차대사람 - 횡단중,보행자보호의무위반,포장 - 건조,흐림,교차로 - 교차로안,승용,여,38세,상해없음,보행자,남,26세,경상
24034,2020071100100512,2020년 7월 11일 19시,토요일,서울특별시 관악구 봉천동,경상사고,0,0,1,0,차대사람 - 기타,안전운전불이행,포장 - 건조,맑음,단일로 - 기타,이륜,남,34세,상해없음,보행자,남,27세,경상
24035,2020071100100599,2020년 7월 11일 22시,토요일,서울특별시 용산구 보광동,경상사고,0,0,1,0,차대사람 - 기타,안전운전불이행,포장 - 건조,맑음,기타 - 기타,승용,남,61세,상해없음,보행자,여,62세,경상
24036,2020071100100601,2020년 7월 11일 22시,토요일,서울특별시 송파구 가락동,경상사고,0,0,1,0,차대사람 - 기타,안전운전불이행,포장 - 건조,맑음,기타 - 기타,승용,남,28세,상해없음,보행자,여,25세,경상
24037,2020071100100624,2020년 7월 11일 23시,토요일,서울특별시 강남구 논현동,경상사고,0,0,1,0,차대사람 - 기타,안전운전불이행,포장 - 건조,맑음,단일로 - 기타,개인형이동수단(PM),여,26세,상해없음,보행자,여,51세,경상
24038,2020071200100012,2020년 7월 12일 01시,일요일,서울특별시 강북구 수유동,경상사고,0,0,1,0,차대사람 - 보도통행중,안전운전불이행,포장 - 건조,맑음,교차로 - 교차로부근,기타불명,기타불명,미분류,기타불명,보행자,남,21세,경상
24039,2020071200100039,2020년 7월 12일 03시,일요일,서울특별시 동작구 상도동,부상신고사고,0,0,0,1,차대사람 - 기타,안전운전불이행,포장 - 건조,맑음,단일로 - 기타,승용,남,64세,상해없음,보행자,남,32세,부상신고
24040,2020071200100040,2020년 7월 12일 03시,일요일,서울특별시 관악구 봉천동,사망사고,1,0,0,0,차대사람 - 횡단중,안전운전불이행,포장 - 기타,기타,단일로 - 기타,승용,여,62세,상해없음,보행자,남,74세,사망
24041,2020071200100083,2020년 7월 12일 08시,일요일,서울특별시 노원구 상계동,경상사고,0,0,1,0,차대사람 - 기타,안전운전불이행,포장 - 건조,맑음,단일로 - 기타,승용,여,51세,상해없음,보행자,여,60세,경상
24042,2020071200100107,2020년 7월 12일 10시,일요일,서울특별시 종로구 창신동,경상사고,0,0,1,0,차대사람 - 길가장자리구역통행중,안전운전불이행,포장 - 건조,맑음,단일로 - 기타,자전거,남,67세,상해없음,보행자,여,47세,경상
24043,2020071200100108,2020년 7월 12일 10시,일요일,서울특별시 강북구 미아동,부상신고사고,0,0,0,1,차대사람 - 기타,안전운전불이행,포장 - 건조,맑음,교차로 - 교차로부근,승용,남,48세,상해없음,보행자,남,51세,부상신고
24044,2020071200100149,2020년 7월 12일 12시,일요일,서울특별시 강북구 미아동,경상사고,0,0,1,0,차대사람 - 기타,안전운전불이행,포장 - 건조,맑음,단일로 - 기타,승용,남,47세,상해없음,보행자,남,53세,경상
24045,2020071200100152,2020년 7월 12일 12시,일요일,서울특별시 관악구 신림동,부상신고사고,0,0,0,1,차대사람 - 횡단중,안전운전불이행,포장 - 건조,맑음,단일로 - 기타,이륜,남,41세,상해없음,보행자,남,23세,부상신고
24046,2020071200100154,2020년 7월 12일 12시,일요일,서울특별시 강남구 신사동,경상사고,0,0,1,0,차대사람 - 기타,안전운전불이행,포장 - 기타,맑음,단일로 - 기타,승합,남,62세,상해없음,보행자,여,47세,경상
24047,2020071200100155,2020년 7월 12일 12시,일요일,서울특별시 강서구 등촌동,사망사고,1,0,0,0,차대사람 - 기타,안전운전불이행,포장 - 건조,맑음,교차로 - 교차로부근,승용,남,28세,상해없음,보행자,여,52세,사망
24048,2020071200100157,2020년 7월 12일 12시,일요일,서울특별시 강동구 길동,중상사고,0,1,0,0,차대사람 - 기타,안전운전불이행,포장 - 건조,맑음,교차로 - 교차로부근,승용,남,67세,상해없음,보행자,여,81세,중상
24049,2020071200100236,2020년 7월 12일 15시,일요일,서울특별시 강동구 천호동,경상사고,0,0,1,0,차대사람 - 횡단중,안전운전불이행,포장 - 건조,맑음,교차로 - 교차로부근,승용,남,63세,상해없음,보행자,남,59세,경상
24050,2020071200100298,2020년 7월 12일 17시,일요일,서울특별시 성동구 행당동,부상신고사고,0,0,0,1,차대사람 - 길가장자리구역통행중,안전운전불이행,포장 - 젖음/습기,비,단일로 - 기타,자전거,남,17세,상해없음,보행자,여,22세,부상신고
24051,2020071200100324,2020년 7월 12일 18시,일요일,서울특별시 강북구 수유동,경상사고,0,0,2,0,차대사람 - 기타,안전운전불이행,포장 - 건조,맑음,단일로 - 기타,이륜,남,29세,경상,보행자,여,50세,경상
24052,2020071200100325,2020년 7월 12일 18시,일요일,서울특별시 강북구 미아동,경상사고,0,0,1,0,차대사람 - 기타,안전운전불이행,포장 - 젖음/습기,비,교차로 - 교차로안,자전거,남,66세,상해없음,보행자,여,74세,경상
24053,2020071200100434,2020년 7월 12일 21시,일요일,서울특별시 용산구 한강로2가,경상사고,0,0,1,0,차대사람 - 횡단중,신호위반,포장 - 젖음/습기,비,단일로 - 기타,승용,남,29세,상해없음,보행자,남,40세,경상
24054,2020071200100435,2020년 7월 12일 21시,일요일,서울특별시 강북구 미아동,중상사고,0,1,0,0,차대사람 - 횡단중,안전운전불이행,포장 - 젖음/습기,비,단일로 - 기타,이륜,남,28세,상해없음,보행자,여,66세,중상
24055,2020071200100437,2020년 7월 12일 21시,일요일,서울특별시 동작구 흑석동,경상사고,0,0,1,0,차대사람 - 횡단중,신호위반,포장 - 젖음/습기,흐림,교차로 - 교차로횡단보도내,이륜,남,35세,상해없음,보행자,여,16세,경상
24056,2020071200100439,2020년 7월 12일 21시,일요일,서울특별시 중랑구 면목동,경상사고,0,0,1,0,차대사람 - 기타,안전운전불이행,포장 - 젖음/습기,비,교차로 - 교차로안,승용,남,52세,상해없음,보행자,여,48세,경상