,사고번호,사고일시,요일,시군구,사고내용,사망자수,중상자수,경상자수,부상신고자수,사고유형,법규위반,노면상태,기상상태,도로형태,가해운전자 차종,가해운전자 성별,가해운전자 연령,가해운전자 상해정도,피해운전자 차종,피해운전자 성별,피해운전자 연령,피해운전자 상해정도
24057,2020071300100017,2020년 7월 13일 01시,월요일,서울특별시 강동구 둔촌동,중상사고,0,1,0,0,차대사람 - 차도통행중,안전운전불이행,포장 - 젖음/습기,비,교차로 - 교차로부근,승용,남,48세,상해없음,보행자,남,23세,중상
24058,2020071300100018,2020년 7월 13일 01시,월요일,서울특별시 강동구 천호동,중상사고,0,1,0,0,차대사람 - 횡단중,신호위반,포장 - 젖음/습기,비,단일로 - 기타,이륜,남,18세,상해없음,보행자,남,20세,중상
24059,2020071300100035,2020년 7월 13일 03시,월요일,서울특별시 강남구 논현동,중상사고,0,1,0,0,차대사람 - 횡단중,안전운전불이행,포장 - 건조,맑음,교차로 - 교차로횡단보도내,승용,남,57세,상해없음,보행자,여,67세,중상
24060,2020071300100088,2020년 7월 13일 08시,월요일,서울특별시 영등포구 여의도동,경상사고,0,0,1,0,차대사람 - 기타,보행자보호의무위반,포장 - 건조,맑음,교차로 - 교차로안,승합,남,50세,상해없음,보행자,여,45세,경상
24061,2020071300100257,2020년 7월 13일 13시,월요일,서울특별시 금천구 독산동,경상사고,0,0,1,0,차대사람 - 차도통행중,안전운전불이행,포장 - 젖음/습기,비,교차로 - 교차로안,화물,남,27세,상해없음,보행자,남,50세,경상
24062,2020071300100259,2020년 7월 13일 13시,월요일,서울특별시 은평구 갈현동,중상사고,0,1,1,0,차대사람 - 차도통행중,안전운전불이행,포장 - 젖음/습기,비,단일로 - 기타,이륜,남,77세,중상,보행자,여,36세,경상
24063,2020071300100260,2020년 7월 13일 13시,월요일,서울특별시 은평구 역촌동,경상사고,0,0,1,0,차대사람 - 기타,안전운전불이행,포장 - 젖음/습기,비,단일로 - 기타,승용,여,37세,상해없음,보행자,여,23세,경상
24064,2020071300100398,2020년 7월 13일 17시,월요일,서울특별시 강서구 등촌동,중상사고,0,2,0,0,차대사람 - 횡단중,신호위반,포장 - 젖음/습기,비,단일로 - 기타,원동기,여,50세,중상,보행자,남,19세,중상
24065,2020071300100491,2020년 7월 13일 20시,월요일,서울특별시 성동구 성수동2가,경상사고,0,0,1,0,차대사람 - 기타,안전운전불이행,포장 - 젖음/습기,비,단일로 - 기타,승용,여,39세,상해없음,보행자,남,35세,경상
24066,2020071300100494,2020년 7월 13일 20시,월요일,서울특별시 송파구 가락동,중상사고,0,1,0,0,차대사람 - 횡단중,보행자보호의무위반,포장 - 젖음/습기,비,교차로 - 교차로횡단보도내,승용,여,46세,상해없음,보행자,여,67세,중상
24067,2020071300100532,2020년 7월 13일 21시,월요일,서울특별시 영등포구 대림동,경상사고,0,0,1,0,차대사람 - 기타,안전운전불이행,포장 - 젖음/습기,비,단일로 - 기타,승용,남,33세,상해없음,보행자,여,51세,경상
24068,2020071300100533,2020년 7월 13일 21시,월요일,서울특별시 강서구 공항동,경상사고,0,0,1,0,차대사람 - 횡단중,안전운전불이행,포장 - 젖음/습기,비,단일로 - 기타,승합,남,57세,상해없음,보행자,여,30세,경상
24069,2020071300100593,2020년 7월 13일 23시,월요일,서울특별시 성북구 안암동4가,경상사고,0,0,1,0,차대사람 - 기타,안전운전불이행,포장 - 젖음/습기,비,단일로 - 기타,이륜,남,24세,상해없음,보행자,남,34세,경상
24070,2020071300100595,2020년 7월 13일 23시,월요일,서울특별시 관악구 봉천동,중상사고,0,1,0,0,차대사람 - 기타,신호위반,포장 - 젖음/습기,비,교차로 - 교차로부근,이륜,남,14세,상해없음,보행자,여,32세,중상
24071,2020071300100596,2020년 7월 13일 23시,월요일,서울특별시 강서구 화곡동,경상사고,0,0,1,0,차대사람 - 기타,안전운전불이행,포장 - 젖음/습기,비,단일로 - 기타,이륜,남,33세,상해없음,보행자,남,28세,경상
24072,2020071400100001,2020년 7월 14일 00시,화요일,서울특별시 서대문구 신촌동,경상사고,0,0,1,0,차대사람 - 횡단중,안전운전불이행,포장 - 젖음/습기,비,교차로 - 교차로횡단보도내,승용,여,23세,상해없음,보행자,여,23세,경상
24073,2020071400100003,2020년 7월 14일 00시,화요일,서울특별시 마포구 동교동,경상사고,0,0,1,0,차대사람 - 기타,안전운전불이행,포장 - 젖음/습기,맑음,단일로 - 기타,이륜,남,25세,상해없음,보행자,남,49세,경상
24074,2020071400100005,2020년 7월 14일 00시,화요일,서울특별시 성동구 마장동,부상신고사고,0,0,0,1,차대사람 - 횡단중,보행자보호의무위반,포장 - 젖음/습기,비,교차로 - 교차로횡단보도내,기타불명,기타불명,미분류,기타불명,보행자,남,48세,부상신고
24075,2020071400100008,2020년 7월 14일 00시,화요일,서울특별시 강남구 역삼동,경상사고,0,0,1,0,차대사람 - 기타,안전운전불이행,포장 - 건조,맑음,기타 - 기타,승용,남,27세,상해없음,보행자,남,35세,경상
24076,2020071400100010,2020년 7월 14일 00시,화요일,서울특별시 송파구 삼전동,부상신고사고,0,0,0,1,차대사람 - 횡단중,안전운전불이행,포장 - 젖음/습기,비,단일로 - 기타,승용,남,57세,상해없음,보행자,남,65세,부상신고
24077,2020071400100013,2020년 7월 14일 00시,화요일,서울특별시 양천구 신정동,중상사고,0,1,0,0,차대사람 - 기타,안전운전불이행,포장 - 젖음/습기,비,단일로 - 기타,승용,남,73세,상해없음,보행자,남,59세,중상
24078,2020071400100031,2020년 7월 14일 01시,화요일,서울특별시 종로구 충신동,중상사고,0,1,0,0,차대사람 - 횡단중,신호위반,포장 - 젖음/습기,비,단일로 - 기타,이륜,남,48세,상해없음,보행자,여,31세,중상
24079,2020071400100032,2020년 7월 14일 01시,화요일,서울특별시 강북구 수유동,경상사고,0,0,1,0,차대사람 - 기타,안전운전불이행,포장 - 젖음/습기,비,단일로 - 기타,승용,남,28세,상해없음,보행자,남,33세,경상
24080,2020071400100034,2020년 7월 14일 01시,화요일,서울특별시 마포구 서교동,중상사고,0,1,0,0,차대사람 - 기타,신호위반,포장 - 젖음/습기,비,단일로 - 기타,승용,남,69세,상해없음,보행자,남,24세,중상
24081,2020071400100037,2020년 7월 14일 01시,화요일,서울특별시 서초구 서초동,중상사고,0,1,0,0,차대사람 - 횡단중,안전운전불이행,포장 - 젖음/습기,비,교차로 - 교차로안,승용,남,57세,상해없음,보행자,남,21세,중상
24082,2020071400100056,2020년 7월 14일 03시,화요일,서울특별시 영등포구 영등포동7가,경상사고,0,0,1,0,차대사람 - 기타,안전운전불이행,포장 - 건조,맑음,단일로 - 기타,승용,남,37세,상해없음,보행자,여,81세,경상
24083,2020071400100208,2020년 7월 14일 11시,화요일,서울특별시 종로구 통의동,중상사고,0,1,0,0,차대사람 - 보도통행중,기타,포장 - 건조,맑음,단일로 - 기타,이륜,남,18세,상해없음,보행자,여,40세,중상
24084,2020071400100211,2020년 7월 14일 11시,화요일,서울특별시 영등포구 신길동,중상사고,0,1,0,0,차대사람 - 기타,안전운전불이행,포장 - 건조,맑음,단일로 - 기타,승용,남,83세,상해없음,보행자,여,70세,중상
24085,2020071400100214,2020년 7월 14일 11시,화요일,서울특별시 강남구 신사동,경상사고,0,0,1,0,차대사람 - 횡단중,보행자보호의무위반,포장 - 건조,맑음,단일로 - 기타,승용,남,63세,상해없음,보행자,남,40세,경상
24086,2020071400100277,2020년 7월 14일 13시,화요일,서울특별시 마포구 동교동,경상사고,0,0,1,0,차대사람 - 기타,신호위반,포장 - 건조,맑음,단일로 - 기타,승용,남,25세,상해없음,보행자,남,52세,경상
24087,2020071400100279,2020년 7월 14일 13시,화요일,서울특별시 강남구 개포동,중상사고,0,1,0,0,차대사람 - 기타,안전운전불이행,포장 - 건조,맑음,단일로 - 기타,승용,남,48세,상해없음,보행자,남,74세,중상
24088,2020071400100304,2020년 7월 14일 14시,화요일,서울특별시 서대문구 합동,경상사고,0,0,1,0,차대사람 - 횡단중,기타,포장 - 건조,맑음,단일로 - 기타,승용,남,43세,상해없음,보행자,남,85세,경상
24089,2020071400100308,2020년 7월 14일 14시,화요일,서울특별시 영등포구 당산동3가,중상사고,0,1,0,0,차대사람 - 길가장자리구역통행중,안전운전불이행,포장 - 건조,맑음,교차로 - 교차로안,화물,남,36세,상해없음,보행자,여,71세,중상
24090,2020071400100312,2020년 7월 14일 14시,화요일,서울특별시 성북구 장위동,경상사고,0,0,1,0,차대사람 - 횡단중,안전운전불이행,포장 - 건조,맑음,교차로 - 교차로안,화물,남,45세,상해없음,보행자,남,62세,경상
24091,2020071400100348,2020년 7월 14일 15시,화요일,서울특별시 용산구 이촌동,중상사고,0,1,0,0,차대사람 - 보도통행중,보행자보호의무위반,포장 - 건조,흐림,교차로 - 교차로안,화물,남,68세,상해없음,보행자,남,86세,중상
24092,2020071400100391,2020년 7월 14일 16시,화요일,서울특별시 양천구 신월동,중상사고,0,1,0,0,차대사람 - 횡단중,보행자보호의무위반,포장 - 건조,맑음,교차로 - 교차로횡단보도내,승용,여,65세,상해없음,보행자,남,77세,중상
24093,2020071400100421,2020년 7월 14일 17시,화요일,서울특별시 동대문구 이문동,경상사고,0,0,1,0,차대사람 - 차도통행중,안전운전불이행,포장 - 건조,맑음,단일로 - 기타,자전거,남,52세,기타불명,보행자,여,68세,경상
24094,2020071400100423,2020년 7월 14일 17시,화요일,서울특별시 성동구 성수동1가,경상사고,0,0,1,0,차대사람 - 길가장자리구역통행중,안전운전불이행,포장 - 건조,맑음,단일로 - 기타,기타불명,기타불명,미분류,기타불명,보행자,여,24세,경상
24095,2020071400100424,2020년 7월 14일 17시,화요일,서울특별시 강남구 논현동,중상사고,0,1,0,0,차대사람 - 길가장자리구역통행중,안전운전불이행,포장 - 기타,맑음,단일로 - 기타,승용,남,54세,상해없음,보행자,남,60세,중상
24096,2020071400100501,2020년 7월 14일 19시,화요일,서울특별시 은평구 녹번동,중상사고,0,1,0,0,차대사람 - 기타,안전운전불이행,포장 - 건조,맑음,단일로 - 기타,승용,여,44세,상해없음,보행자,여,58세,중상
24097,2020071400100504,2020년 7월 14일 19시,화요일,서울특별시 금천구 시흥동,경상사고,0,0,1,0,차대사람 - 차도통행중,안전운전불이행,포장 - 건조,맑음,단일로 - 기타,승용,남,50세,상해없음,보행자,여,25세,경상
24098,2020071400100506,2020년 7월 14일 19시,화요일,서울특별시 강남구 역삼동,경상사고,0,0,1,0,차대사람 - 길가장자리구역통행중,안전운전불이행,포장 - 건조,맑음,단일로 - 기타,승용,남,22세,상해없음,보행자,여,35세,경상
24099,2020071400100507,2020년 7월 14일 19시,화요일,서울특별시 강동구 천호동,중상사고,0,1,0,0,차대사람 - 보도통행중,기타,포장 - 건조,맑음,단일로 - 기타,원동기,남,27세,상해없음,보행자,여,47세,중상
24100,2020071400100565,2020년 7월 14일 21시,화요일,서울특별시 성동구 금호동3가,경상사고,0,0,1,0,차대사람 - 차도통행중,안전운전불이행,포장 - 건조,맑음,단일로 - 기타,승용,남,68세,기타불명,보행자,남,30세,경상
24101,2020071400100590,2020년 7월 14일 22시,화요일,서울특별시 영등포구 신길동,중상사고,0,1,0,0,차대사람 - 차도통행중,안전운전불이행,포장 - 건조,맑음,단일로 - 기타,이륜,남,20세,상해없음,보행자,여,37세,중상
24102,2020071400100591,2020년 7월 14일 22시,화요일,서울특별시 영등포구 영등포동,경상사고,0,0,1,0,차대사람 - 횡단중,보행자보호의무위반,포장 - 건조,맑음,교차로 - 교차로횡단보도내,승용,남,53세,상해없음,보행자,남,20세,경상
24103,2020071400100592,2020년 7월 14일 22시,화요일,서울특별시 성동구 행당동,중상사고,0,1,0,0,차대사람 - 보도통행중,안전운전불이행,포장 - 건조,흐림,단일로 - 기타,승용,남,38세,상해없음,보행자,여,42세,중상
24104,2020071400100624,2020년 7월 14일 23시,화요일,서울특별시 강북구 수유동,경상사고,0,0,1,0,차대사람 - 기타,안전운전불이행,포장 - 건조,맑음,단일로 - 기타,승용,남,72세,상해없음,보행자,남,24세,경상
24105,2020071500100019,2020년 7월 15일 01시,수요일,서울특별시 서초구 서초동,경상사고,0,0,1,0,차대사람 - 기타,안전운전불이행,포장 - 건조,맑음,단일로 - 기타,승용,여,48세,상해없음,보행자,남,25세,경상
24106,2020071500100073,2020년 7월 15일 07시,수요일,서울특별시 성북구 석관동,부상신고사고,0,0,0,1,차대사람 - 길가장자리구역통행중,안전운전불이행,포장 - 건조,맑음,단일로 - 기타,화물,남,26세,상해없음,보행자,여,37세,부상신고
24107,2020071500100118,2020년 7월 15일 09시,수요일,서울특별시 용산구 한강로3가,중상사고,0,1,0,0,차대사람 - 횡단중,보행자보호의무위반,포장 - 건조,맑음,단일로 - 기타,승용,남,59세,상해없음,보행자,남,44세,중상
24108,2020071500100122,2020년 7월 15일 09시,수요일,서울특별시 송파구 풍납동,경상사고,0,0,1,0,차대사람 - 횡단중,안전운전불이행,포장 - 건조,맑음,교차로 - 교차로안,화물,남,62세,상해없음,보행자,여,57세,경상
24109,2020071500100159,2020년 7월 15일 10시,수요일,서울특별시 강남구 논현동,경상사고,0,0,1,0,차대사람 - 기타,중앙선침범,포장 - 건조,맑음,단일로 - 기타,승용,남,35세,상해없음,보행자,남,73세,경상
24110,2020071500100214,2020년 7월 15일 12시,수요일,서울특별시 강동구 암사동,중상사고,0,1,0,0,차대사람 - 기타,안전운전불이행,포장 - 건조,맑음,단일로 - 기타,기타불명,기타불명,미분류,기타불명,보행자,여,70세,중상
24111,2020071500100248,2020년 7월 15일 13시,수요일,서울특별시 동작구 상도동,경상사고,0,0,1,0,차대사람 - 길가장자리구역통행중,안전운전불이행,포장 - 건조,맑음,단일로 - 기타,승용,여,74세,기타불명,보행자,남,57세,경상
24112,2020071500100311,2020년 7월 15일 15시,수요일,서울특별시 동대문구 이문동,경상사고,0,0,1,0,차대사람 - 횡단중,보행자보호의무위반,포장 - 건조,맑음,교차로 - 교차로횡단보도내,승용,여,36세,상해없음,보행자,여,21세,경상
24113,2020071500100312,2020년 7월 15일 15시,수요일,서울특별시 영등포구 당산동1가,경상사고,0,0,1,0,차대사람 - 기타,안전운전불이행,포장 - 건조,맑음,기타 - 기타,승용,남,63세,상해없음,보행자,여,34세,경상
24114,2020071500100351,2020년 7월 15일 16시,수요일,서울특별시 강북구 미아동,경상사고,0,0,1,0,차대사람 - 횡단중,보행자보호의무위반,포장 - 건조,맑음,교차로 - 교차로횡단보도내,승용,여,43세,상해없음,보행자,남,11세,경상
24115,2020071500100354,2020년 7월 15일 16시,수요일,서울특별시 영등포구 신길동,경상사고,0,0,1,0,차대사람 - 기타,안전운전불이행,포장 - 건조,맑음,단일로 - 기타,승용,남,60세,상해없음,보행자,남,9세,경상
24116,2020071500100355,2020년 7월 15일 16시,수요일,서울특별시 영등포구 당산동5가,부상신고사고,0,0,0,1,차대사람 - 보도통행중,기타,포장 - 건조,맑음,단일로 - 기타,자전거,여,22세,상해없음,보행자,여,4세,부상신고
24117,2020071500100357,2020년 7월 15일 16시,수요일,서울특별시 서초구 서초동,경상사고,0,0,1,0,차대사람 - 길가장자리구역통행중,안전운전불이행,포장 - 건조,맑음,단일로 - 기타,승용,남,63세,상해없음,보행자,남,35세,경상
24118,2020071500100394,2020년 7월 15일 17시,수요일,서울특별시 동작구 흑석동,중상사고,0,1,0,0,차대사람 - 기타,안전운전불이행,포장 - 건조,맑음,단일로 - 기타,승용,남,62세,상해없음,보행자,남,67세,중상
24119,2020071500100447,2020년 7월 15일 18시,수요일,서울특별시 강동구 천호동,중상사고,0,1,0,0,차대사람 - 차도통행중,안전운전불이행,포장 - 건조,맑음,단일로 - 기타,승용,남,30세,상해없음,보행자,남,16세,중상
24120,2020071500100450,2020년 7월 15일 18시,수요일,서울특별시 강남구 대치동,경상사고,0,0,1,0,차대사람 - 기타,안전운전불이행,포장 - 건조,맑음,단일로 - 기타,승용,여,30세,상해없음,보행자,남,19세,경상
24121,2020071500100499,2020년 7월 15일 19시,수요일,서울특별시 동대문구 장안동,중상사고,0,1,0,0,차대사람 - 횡단중,보행자보호의무위반,포장 - 건조,맑음,교차로 - 교차로횡단보도내,이륜,남,46세,상해없음,보행자,여,60세,중상
24122,2020071500100502,2020년 7월 15일 19시,수요일,서울특별시 강남구 대치동,경상사고,0,0,1,0,차대사람 - 기타,안전운전불이행,포장 - 건조,맑음,단일로 - 기타,승용,여,41세,상해없음,보행자,여,31세,경상
24123,2020071500100532,2020년 7월 15일 20시,수요일,서울특별시 광진구 자양동,중상사고,0,1,0,0,차대사람 - 횡단중,신호위반,포장 - 건조,맑음,단일로 - 기타,승용,남,64세,상해없음,보행자,여,57세,중상
24124,2020071500100534,2020년 7월 15일 20시,수요일,서울특별시 서초구 서초동,경상사고,0,0,1,0,차대사람 - 기타,안전운전불이행,포장 - 건조,맑음,단일로 - 기타,승용,남,49세,상해없음,보행자,여,31세,경상
24125,2020071500100568,2020년 7월 15일 21시,수요일,서울특별시 노원구 하계동,경상사고,0,0,1,0,차대사람 - 횡단중,기타,포장 - 건조,맑음,교차로 - 교차로부근,자전거,남,28세,상해없음,보행자,여,55세,경상
24126,2020071500100592,2020년 7월 15일 22시,수요일,서울특별시 영등포구 신길동,경상사고,0,0,1,0,차대사람 - 차도통행중,안전운전불이행,포장 - 건조,맑음,교차로 - 교차로안,승용,남,55세,상해없음,보행자,남,47세,경상
24127,2020071600100028,2020년 7월 16일 02시,목요일,서울특별시 중랑구 면목동,경상사고,0,0,1,0,차대사람 - 길가장자리구역통행중,안전운전불이행,포장 - 건조,맑음,단일로 - 기타,승용,남,53세,상해없음,보행자,남,16세,경상
24128,2020071600100030,2020년 7월 16일 02시,목요일,서울특별시 양천구 신월동,경상사고,0,0,1,0,차대사람 - 횡단중,안전운전불이행,포장 - 건조,맑음,교차로 - 교차로안,승용,남,42세,상해없음,보행자,여,57세,경상
24129,2020071600100041,2020년 7월 16일 04시,목요일,서울특별시 강북구 수유동,부상신고사고,0,0,0,1,차대사람 - 기타,신호위반,포장 - 건조,맑음,교차로 - 교차로횡단보도내,이륜,남,17세,상해없음,보행자,남,62세,부상신고
24130,2020071600100071,2020년 7월 16일 07시,목요일,서울특별시 강남구 역삼동,중상사고,0,1,0,0,차대사람 - 보도통행중,안전운전불이행,포장 - 건조,맑음,기타 - 기타,승용,여,34세,상해없음,보행자,남,35세,중상
24131,2020071600100091,2020년 7월 16일 08시,목요일,서울특별시 중구 신당동,경상사고,0,0,1,0,차대사람 - 횡단중,보행자보호의무위반,포장 - 건조,맑음,교차로 - 교차로횡단보도내,화물,남,62세,상해없음,보행자,여,33세,경상
24132,2020071600100092,2020년 7월 16일 08시,목요일,서울특별시 용산구 동자동,경상사고,0,0,1,0,차대사람 - 기타,안전운전불이행,포장 - 건조,맑음,단일로 - 기타,승용,남,66세,상해없음,보행자,여,24세,경상
24133,2020071600100164,2020년 7월 16일 10시,목요일,서울특별시 영등포구 신길동,경상사고,0,0,1,0,차대사람 - 기타,신호위반,포장 - 건조,맑음,단일로 - 기타,원동기,남,19세,상해없음,보행자,여,60세,경상
24134,2020071600100167,2020년 7월 16일 10시,목요일,서울특별시 구로구 고척동,부상신고사고,0,0,0,1,차대사람 - 기타,안전운전불이행,포장 - 건조,맑음,단일로 - 기타,승용,여,41세,상해없음,보행자,남,25세,부상신고
24135,2020071600100203,2020년 7월 16일 11시,목요일,서울특별시 중랑구 망우동,경상사고,0,0,1,0,차대사람 - 보도통행중,보행자보호의무위반,포장 - 건조,맑음,교차로 - 교차로횡단보도내,승용,여,48세,상해없음,보행자,여,17세,경상
24136,2020071600100307,2020년 7월 16일 14시,목요일,서울특별시 서대문구 연희동,중상사고,0,1,0,0,차대사람 - 기타,안전운전불이행,포장 - 건조,맑음,교차로 - 교차로부근,승용,여,36세,상해없음,보행자,남,8세,중상
24137,2020071600100308,2020년 7월 16일 14시,목요일,서울특별시 금천구 가산동,경상사고,0,0,1,0,차대사람 - 보도통행중,보행자보호의무위반,포장 - 건조,맑음,교차로 - 교차로횡단보도내,승용,남,58세,상해없음,보행자,여,66세,경상
24138,2020071600100345,2020년 7월 16일 15시,목요일,서울특별시 강남구 신사동,경상사고,0,0,1,0,차대사람 - 길가장자리구역통행중,안전운전불이행,포장 - 건조,맑음,단일로 - 기타,화물,남,46세,상해없음,보행자,여,24세,경상
24139,2020071600100386,2020년 7월 16일 16시,목요일,서울특별시 동대문구 이문동,중상사고,0,1,0,0,차대사람 - 기타,안전운전불이행,포장 - 건조,맑음,단일로 - 기타,이륜,남,51세,상해없음,보행자,남,36세,중상
24140,2020071600100388,2020년 7월 16일 16시,목요일,서울특별시 금천구 가산동,중상사고,0,1,0,0,차대사람 - 보도통행중,보행자보호의무위반,포장 - 건조,맑음,교차로 - 교차로안,화물,남,53세,상해없음,보행자,여,71세,중상
24141,2020071600100485,2020년 7월 16일 18시,목요일,서울특별시 동작구 사당동,중상사고,0,1,0,0,차대사람 - 기타,안전운전불이행,포장 - 건조,맑음,교차로 - 교차로부근,승용,여,27세,상해없음,보행자,여,61세,중상
24142,2020071600100490,2020년 7월 16일 18시,목요일,서울특별시 강남구 개포동,경상사고,0,0,1,0,차대사람 - 기타,안전운전불이행,포장 - 건조,맑음,단일로 - 기타,승용,여,28세,상해없음,보행자,남,13세,경상
24143,2020071600100538,2020년 7월 16일 19시,목요일,서울특별시 종로구 중학동,경상사고,0,0,1,0,차대사람 - 보도통행중,신호위반,포장 - 건조,맑음,단일로 - 지하차도(도로)내,승용,여,50세,상해없음,보행자,여,45세,경상
24144,2020071600100539,2020년 7월 16일 19시,목요일,서울특별시 마포구 신공덕동,경상사고,0,0,1,0,차대사람 - 횡단중,보행자보호의무위반,포장 - 건조,맑음,단일로 - 기타,화물,남,60세,상해없음,보행자,여,27세,경상
24145,2020071600100559,2020년 7월 16일 20시,목요일,서울특별시 중구 충무로3가,중상사고,0,1,0,0,차대사람 - 기타,안전운전불이행,포장 - 건조,맑음,단일로 - 기타,승용,남,25세,상해없음,보행자,여,27세,중상
24146,2020071600100587,2020년 7월 16일 21시,목요일,서울특별시 종로구 신문로1가,중상사고,0,1,0,0,차대사람 - 횡단중,신호위반,포장 - 건조,맑음,교차로 - 교차로안,승용,남,46세,상해없음,보행자,여,38세,중상
24147,2020071600100591,2020년 7월 16일 21시,목요일,서울특별시 강남구 역삼동,경상사고,0,0,1,0,차대사람 - 기타,안전운전불이행,포장 - 건조,맑음,단일로 - 기타,승용,여,18세,상해없음,보행자,남,28세,경상
24148,2020071600100598,2020년 7월 16일 21시,목요일,서울특별시 송파구 거여동,경상사고,0,0,1,0,차대사람 - 기타,안전운전불이행,포장 - 건조,맑음,단일로 - 기타,승용,남,62세,상해없음,보행자,남,47세,경상
24149,2020071600100623,2020년 7월 16일 22시,목요일,서울특별시 강동구 천호동,경상사고,0,0,1,0,차대사람 - 기타,안전운전불이행,포장 - 건조,맑음,단일로 - 기타,자전거,여,55세,상해없음,보행자,남,24세,경상
24150,2020071700100003,2020년 7월 17일 00시,금요일,서울특별시 은평구 구산동,중상사고,0,1,0,0,차대사람 - 기타,안전운전불이행,포장 - 건조,맑음,단일로 - 기타,승용,남,51세,상해없음,보행자,남,43세,중상
24151,2020071700100042,2020년 7월 17일 05시,금요일,서울특별시 강서구 방화동,중상사고,0,1,0,0,차대사람 - 차도통행중,안전운전불이행,포장 - 건조,맑음,단일로 - 기타,승용,남,50세,상해없음,보행자,여,72세,중상
24152,2020071700100051,2020년 7월 17일 06시,금요일,서울특별시 강동구 암사동,중상사고,0,2,0,0,차대사람 - 횡단중,안전운전불이행,포장 - 건조,맑음,단일로 - 기타,자전거,남,38세,상해없음,보행자,남,83세,중상
24153,2020071700100064,2020년 7월 17일 07시,금요일,서울특별시 광진구 광장동,경상사고,0,0,1,0,차대사람 - 기타,기타,포장 - 건조,맑음,단일로 - 기타,승합,남,48세,상해없음,보행자,여,58세,경상
24154,2020071700100180,2020년 7월 17일 11시,금요일,서울특별시 성북구 길음동,경상사고,0,0,1,0,차대사람 - 기타,안전운전불이행,포장 - 건조,맑음,단일로 - 기타,승용,남,40세,상해없음,보행자,여,27세,경상
24155,2020071700100213,2020년 7월 17일 12시,금요일,서울특별시 성동구 금호동2가,중상사고,0,1,0,0,차대사람 - 기타,안전운전불이행,포장 - 건조,맑음,교차로 - 교차로안,승용,남,32세,상해없음,보행자,여,18세,중상
24156,2020071700100285,2020년 7월 17일 14시,금요일,서울특별시 종로구 숭인동,중상사고,0,1,0,0,차대사람 - 길가장자리구역통행중,안전운전불이행,포장 - 건조,맑음,단일로 - 기타,승용,남,50세,상해없음,보행자,남,79세,중상
24157,2020071700100286,2020년 7월 17일 14시,금요일,서울특별시 마포구 상암동,중상사고,0,1,0,0,차대사람 - 기타,안전운전불이행,포장 - 건조,맑음,교차로 - 교차로안,화물,남,39세,상해없음,보행자,남,69세,중상
24158,2020071700100333,2020년 7월 17일 15시,금요일,서울특별시 구로구 구로동,중상사고,0,1,0,0,차대사람 - 기타,안전운전불이행,포장 - 건조,맑음,단일로 - 기타,승용,남,35세,상해없음,보행자,남,62세,중상
24159,2020071700100335,2020년 7월 17일 15시,금요일,서울특별시 서초구 서초동,경상사고,0,0,1,0,차대사람 - 차도통행중,신호위반,포장 - 건조,맑음,기타 - 기타,승용,남,83세,상해없음,보행자,여,20세,경상
24160,2020071700100372,2020년 7월 17일 16시,금요일,서울특별시 강남구 논현동,경상사고,0,0,1,0,차대사람 - 횡단중,보행자보호의무위반,포장 - 건조,맑음,교차로 - 교차로횡단보도내,승용,남,48세,상해없음,보행자,여,62세,경상
24161,2020071700100424,2020년 7월 17일 17시,금요일,서울특별시 강북구 미아동,경상사고,0,0,1,0,차대사람 - 횡단중,중앙선침범,포장 - 젖음/습기,비,단일로 - 기타,이륜,남,17세,상해없음,보행자,여,68세,경상
24162,2020071700100427,2020년 7월 17일 17시,금요일,서울특별시 송파구 잠실동,경상사고,0,0,1,0,차대사람 - 기타,안전운전불이행,포장 - 건조,맑음,단일로 - 기타,승합,남,54세,상해없음,보행자,남,60세,경상
24163,2020071700100480,2020년 7월 17일 18시,금요일,서울특별시 동대문구 용두동,경상사고,0,0,1,0,차대사람 - 기타,안전운전불이행,포장 - 건조,맑음,기타 - 기타,자전거,여,27세,상해없음,보행자,여,4세,경상
24164,2020071700100535,2020년 7월 17일 19시,금요일,서울특별시 성북구 정릉동,경상사고,0,0,1,0,차대사람 - 횡단중,보행자보호의무위반,포장 - 건조,맑음,단일로 - 기타,화물,남,45세,상해없음,보행자,여,42세,경상
24165,2020071700100586,2020년 7월 17일 20시,금요일,서울특별시 강동구 성내동,경상사고,0,0,1,0,차대사람 - 기타,안전운전불이행,포장 - 건조,맑음,단일로 - 기타,기타불명,기타불명,미분류,기타불명,보행자,여,65세,경상
24166,2020071700100587,2020년 7월 17일 20시,금요일,서울특별시 송파구 신천동,중상사고,0,1,0,0,차대사람 - 기타,안전운전불이행,포장 - 건조,맑음,주차장 - 주차장,승용,여,52세,상해없음,보행자,여,55세,중상
24167,2020071700100626,2020년 7월 17일 21시,금요일,서울특별시 마포구 성산동,경상사고,0,0,2,0,차대사람 - 보도통행중,기타,포장 - 건조,맑음,교차로 - 교차로부근,이륜,남,24세,상해없음,보행자,여,46세,경상
24168,2020071700100629,2020년 7월 17일 21시,금요일,서울특별시 강서구 화곡동,경상사고,0,0,1,0,차대사람 - 기타,안전운전불이행,포장 - 건조,맑음,기타 - 기타,기타불명,기타불명,미분류,기타불명,보행자,남,44세,경상
24169,2020071700100665,2020년 7월 17일 22시,금요일,서울특별시 강남구 압구정동,경상사고,0,0,1,0,차대사람 - 차도통행중,보행자보호의무위반,포장 - 건조,맑음,단일로 - 기타,자전거,남,53세,상해없음,보행자,여,43세,경상