,사고번호,사고일시,요일,시군구,사고내용,사망자수,중상자수,경상자수,부상신고자수,사고유형,법규위반,노면상태,기상상태,도로형태,가해운전자 차종,가해운전자 성별,가해운전자 연령,가해운전자 상해정도,피해운전자 차종,피해운전자 성별,피해운전자 연령,피해운전자 상해정도
24282,2020072200100561,2020년 7월 22일 20시,수요일,서울특별시 송파구 잠실동,부상신고사고,0,0,0,1,차대사람 - 기타,안전운전불이행,포장 - 건조,맑음,단일로 - 기타,승용,남,27세,상해없음,보행자,남,56세,부상신고
24283,2020072200100562,2020년 7월 22일 20시,수요일,서울특별시 성북구 하월곡동,중상사고,0,1,0,0,차대사람 - 횡단중,보행자보호의무위반,포장 - 건조,흐림,교차로 - 교차로횡단보도내,승합,남,55세,상해없음,보행자,남,66세,중상
24284,2020072200100594,2020년 7월 22일 21시,수요일,서울특별시 은평구 진관동,중상사고,0,1,0,0,차대사람 - 기타,안전운전불이행,포장 - 건조,맑음,기타 - 기타,승용,여,32세,상해없음,보행자,여,78세,중상
24285,2020072200100619,2020년 7월 22일 22시,수요일,서울특별시 도봉구 창동,중상사고,0,1,0,0,차대사람 - 횡단중,신호위반,포장 - 건조,맑음,교차로 - 교차로횡단보도내,자전거,남,27세,상해없음,보행자,여,60세,중상
24286,2020072200100620,2020년 7월 22일 22시,수요일,서울특별시 은평구 갈현동,중상사고,0,1,0,0,차대사람 - 기타,안전운전불이행,포장 - 건조,맑음,교차로 - 교차로안,승용,남,20세,상해없음,보행자,남,50세,중상
24287,2020072300100021,2020년 7월 23일 01시,목요일,서울특별시 광진구 광장동,중상사고,0,1,0,0,차대사람 - 기타,신호위반,포장 - 건조,맑음,교차로 - 교차로횡단보도내,원동기,남,32세,상해없음,보행자,여,18세,중상
24288,2020072300100050,2020년 7월 23일 05시,목요일,서울특별시 중구 남대문로5가,부상신고사고,0,0,0,1,차대사람 - 기타,안전운전불이행,포장 - 건조,흐림,기타 - 기타,기타불명,기타불명,미분류,기타불명,보행자,남,55세,부상신고
24289,2020072300100051,2020년 7월 23일 05시,목요일,서울특별시 동작구 상도1동,경상사고,0,0,1,0,차대사람 - 횡단중,신호위반,포장 - 젖음/습기,흐림,단일로 - 기타,이륜,남,25세,상해없음,보행자,여,67세,경상
24290,2020072300100063,2020년 7월 23일 06시,목요일,서울특별시 금천구 시흥동,중상사고,0,1,0,0,차대사람 - 기타,보행자보호의무위반,포장 - 젖음/습기,비,교차로 - 교차로횡단보도내,화물,남,32세,상해없음,보행자,여,65세,중상
24291,2020072300100097,2020년 7월 23일 08시,목요일,서울특별시 성동구 금호동1가,중상사고,0,1,0,0,차대사람 - 횡단중,안전운전불이행,포장 - 젖음/습기,비,교차로 - 교차로횡단보도내,승용,남,30세,상해없음,보행자,남,60세,중상
24292,2020072300100133,2020년 7월 23일 09시,목요일,서울특별시 송파구 잠실동,경상사고,0,0,1,0,차대사람 - 기타,안전운전불이행,포장 - 젖음/습기,비,단일로 - 기타,개인형이동수단(PM),남,26세,상해없음,보행자,여,40세,경상
24293,2020072300100153,2020년 7월 23일 10시,목요일,서울특별시 종로구 필운동,경상사고,0,0,1,0,차대사람 - 횡단중,안전운전불이행,포장 - 젖음/습기,비,단일로 - 기타,승용,여,47세,상해없음,보행자,여,58세,경상
24294,2020072300100155,2020년 7월 23일 10시,목요일,서울특별시 광진구 능동,부상신고사고,0,0,0,1,차대사람 - 횡단중,안전운전불이행,포장 - 건조,맑음,단일로 - 기타,화물,남,61세,상해없음,보행자,여,29세,부상신고
24295,2020072300100183,2020년 7월 23일 11시,목요일,서울특별시 서대문구 남가좌동,중상사고,0,1,0,0,차대사람 - 횡단중,신호위반,포장 - 젖음/습기,비,단일로 - 기타,화물,남,66세,상해없음,보행자,남,59세,중상
24296,2020072300100187,2020년 7월 23일 11시,목요일,서울특별시 강남구 대치동,경상사고,0,0,1,0,차대사람 - 길가장자리구역통행중,안전운전불이행,포장 - 건조,맑음,단일로 - 기타,승합,남,64세,상해없음,보행자,남,29세,경상
24297,2020072300100200,2020년 7월 23일 12시,목요일,서울특별시 종로구 창신동,경상사고,0,0,1,0,차대사람 - 차도통행중,신호위반,포장 - 젖음/습기,비,교차로 - 교차로횡단보도내,승용,남,30세,상해없음,보행자,남,34세,경상
24298,2020072300100209,2020년 7월 23일 12시,목요일,서울특별시 송파구 방이동,중상사고,0,1,0,0,차대사람 - 보도통행중,안전운전불이행,포장 - 젖음/습기,비,기타 - 기타,자전거,여,21세,상해없음,보행자,여,57세,중상
24299,2020072300100235,2020년 7월 23일 13시,목요일,서울특별시 금천구 독산동,경상사고,0,0,2,0,차대사람 - 횡단중,신호위반,포장 - 젖음/습기,비,단일로 - 기타,승용,여,42세,상해없음,보행자,남,34세,경상
24300,2020072300100269,2020년 7월 23일 14시,목요일,서울특별시 서대문구 북아현동,중상사고,0,1,0,0,차대사람 - 기타,중앙선침범,포장 - 건조,맑음,단일로 - 기타,승용,남,64세,상해없음,보행자,여,88세,중상
24301,2020072300100335,2020년 7월 23일 16시,목요일,서울특별시 관악구 신림동,경상사고,0,0,1,0,차대사람 - 횡단중,안전운전불이행,포장 - 젖음/습기,비,기타 - 기타,승용,남,71세,상해없음,보행자,여,19세,경상
24302,2020072300100379,2020년 7월 23일 17시,목요일,서울특별시 도봉구 창동,경상사고,0,0,1,0,차대사람 - 횡단중,안전운전불이행,포장 - 젖음/습기,비,기타 - 기타,승용,여,50세,상해없음,보행자,여,38세,경상
24303,2020072300100416,2020년 7월 23일 18시,목요일,서울특별시 성북구 보문동2가,경상사고,0,0,1,0,차대사람 - 횡단중,보행자보호의무위반,포장 - 젖음/습기,비,교차로 - 교차로안,승용,남,34세,상해없음,보행자,남,28세,경상
24304,2020072300100420,2020년 7월 23일 18시,목요일,서울특별시 양천구 목동,경상사고,0,0,1,0,차대사람 - 횡단중,신호위반,포장 - 젖음/습기,비,교차로 - 교차로횡단보도내,승용,여,68세,상해없음,보행자,남,12세,경상
24305,2020072300100421,2020년 7월 23일 18시,목요일,서울특별시 도봉구 도봉동,경상사고,0,0,1,0,차대사람 - 횡단중,신호위반,포장 - 젖음/습기,비,교차로 - 교차로횡단보도내,이륜,남,44세,상해없음,보행자,여,29세,경상
24306,2020072300100422,2020년 7월 23일 18시,목요일,서울특별시 도봉구 쌍문동,중상사고,0,1,0,0,차대사람 - 기타,안전운전불이행,포장 - 젖음/습기,비,교차로 - 교차로안,특수,남,40세,상해없음,보행자,여,50세,중상
24307,2020072300100474,2020년 7월 23일 19시,목요일,서울특별시 서초구 방배동,중상사고,0,1,0,0,차대사람 - 횡단중,안전운전불이행,포장 - 젖음/습기,비,교차로 - 교차로부근,승용,남,50세,상해없음,보행자,여,58세,중상
24308,2020072300100523,2020년 7월 23일 20시,목요일,서울특별시 강동구 상일동,경상사고,0,0,1,0,차대사람 - 기타,기타,포장 - 젖음/습기,비,단일로 - 기타,승합,남,47세,상해없음,보행자,여,50세,경상
24309,2020072300100526,2020년 7월 23일 20시,목요일,서울특별시 강남구 자곡동,중상사고,0,1,0,0,차대사람 - 횡단중,안전운전불이행,포장 - 젖음/습기,비,단일로 - 기타,승용,여,41세,상해없음,보행자,남,13세,중상
24310,2020072300100575,2020년 7월 23일 21시,목요일,서울특별시 영등포구 문래동3가,경상사고,0,0,1,0,차대사람 - 횡단중,보행자보호의무위반,포장 - 젖음/습기,비,교차로 - 교차로횡단보도내,화물,남,57세,상해없음,보행자,남,52세,경상
24311,2020072300100578,2020년 7월 23일 21시,목요일,서울특별시 중랑구 면목동,중상사고,0,1,0,0,차대사람 - 횡단중,안전운전불이행,포장 - 젖음/습기,비,단일로 - 기타,승용,여,42세,기타불명,보행자,남,59세,중상
24312,2020072300100579,2020년 7월 23일 21시,목요일,서울특별시 관악구 신림동,경상사고,0,0,1,0,차대사람 - 기타,안전운전불이행,포장 - 젖음/습기,비,교차로 - 교차로횡단보도내,승용,남,26세,상해없음,보행자,여,68세,경상
24313,2020072300100580,2020년 7월 23일 21시,목요일,서울특별시 송파구 잠실동,부상신고사고,0,0,0,1,차대사람 - 기타,안전운전불이행,포장 - 젖음/습기,비,단일로 - 기타,승용,여,40세,상해없음,보행자,남,33세,부상신고
24314,2020072300100620,2020년 7월 23일 22시,목요일,서울특별시 서대문구 홍은동,중상사고,0,1,0,0,차대사람 - 차도통행중,신호위반,포장 - 젖음/습기,비,교차로 - 교차로안,이륜,남,25세,상해없음,보행자,여,27세,중상
24315,2020072300100623,2020년 7월 23일 22시,목요일,서울특별시 관악구 신림동,중상사고,0,1,0,0,차대사람 - 기타,안전운전불이행,포장 - 젖음/습기,비,교차로 - 교차로안,승용,여,48세,상해없음,보행자,남,65세,중상
24316,2020072300100625,2020년 7월 23일 22시,목요일,서울특별시 강남구 논현동,중상사고,0,1,0,0,차대사람 - 횡단중,안전운전불이행,포장 - 젖음/습기,흐림,교차로 - 교차로횡단보도내,승용,남,44세,상해없음,보행자,남,29세,중상
24317,2020072300100626,2020년 7월 23일 22시,목요일,서울특별시 강서구 화곡동,경상사고,0,0,1,0,차대사람 - 차도통행중,안전운전불이행,포장 - 젖음/습기,비,교차로 - 교차로부근,승용,남,64세,상해없음,보행자,여,62세,경상
24318,2020072300100667,2020년 7월 23일 23시,목요일,서울특별시 종로구 종로5가,경상사고,0,0,1,0,차대사람 - 횡단중,신호위반,포장 - 건조,맑음,단일로 - 기타,승용,남,61세,상해없음,보행자,남,27세,경상
24319,2020072300100672,2020년 7월 23일 23시,목요일,서울특별시 성동구 마장동,중상사고,0,1,0,0,차대사람 - 횡단중,안전운전불이행,포장 - 젖음/습기,비,단일로 - 기타,이륜,남,33세,상해없음,보행자,남,31세,중상
24320,2020072300100673,2020년 7월 23일 23시,목요일,서울특별시 중랑구 상봉동,경상사고,0,0,1,0,차대사람 - 길가장자리구역통행중,안전운전불이행,포장 - 젖음/습기,비,단일로 - 기타,승용,남,22세,상해없음,보행자,남,57세,경상
24321,2020072400100025,2020년 7월 24일 01시,금요일,서울특별시 동대문구 신설동,경상사고,0,0,1,0,차대사람 - 차도통행중,안전운전불이행,포장 - 건조,맑음,단일로 - 기타,승용,남,63세,상해없음,보행자,여,72세,경상
24322,2020072400100047,2020년 7월 24일 04시,금요일,서울특별시 강서구 화곡동,경상사고,0,0,1,0,차대사람 - 차도통행중,안전운전불이행,포장 - 젖음/습기,비,단일로 - 기타,이륜,남,31세,상해없음,보행자,남,44세,경상
24323,2020072400100061,2020년 7월 24일 06시,금요일,서울특별시 강남구 청담동,경상사고,0,0,1,0,차대사람 - 기타,안전운전불이행,포장 - 건조,맑음,단일로 - 기타,승용,여,65세,상해없음,보행자,남,63세,경상
24324,2020072400100085,2020년 7월 24일 08시,금요일,서울특별시 강북구 번동,경상사고,0,0,1,0,차대사람 - 기타,안전운전불이행,포장 - 건조,흐림,기타 - 기타,승용,남,43세,상해없음,보행자,남,34세,경상
24325,2020072400100086,2020년 7월 24일 08시,금요일,서울특별시 강남구 논현동,경상사고,0,0,1,0,차대사람 - 기타,안전운전불이행,포장 - 건조,맑음,단일로 - 기타,승용,남,41세,상해없음,보행자,남,25세,경상
24326,2020072400100087,2020년 7월 24일 08시,금요일,서울특별시 서초구 서초동,경상사고,0,0,1,0,차대사람 - 길가장자리구역통행중,안전운전불이행,포장 - 건조,흐림,단일로 - 기타,승용,남,77세,상해없음,보행자,남,58세,경상
24327,2020072400100118,2020년 7월 24일 09시,금요일,서울특별시 도봉구 쌍문동,중상사고,0,1,0,0,차대사람 - 기타,안전운전불이행,포장 - 젖음/습기,비,단일로 - 기타,승용,남,38세,상해없음,보행자,남,70세,중상
24328,2020072400100173,2020년 7월 24일 11시,금요일,서울특별시 서대문구 창천동,경상사고,0,0,1,0,차대사람 - 횡단중,안전운전불이행,포장 - 건조,맑음,단일로 - 기타,승합,남,34세,상해없음,보행자,여,23세,경상
24329,2020072400100200,2020년 7월 24일 12시,금요일,서울특별시 강북구 수유동,경상사고,0,0,1,0,차대사람 - 횡단중,안전운전불이행,포장 - 건조,맑음,단일로 - 기타,승용,남,67세,상해없음,보행자,여,21세,경상
24330,2020072400100257,2020년 7월 24일 14시,금요일,서울특별시 양천구 신월동,경상사고,0,0,1,0,차대사람 - 횡단중,보행자보호의무위반,포장 - 건조,맑음,단일로 - 기타,화물,남,60세,상해없음,보행자,여,48세,경상
24331,2020072400100286,2020년 7월 24일 15시,금요일,서울특별시 강서구 화곡동,경상사고,0,0,1,0,차대사람 - 기타,안전운전불이행,포장 - 건조,맑음,단일로 - 기타,화물,남,40세,상해없음,보행자,여,71세,경상
24332,2020072400100288,2020년 7월 24일 15시,금요일,서울특별시 성북구 석관동,중상사고,0,1,0,0,차대사람 - 보도통행중,안전운전불이행,포장 - 건조,맑음,기타 - 기타,자전거,남,18세,상해없음,보행자,여,83세,중상
24333,2020072400100324,2020년 7월 24일 16시,금요일,서울특별시 강남구 논현동,경상사고,0,0,1,0,차대사람 - 보도통행중,기타,포장 - 건조,맑음,단일로 - 기타,개인형이동수단(PM),남,37세,상해없음,보행자,여,22세,경상
24334,2020072400100364,2020년 7월 24일 17시,금요일,서울특별시 강남구 수서동,경상사고,0,0,1,0,차대사람 - 횡단중,안전운전불이행,포장 - 건조,맑음,단일로 - 기타,승용,남,72세,상해없음,보행자,남,33세,경상
24335,2020072400100405,2020년 7월 24일 18시,금요일,서울특별시 광진구 군자동,중상사고,0,1,0,0,차대사람 - 보도통행중,신호위반,포장 - 기타,맑음,단일로 - 기타,자전거,남,56세,상해없음,보행자,여,81세,중상
24336,2020072400100406,2020년 7월 24일 18시,금요일,서울특별시 마포구 서교동,경상사고,0,0,1,0,차대사람 - 차도통행중,안전운전불이행,포장 - 건조,맑음,교차로 - 교차로안,이륜,남,37세,상해없음,보행자,남,24세,경상
24337,2020072400100463,2020년 7월 24일 19시,금요일,서울특별시 강서구 방화동,경상사고,0,0,1,0,차대사람 - 차도통행중,안전운전불이행,포장 - 건조,맑음,단일로 - 기타,승용,남,62세,상해없음,보행자,남,8세,경상
24338,2020072400100466,2020년 7월 24일 19시,금요일,서울특별시 송파구 방이동,경상사고,0,0,1,0,차대사람 - 횡단중,보행자보호의무위반,포장 - 건조,맑음,교차로 - 교차로횡단보도내,승용,남,68세,상해없음,보행자,여,51세,경상
24339,2020072400100467,2020년 7월 24일 19시,금요일,서울특별시 양천구 목동,중상사고,0,1,0,0,차대사람 - 횡단중,보행자보호의무위반,포장 - 건조,맑음,교차로 - 교차로횡단보도내,승용,남,46세,상해없음,보행자,여,61세,중상
24340,2020072400100545,2020년 7월 24일 21시,금요일,서울특별시 노원구 상계동,경상사고,0,0,1,0,차대사람 - 기타,안전운전불이행,포장 - 건조,맑음,교차로 - 교차로안,승용,남,34세,상해없음,보행자,남,56세,경상
24341,2020072400100546,2020년 7월 24일 21시,금요일,서울특별시 서초구 방배동,경상사고,0,0,1,0,차대사람 - 차도통행중,안전운전불이행,포장 - 건조,맑음,단일로 - 기타,이륜,여,23세,상해없음,보행자,여,9세,경상
24342,2020072400100586,2020년 7월 24일 22시,금요일,서울특별시 관악구 봉천동,경상사고,0,0,1,0,차대사람 - 길가장자리구역통행중,안전운전불이행,포장 - 건조,맑음,단일로 - 기타,승용,여,25세,상해없음,보행자,남,27세,경상
24343,2020072400100629,2020년 7월 24일 23시,금요일,서울특별시 동작구 신대방동,중상사고,0,1,0,0,차대사람 - 기타,신호위반,포장 - 건조,맑음,단일로 - 기타,이륜,남,37세,기타불명,보행자,여,28세,중상
24344,2020072400100630,2020년 7월 24일 23시,금요일,서울특별시 중랑구 면목동,경상사고,0,0,1,0,차대사람 - 기타,불법유턴,포장 - 건조,맑음,교차로 - 교차로안,승용,남,65세,기타불명,보행자,남,24세,경상
24345,2020072500100001,2020년 7월 25일 00시,토요일,서울특별시 서대문구 연희동,경상사고,0,0,1,0,차대사람 - 기타,안전운전불이행,포장 - 젖음/습기,흐림,교차로 - 교차로안,이륜,남,17세,경상,보행자,남,32세,상해없음
24346,2020072500100003,2020년 7월 25일 00시,토요일,서울특별시 동작구 사당동,중상사고,0,1,0,0,차대사람 - 기타,안전운전불이행,포장 - 건조,맑음,단일로 - 기타,승용,남,34세,상해없음,보행자,여,58세,중상
24347,2020072500100004,2020년 7월 25일 00시,토요일,서울특별시 관악구 신림동,경상사고,0,0,1,0,차대사람 - 기타,안전운전불이행,포장 - 건조,맑음,교차로 - 교차로안,승용,남,33세,상해없음,보행자,여,19세,경상
24348,2020072500100027,2020년 7월 25일 01시,토요일,서울특별시 송파구 잠실동,경상사고,0,0,1,0,차대사람 - 기타,안전운전불이행,포장 - 건조,맑음,단일로 - 기타,승용,남,41세,상해없음,보행자,남,23세,경상
24349,2020072500100028,2020년 7월 25일 01시,토요일,서울특별시 송파구 장지동,경상사고,0,0,1,0,차대사람 - 횡단중,안전운전불이행,포장 - 건조,맑음,교차로 - 교차로안,승용,남,43세,상해없음,보행자,남,69세,경상
24350,2020072500100051,2020년 7월 25일 02시,토요일,서울특별시 강남구 신사동,경상사고,0,0,1,0,차대사람 - 기타,안전운전불이행,포장 - 건조,맑음,단일로 - 기타,개인형이동수단(PM),남,29세,상해없음,보행자,여,33세,경상
24351,2020072500100082,2020년 7월 25일 04시,토요일,서울특별시 강남구 신사동,중상사고,0,1,0,0,차대사람 - 기타,안전운전불이행,포장 - 건조,맑음,단일로 - 기타,승용,남,30세,상해없음,보행자,여,79세,중상
24352,2020072500100100,2020년 7월 25일 06시,토요일,서울특별시 구로구 구로동,부상신고사고,0,0,0,1,차대사람 - 기타,보행자보호의무위반,포장 - 건조,맑음,기타 - 기타,기타불명,기타불명,미분류,기타불명,보행자,남,20세,부상신고
24353,2020072500100147,2020년 7월 25일 09시,토요일,서울특별시 용산구 이태원동,중상사고,0,1,0,0,차대사람 - 기타,안전운전불이행,포장 - 건조,맑음,교차로 - 교차로안,승용,남,59세,상해없음,보행자,남,60세,중상
24354,2020072500100168,2020년 7월 25일 10시,토요일,서울특별시 성북구 안암동4가,부상신고사고,0,0,0,1,차대사람 - 횡단중,안전운전불이행,포장 - 건조,맑음,단일로 - 기타,기타불명,기타불명,미분류,기타불명,보행자,남,23세,부상신고
24355,2020072500100169,2020년 7월 25일 10시,토요일,서울특별시 동대문구 답십리동,경상사고,0,0,1,0,차대사람 - 보도통행중,기타,포장 - 건조,기타,교차로 - 교차로부근,자전거,여,8세,상해없음,보행자,여,51세,경상
24356,2020072500100171,2020년 7월 25일 10시,토요일,서울특별시 성동구 금호동1가,경상사고,0,0,1,0,차대사람 - 횡단중,안전운전불이행,포장 - 건조,맑음,단일로 - 기타,승용,여,42세,상해없음,보행자,여,62세,경상
24357,2020072500100266,2020년 7월 25일 13시,토요일,서울특별시 관악구 신림동,중상사고,0,1,0,0,차대사람 - 횡단중,안전운전불이행,포장 - 건조,맑음,교차로 - 교차로안,승용,남,30세,상해없음,보행자,여,65세,중상
24358,2020072500100310,2020년 7월 25일 14시,토요일,서울특별시 성동구 응봉동,부상신고사고,0,0,0,1,차대사람 - 기타,교차로운행방법위반,포장 - 건조,맑음,교차로 - 교차로부근,승합,남,48세,상해없음,보행자,남,60세,부상신고
24359,2020072500100311,2020년 7월 25일 14시,토요일,서울특별시 강동구 암사동,경상사고,0,0,1,0,차대사람 - 기타,보행자보호의무위반,포장 - 건조,맑음,교차로 - 교차로안,승용,여,58세,상해없음,보행자,남,17세,경상
24360,2020072500100312,2020년 7월 25일 14시,토요일,서울특별시 성북구 장위동,중상사고,0,1,0,0,차대사람 - 기타,기타,포장 - 건조,맑음,단일로 - 기타,승합,남,56세,상해없음,보행자,남,54세,중상
24361,2020072500100344,2020년 7월 25일 15시,토요일,서울특별시 동대문구 용두동,경상사고,0,0,1,0,차대사람 - 기타,안전운전불이행,포장 - 건조,맑음,단일로 - 기타,승합,남,57세,상해없음,보행자,여,67세,경상
24362,2020072500100346,2020년 7월 25일 15시,토요일,서울특별시 강남구 삼성동,경상사고,0,0,1,0,차대사람 - 기타,안전운전불이행,포장 - 건조,기타,단일로 - 기타,이륜,남,20세,상해없음,보행자,남,67세,경상
24363,2020072500100384,2020년 7월 25일 16시,토요일,서울특별시 중랑구 면목동,경상사고,0,0,1,0,차대사람 - 기타,보행자보호의무위반,포장 - 건조,맑음,단일로 - 기타,승용,남,23세,상해없음,보행자,여,61세,경상
24364,2020072500100386,2020년 7월 25일 16시,토요일,서울특별시 성북구 장위동,경상사고,0,0,1,0,차대사람 - 차도통행중,안전운전불이행,포장 - 건조,맑음,교차로 - 교차로안,승용,남,56세,상해없음,보행자,여,61세,경상
24365,2020072500100417,2020년 7월 25일 17시,토요일,서울특별시 관악구 봉천동,중상사고,0,1,0,0,차대사람 - 횡단중,안전운전불이행,포장 - 건조,맑음,교차로 - 교차로안,자전거,남,71세,상해없음,보행자,여,62세,중상
24366,2020072500100420,2020년 7월 25일 17시,토요일,서울특별시 노원구 중계동,중상사고,0,1,0,0,차대사람 - 횡단중,안전운전불이행,포장 - 건조,맑음,단일로 - 기타,승용,남,70세,상해없음,보행자,남,13세,중상
24367,2020072500100488,2020년 7월 25일 19시,토요일,서울특별시 강북구 미아동,경상사고,0,0,1,0,차대사람 - 기타,기타,포장 - 건조,맑음,단일로 - 기타,승용,남,60세,상해없음,보행자,남,50세,경상
24368,2020072500100489,2020년 7월 25일 19시,토요일,서울특별시 금천구 독산동,경상사고,0,0,1,0,차대사람 - 횡단중,안전운전불이행,포장 - 건조,맑음,단일로 - 기타,승용,남,71세,상해없음,보행자,여,60세,경상
24369,2020072500100491,2020년 7월 25일 19시,토요일,서울특별시 관악구 신림동,경상사고,0,0,1,0,차대사람 - 횡단중,안전운전불이행,포장 - 건조,맑음,교차로 - 교차로부근,승합,남,55세,상해없음,보행자,남,51세,경상
24370,2020072500100492,2020년 7월 25일 19시,토요일,서울특별시 강동구 천호동,경상사고,0,0,1,0,차대사람 - 차도통행중,안전운전불이행,포장 - 건조,맑음,단일로 - 기타,승용,남,37세,상해없음,보행자,남,53세,경상
24371,2020072500100520,2020년 7월 25일 20시,토요일,서울특별시 종로구 숭인동,경상사고,0,0,1,0,차대사람 - 보도통행중,안전운전불이행,포장 - 건조,맑음,기타 - 기타,기타불명,기타불명,미분류,기타불명,보행자,남,54세,경상
24372,2020072500100567,2020년 7월 25일 21시,토요일,서울특별시 성북구 장위동,경상사고,0,0,1,0,차대사람 - 횡단중,신호위반,포장 - 건조,맑음,교차로 - 교차로횡단보도내,이륜,남,57세,상해없음,보행자,여,54세,경상
24373,2020072500100569,2020년 7월 25일 21시,토요일,서울특별시 양천구 목동,중상사고,0,1,0,0,차대사람 - 횡단중,신호위반,포장 - 건조,맑음,단일로 - 기타,화물,남,54세,상해없음,보행자,여,15세,중상
24374,2020072500100589,2020년 7월 25일 22시,토요일,서울특별시 용산구 이태원동,경상사고,0,0,1,0,차대사람 - 기타,안전운전불이행,포장 - 건조,맑음,기타 - 기타,승용,남,25세,상해없음,보행자,여,25세,경상
24375,2020072500100590,2020년 7월 25일 22시,토요일,서울특별시 영등포구 양평동2가,경상사고,0,0,1,0,차대사람 - 보도통행중,기타,포장 - 건조,맑음,단일로 - 기타,자전거,여,28세,상해없음,보행자,남,62세,경상
24376,2020072500100592,2020년 7월 25일 22시,토요일,서울특별시 강서구 화곡동,경상사고,0,0,1,0,차대사람 - 기타,안전운전불이행,포장 - 건조,맑음,단일로 - 기타,승용,남,61세,상해없음,보행자,남,27세,경상
24377,2020072500100596,2020년 7월 25일 22시,토요일,서울특별시 노원구 공릉동,경상사고,0,0,1,0,차대사람 - 기타,안전운전불이행,포장 - 젖음/습기,흐림,기타 - 기타,승합,남,56세,상해없음,보행자,남,47세,경상
24378,2020072500100621,2020년 7월 25일 23시,토요일,서울특별시 동작구 상도동,경상사고,0,0,1,0,차대사람 - 기타,안전운전불이행,포장 - 건조,맑음,단일로 - 기타,승용,남,58세,상해없음,보행자,남,56세,경상
24379,2020072600100002,2020년 7월 26일 00시,일요일,서울특별시 마포구 서교동,부상신고사고,0,0,0,2,차대사람 - 기타,안전운전불이행,포장 - 건조,맑음,단일로 - 기타,승용,남,68세,부상신고,보행자,남,25세,부상신고
24380,2020072600100003,2020년 7월 26일 00시,일요일,서울특별시 강남구 신사동,경상사고,0,0,1,0,차대사람 - 기타,안전운전불이행,포장 - 건조,맑음,교차로 - 교차로부근,승용,남,58세,상해없음,보행자,남,25세,경상
24381,2020072600100023,2020년 7월 26일 01시,일요일,서울특별시 강남구 대치동,경상사고,0,0,1,0,차대사람 - 기타,안전운전불이행,포장 - 건조,맑음,단일로 - 기타,승용,남,61세,상해없음,보행자,남,33세,경상
24382,2020072600100033,2020년 7월 26일 02시,일요일,서울특별시 서초구 반포동,경상사고,0,0,1,0,차대사람 - 기타,안전운전불이행,포장 - 건조,맑음,단일로 - 기타,승용,남,39세,상해없음,보행자,남,33세,경상
24383,2020072600100053,2020년 7월 26일 04시,일요일,서울특별시 중랑구 신내동,경상사고,0,0,1,0,차대사람 - 기타,보행자보호의무위반,포장 - 건조,기타,교차로 - 교차로횡단보도내,기타불명,기타불명,미분류,기타불명,보행자,여,32세,경상
24384,2020072600100155,2020년 7월 26일 12시,일요일,서울특별시 성동구 마장동,중상사고,0,1,0,0,차대사람 - 보도통행중,안전운전불이행,포장 - 건조,맑음,단일로 - 기타,이륜,남,59세,상해없음,보행자,남,52세,중상
24385,2020072600100156,2020년 7월 26일 12시,일요일,서울특별시 성동구 마장동,중상사고,0,1,0,0,차대사람 - 기타,안전운전불이행,포장 - 건조,맑음,기타 - 기타,승용,여,67세,상해없음,보행자,여,63세,중상
24386,2020072600100209,2020년 7월 26일 14시,일요일,서울특별시 마포구 서교동,경상사고,0,0,1,0,차대사람 - 기타,안전운전불이행,포장 - 건조,맑음,교차로 - 교차로부근,승용,남,40세,상해없음,보행자,여,21세,경상
24387,2020072600100210,2020년 7월 26일 14시,일요일,서울특별시 관악구 봉천동,경상사고,0,0,1,0,차대사람 - 기타,안전운전불이행,포장 - 젖음/습기,흐림,단일로 - 기타,승용,남,65세,상해없음,보행자,남,43세,경상
24388,2020072600100246,2020년 7월 26일 15시,일요일,서울특별시 영등포구 여의도동,경상사고,0,0,1,0,차대사람 - 보도통행중,안전운전불이행,포장 - 건조,맑음,단일로 - 기타,자전거,남,43세,상해없음,보행자,남,74세,경상
24389,2020072600100249,2020년 7월 26일 15시,일요일,서울특별시 양천구 신월동,경상사고,0,0,1,0,차대사람 - 기타,안전운전불이행,포장 - 건조,맑음,기타 - 기타,승용,남,55세,상해없음,보행자,남,30세,경상
24390,2020072600100283,2020년 7월 26일 16시,일요일,서울특별시 마포구 망원동,경상사고,0,0,1,0,차대사람 - 횡단중,안전운전불이행,포장 - 건조,맑음,교차로 - 교차로안,이륜,남,27세,상해없음,보행자,여,21세,경상
24391,2020072600100316,2020년 7월 26일 17시,일요일,서울특별시 강동구 암사동,중상사고,0,1,0,0,차대사람 - 보도통행중,안전운전불이행,포장 - 건조,맑음,단일로 - 기타,승용,남,49세,상해없음,보행자,남,73세,중상
24392,2020072600100391,2020년 7월 26일 20시,일요일,서울특별시 송파구 가락동,중상사고,0,1,0,0,차대사람 - 차도통행중,안전운전불이행,포장 - 건조,흐림,단일로 - 기타,승용,남,38세,상해없음,보행자,남,49세,중상
24393,2020072600100392,2020년 7월 26일 20시,일요일,서울특별시 구로구 개봉동,경상사고,0,0,1,0,차대사람 - 기타,안전운전불이행,포장 - 건조,기타,단일로 - 기타,승용,남,30세,상해없음,보행자,남,66세,경상
24394,2020072600100429,2020년 7월 26일 22시,일요일,서울특별시 서초구 반포동,중상사고,0,1,0,0,차대사람 - 보도통행중,기타,포장 - 젖음/습기,흐림,기타 - 기타,이륜,남,53세,상해없음,보행자,여,26세,중상