,사고번호,사고일시,요일,시군구,사고내용,사망자수,중상자수,경상자수,부상신고자수,사고유형,법규위반,노면상태,기상상태,도로형태,가해운전자 차종,가해운전자 성별,가해운전자 연령,가해운전자 상해정도,피해운전자 차종,피해운전자 성별,피해운전자 연령,피해운전자 상해정도
24395,2020072600100438,2020년 7월 26일 23시,일요일,서울특별시 광진구 구의동,경상사고,0,0,1,0,차대사람 - 기타,보행자보호의무위반,포장 - 건조,맑음,교차로 - 교차로횡단보도내,원동기,남,22세,상해없음,보행자,남,29세,경상
24396,2020072600100439,2020년 7월 26일 23시,일요일,서울특별시 강동구 천호동,경상사고,0,0,1,0,차대사람 - 기타,안전운전불이행,포장 - 젖음/습기,비,단일로 - 기타,승합,남,52세,상해없음,보행자,남,64세,경상
24397,2020072600100441,2020년 7월 26일 23시,일요일,서울특별시 양천구 신월동,중상사고,0,1,0,0,차대사람 - 기타,안전운전불이행,포장 - 건조,맑음,교차로 - 교차로안,승용,남,74세,상해없음,보행자,여,23세,중상
24398,2020072700100029,2020년 7월 27일 05시,월요일,서울특별시 중구 태평로2가,경상사고,0,0,1,0,차대사람 - 보도통행중,기타,포장 - 건조,맑음,기타 - 기타,자전거,남,25세,기타불명,보행자,남,62세,경상
24399,2020072700100157,2020년 7월 27일 10시,월요일,서울특별시 마포구 서교동,중상사고,0,1,0,0,차대사람 - 기타,보행자보호의무위반,포장 - 젖음/습기,비,교차로 - 교차로안,승합,남,71세,상해없음,보행자,여,67세,중상
24400,2020072700100158,2020년 7월 27일 10시,월요일,서울특별시 관악구 봉천동,경상사고,0,0,1,0,차대사람 - 기타,안전운전불이행,포장 - 건조,흐림,단일로 - 기타,승용,여,54세,상해없음,보행자,남,87세,경상
24401,2020072700100160,2020년 7월 27일 10시,월요일,서울특별시 송파구 방이동,중상사고,0,1,0,0,차대사람 - 기타,안전운전불이행,포장 - 젖음/습기,비,교차로 - 교차로안,승용,남,31세,상해없음,보행자,여,71세,중상
24402,2020072700100161,2020년 7월 27일 10시,월요일,서울특별시 구로구 오류동,중상사고,0,1,0,0,차대사람 - 차도통행중,안전운전불이행,포장 - 젖음/습기,흐림,교차로 - 교차로부근,이륜,남,42세,상해없음,보행자,여,72세,중상
24403,2020072700100162,2020년 7월 27일 10시,월요일,서울특별시 구로구 고척동,경상사고,0,0,1,0,차대사람 - 보도통행중,보행자보호의무위반,포장 - 젖음/습기,비,교차로 - 교차로횡단보도내,화물,남,61세,상해없음,보행자,남,70세,경상
24404,2020072700100188,2020년 7월 27일 11시,월요일,서울특별시 영등포구 양평동1가,경상사고,0,0,1,0,차대사람 - 기타,안전운전불이행,포장 - 젖음/습기,비,단일로 - 기타,특수,남,45세,상해없음,보행자,여,76세,경상
24405,2020072700100259,2020년 7월 27일 13시,월요일,서울특별시 중구 남창동,부상신고사고,0,0,0,1,차대사람 - 기타,안전운전불이행,포장 - 젖음/습기,비,단일로 - 기타,승용,여,72세,상해없음,보행자,여,66세,부상신고
24406,2020072700100260,2020년 7월 27일 13시,월요일,서울특별시 중구 다동,경상사고,0,0,1,0,차대사람 - 기타,안전운전불이행,포장 - 젖음/습기,비,단일로 - 기타,승용,남,60세,기타불명,보행자,남,26세,경상
24407,2020072700100303,2020년 7월 27일 14시,월요일,서울특별시 강서구 화곡동,중상사고,0,1,0,0,차대사람 - 보도통행중,안전운전불이행,포장 - 건조,맑음,단일로 - 기타,승용,여,46세,상해없음,보행자,여,76세,중상
24408,2020072700100304,2020년 7월 27일 14시,월요일,서울특별시 강서구 화곡동,부상신고사고,0,0,0,1,차대사람 - 횡단중,안전운전불이행,포장 - 젖음/습기,비,단일로 - 기타,승용,남,51세,상해없음,보행자,남,52세,부상신고
24409,2020072700100344,2020년 7월 27일 15시,월요일,서울특별시 양천구 목동,중상사고,0,1,0,0,차대사람 - 횡단중,안전운전불이행,포장 - 건조,맑음,교차로 - 교차로횡단보도내,승용,남,41세,상해없음,보행자,남,52세,중상
24410,2020072700100385,2020년 7월 27일 16시,월요일,서울특별시 서초구 양재동,중상사고,0,1,0,0,차대사람 - 기타,보행자보호의무위반,포장 - 건조,맑음,교차로 - 교차로횡단보도내,승용,여,38세,상해없음,보행자,여,31세,중상
24411,2020072700100414,2020년 7월 27일 17시,월요일,서울특별시 동대문구 용두동,경상사고,0,0,1,0,차대사람 - 횡단중,보행자보호의무위반,포장 - 건조,맑음,교차로 - 교차로횡단보도내,승용,여,33세,기타불명,보행자,여,63세,경상
24412,2020072700100417,2020년 7월 27일 17시,월요일,서울특별시 강남구 논현동,경상사고,0,0,1,0,차대사람 - 기타,보행자보호의무위반,포장 - 건조,맑음,단일로 - 기타,개인형이동수단(PM),여,19세,상해없음,보행자,남,47세,경상
24413,2020072700100461,2020년 7월 27일 18시,월요일,서울특별시 강동구 둔촌동,중상사고,0,1,0,0,차대사람 - 횡단중,보행자보호의무위반,포장 - 건조,맑음,교차로 - 교차로부근,승용,남,28세,상해없음,보행자,남,11세,중상
24414,2020072700100462,2020년 7월 27일 18시,월요일,서울특별시 은평구 역촌동,경상사고,0,0,1,0,차대사람 - 기타,안전운전불이행,포장 - 건조,맑음,교차로 - 교차로부근,승용,여,47세,상해없음,보행자,남,6세,경상
24415,2020072700100521,2020년 7월 27일 20시,월요일,서울특별시 서대문구 북가좌동,중상사고,0,1,0,0,차대사람 - 횡단중,안전운전불이행,포장 - 건조,흐림,교차로 - 교차로안,이륜,남,66세,상해없음,보행자,여,45세,중상
24416,2020072700100582,2020년 7월 27일 22시,월요일,서울특별시 영등포구 당산동6가,경상사고,0,0,1,0,차대사람 - 기타,안전운전불이행,포장 - 건조,맑음,단일로 - 기타,승용,남,56세,상해없음,보행자,남,58세,경상
24417,2020072700100603,2020년 7월 27일 23시,월요일,서울특별시 영등포구 영등포동3가,경상사고,0,0,1,0,차대사람 - 기타,보행자보호의무위반,포장 - 건조,맑음,단일로 - 기타,승용,남,27세,기타불명,보행자,남,34세,경상
24418,2020072800100002,2020년 7월 28일 00시,화요일,서울특별시 영등포구 신길동,중상사고,0,2,0,0,차대사람 - 횡단중,신호위반,포장 - 건조,맑음,교차로 - 교차로안,승용,남,59세,상해없음,보행자,남,64세,중상
24419,2020072800100003,2020년 7월 28일 00시,화요일,서울특별시 관악구 신림동,경상사고,0,0,1,0,차대사람 - 횡단중,보행자보호의무위반,포장 - 건조,맑음,교차로 - 교차로안,승용,남,68세,상해없음,보행자,남,34세,경상
24420,2020072800100017,2020년 7월 28일 01시,화요일,서울특별시 서초구 잠원동,중상사고,0,1,0,0,차대사람 - 횡단중,과속,포장 - 건조,맑음,단일로 - 기타,승용,남,52세,상해없음,보행자,여,27세,중상
24421,2020072800100023,2020년 7월 28일 02시,화요일,서울특별시 영등포구 도림동,경상사고,0,0,1,0,차대사람 - 기타,안전운전불이행,포장 - 젖음/습기,흐림,단일로 - 기타,승용,남,68세,상해없음,보행자,남,25세,경상
24422,2020072800100166,2020년 7월 28일 11시,화요일,서울특별시 도봉구 쌍문동,중상사고,0,1,0,0,차대사람 - 횡단중,안전운전불이행,포장 - 건조,맑음,단일로 - 기타,승합,남,53세,상해없음,보행자,여,73세,중상
24423,2020072800100187,2020년 7월 28일 12시,화요일,서울특별시 종로구 연건동,중상사고,0,1,0,0,차대사람 - 횡단중,보행자보호의무위반,포장 - 건조,맑음,교차로 - 교차로안,승합,남,59세,상해없음,보행자,여,78세,중상
24424,2020072800100189,2020년 7월 28일 12시,화요일,서울특별시 관악구 남현동,부상신고사고,0,0,0,1,차대사람 - 횡단중,안전운전불이행,포장 - 건조,맑음,교차로 - 교차로안,화물,남,28세,상해없음,보행자,남,58세,부상신고
24425,2020072800100267,2020년 7월 28일 15시,화요일,서울특별시 중랑구 면목동,중상사고,0,1,0,1,차대사람 - 횡단중,안전운전불이행,포장 - 건조,흐림,단일로 - 기타,이륜,남,75세,부상신고,보행자,남,80세,중상
24426,2020072800100268,2020년 7월 28일 15시,화요일,서울특별시 강남구 역삼동,경상사고,0,0,1,0,차대사람 - 길가장자리구역통행중,보행자보호의무위반,포장 - 건조,맑음,교차로 - 교차로부근,승용,여,31세,상해없음,보행자,여,14세,경상
24427,2020072800100306,2020년 7월 28일 16시,화요일,서울특별시 관악구 신림동,경상사고,0,0,1,0,차대사람 - 보도통행중,기타,포장 - 젖음/습기,맑음,단일로 - 기타,승용,여,37세,상해없음,보행자,남,38세,경상
24428,2020072800100340,2020년 7월 28일 17시,화요일,서울특별시 도봉구 도봉동,경상사고,0,0,1,0,차대사람 - 차도통행중,안전운전불이행,포장 - 건조,흐림,단일로 - 기타,승용,남,49세,상해없음,보행자,남,53세,경상
24429,2020072800100379,2020년 7월 28일 18시,화요일,서울특별시 마포구 동교동,부상신고사고,0,0,0,1,차대사람 - 기타,안전운전불이행,포장 - 건조,맑음,단일로 - 기타,개인형이동수단(PM),여,23세,상해없음,보행자,여,26세,부상신고
24430,2020072800100381,2020년 7월 28일 18시,화요일,서울특별시 동작구 노량진동,경상사고,0,0,1,0,차대사람 - 보도통행중,기타,포장 - 젖음/습기,비,교차로 - 교차로부근,이륜,남,28세,상해없음,보행자,여,40세,경상
24431,2020072800100382,2020년 7월 28일 18시,화요일,서울특별시 관악구 신림동,중상사고,0,1,0,0,차대사람 - 기타,안전운전불이행,포장 - 건조,맑음,단일로 - 기타,화물,남,62세,상해없음,보행자,여,64세,중상
24432,2020072800100432,2020년 7월 28일 19시,화요일,서울특별시 동대문구 전농동,중상사고,0,1,0,0,차대사람 - 기타,기타,포장 - 건조,맑음,단일로 - 기타,승합,남,36세,상해없음,보행자,남,65세,중상
24433,2020072800100435,2020년 7월 28일 19시,화요일,서울특별시 강서구 등촌동,경상사고,0,0,1,0,차대사람 - 기타,안전운전불이행,포장 - 건조,맑음,단일로 - 기타,승용,남,60세,상해없음,보행자,여,28세,경상
24434,2020072800100440,2020년 7월 28일 19시,화요일,서울특별시 노원구 상계동,경상사고,0,0,1,0,차대사람 - 횡단중,보행자보호의무위반,포장 - 젖음/습기,맑음,교차로 - 교차로횡단보도내,승합,남,64세,상해없음,보행자,여,60세,경상
24435,2020072800100473,2020년 7월 28일 20시,화요일,서울특별시 마포구 동교동,경상사고,0,0,1,0,차대사람 - 횡단중,보행자보호의무위반,포장 - 건조,맑음,교차로 - 교차로횡단보도내,승용,여,48세,기타불명,보행자,여,37세,경상
24436,2020072800100474,2020년 7월 28일 20시,화요일,서울특별시 중랑구 망우동,부상신고사고,0,0,0,1,차대사람 - 기타,안전운전불이행,포장 - 젖음/습기,흐림,단일로 - 기타,기타불명,기타불명,미분류,기타불명,보행자,남,46세,부상신고
24437,2020072800100476,2020년 7월 28일 20시,화요일,서울특별시 도봉구 쌍문동,경상사고,0,0,1,0,차대사람 - 기타,안전운전불이행,포장 - 건조,맑음,단일로 - 기타,자전거,남,57세,상해없음,보행자,남,5세,경상
24438,2020072800100517,2020년 7월 28일 21시,화요일,서울특별시 마포구 도화동,경상사고,0,0,1,0,차대사람 - 차도통행중,보행자보호의무위반,포장 - 젖음/습기,흐림,교차로 - 교차로안,승용,남,71세,상해없음,보행자,남,46세,경상
24439,2020072800100520,2020년 7월 28일 21시,화요일,서울특별시 강서구 화곡동,경상사고,0,0,1,0,차대사람 - 횡단중,보행자보호의무위반,포장 - 건조,맑음,교차로 - 교차로안,화물,남,59세,상해없음,보행자,남,50세,경상
24440,2020072900100002,2020년 7월 29일 00시,수요일,서울특별시 용산구 한남동,중상사고,0,1,0,0,차대사람 - 보도통행중,기타,포장 - 젖음/습기,비,단일로 - 기타,개인형이동수단(PM),남,16세,상해없음,보행자,남,28세,중상
24441,2020072900100031,2020년 7월 29일 02시,수요일,서울특별시 중랑구 망우동,중상사고,0,1,0,1,차대사람 - 횡단중,신호위반,포장 - 젖음/습기,비,단일로 - 기타,이륜,남,16세,부상신고,보행자,여,21세,중상
24442,2020072900100044,2020년 7월 29일 03시,수요일,서울특별시 강북구 수유동,경상사고,0,0,1,0,차대사람 - 횡단중,신호위반,포장 - 젖음/습기,흐림,단일로 - 기타,이륜,남,22세,상해없음,보행자,남,28세,경상
24443,2020072900100062,2020년 7월 29일 05시,수요일,서울특별시 성동구 행당동,중상사고,0,1,0,0,차대사람 - 기타,안전운전불이행,포장 - 젖음/습기,비,단일로 - 기타,이륜,여,21세,상해없음,보행자,남,76세,중상
24444,2020072900100131,2020년 7월 29일 09시,수요일,서울특별시 도봉구 방학동,경상사고,0,0,1,0,차대사람 - 횡단중,보행자보호의무위반,포장 - 젖음/습기,비,교차로 - 교차로횡단보도내,승용,남,40세,상해없음,보행자,여,45세,경상
24445,2020072900100181,2020년 7월 29일 11시,수요일,서울특별시 종로구 관수동,경상사고,0,0,1,0,차대사람 - 차도통행중,안전운전불이행,포장 - 젖음/습기,비,단일로 - 기타,화물,남,57세,상해없음,보행자,남,67세,경상
24446,2020072900100262,2020년 7월 29일 13시,수요일,서울특별시 관악구 봉천동,부상신고사고,0,0,0,1,차대사람 - 차도통행중,안전운전불이행,포장 - 건조,맑음,교차로 - 교차로안,승용,여,61세,상해없음,보행자,남,65세,부상신고
24447,2020072900100264,2020년 7월 29일 13시,수요일,서울특별시 은평구 구산동,부상신고사고,0,0,0,1,차대사람 - 기타,안전운전불이행,포장 - 젖음/습기,비,단일로 - 기타,화물,남,50세,상해없음,보행자,여,53세,부상신고
24448,2020072900100323,2020년 7월 29일 15시,수요일,서울특별시 강북구 번동,중상사고,0,1,0,0,차대사람 - 횡단중,안전운전불이행,포장 - 젖음/습기,비,교차로 - 교차로부근,승합,남,58세,상해없음,보행자,남,27세,중상
24449,2020072900100358,2020년 7월 29일 16시,수요일,서울특별시 중구 남창동,경상사고,0,0,1,0,차대사람 - 기타,안전운전불이행,포장 - 건조,맑음,기타 - 기타,승용,남,64세,상해없음,보행자,여,64세,경상
24450,2020072900100359,2020년 7월 29일 16시,수요일,서울특별시 영등포구 양평동1가,경상사고,0,0,1,0,차대사람 - 길가장자리구역통행중,보행자보호의무위반,포장 - 젖음/습기,흐림,기타 - 기타,승용,남,37세,상해없음,보행자,남,9세,경상
24451,2020072900100365,2020년 7월 29일 16시,수요일,서울특별시 강남구 역삼동,경상사고,0,0,1,0,차대사람 - 기타,안전운전불이행,포장 - 건조,맑음,교차로 - 교차로안,승용,남,63세,상해없음,보행자,여,22세,경상
24452,2020072900100392,2020년 7월 29일 17시,수요일,서울특별시 영등포구 신길동,경상사고,0,0,1,0,차대사람 - 기타,보행자보호의무위반,포장 - 젖음/습기,비,교차로 - 교차로안,승용,남,67세,상해없음,보행자,여,63세,경상
24453,2020072900100397,2020년 7월 29일 17시,수요일,서울특별시 도봉구 창동,중상사고,0,1,0,0,차대사람 - 횡단중,안전운전불이행,포장 - 젖음/습기,비,교차로 - 교차로횡단보도내,승용,여,49세,상해없음,보행자,여,66세,중상
24454,2020072900100428,2020년 7월 29일 18시,수요일,서울특별시 강남구 논현동,경상사고,0,0,1,0,차대사람 - 보도통행중,기타,포장 - 젖음/습기,비,기타 - 기타,승용,남,50세,상해없음,보행자,여,53세,경상
24455,2020072900100432,2020년 7월 29일 18시,수요일,서울특별시 구로구 구로동,경상사고,0,0,1,0,차대사람 - 기타,안전운전불이행,포장 - 건조,맑음,단일로 - 기타,승용,남,51세,상해없음,보행자,남,49세,경상
24456,2020072900100466,2020년 7월 29일 19시,수요일,서울특별시 강남구 삼성동,경상사고,0,0,1,0,차대사람 - 보도통행중,보행자보호의무위반,포장 - 젖음/습기,비,교차로 - 교차로횡단보도내,승용,남,32세,상해없음,보행자,남,28세,경상
24457,2020072900100467,2020년 7월 29일 19시,수요일,서울특별시 구로구 오류동,중상사고,0,1,0,0,차대사람 - 횡단중,안전운전불이행,포장 - 건조,맑음,교차로 - 교차로안,승용,남,71세,상해없음,보행자,여,78세,중상
24458,2020072900100553,2020년 7월 29일 22시,수요일,서울특별시 양천구 신정동,경상사고,0,0,1,0,차대사람 - 차도통행중,안전운전불이행,포장 - 젖음/습기,흐림,단일로 - 기타,승용,남,63세,상해없음,보행자,여,27세,경상
24459,2020072900100554,2020년 7월 29일 22시,수요일,서울특별시 강남구 수서동,경상사고,0,0,1,0,차대사람 - 횡단중,안전운전불이행,포장 - 젖음/습기,비,교차로 - 교차로횡단보도내,승용,남,34세,상해없음,보행자,여,28세,경상
24460,2020072900100575,2020년 7월 29일 23시,수요일,서울특별시 광진구 자양동,경상사고,0,0,2,0,차대사람 - 기타,안전운전불이행,포장 - 건조,맑음,단일로 - 기타,승용,남,36세,상해없음,보행자,남,37세,경상
24461,2020072900100579,2020년 7월 29일 23시,수요일,서울특별시 서초구 서초동,경상사고,0,0,1,0,차대사람 - 횡단중,보행자보호의무위반,포장 - 건조,맑음,교차로 - 교차로부근,승용,남,58세,상해없음,보행자,남,59세,경상
24462,2020072900100580,2020년 7월 29일 23시,수요일,서울특별시 노원구 월계동,중상사고,0,1,0,0,차대사람 - 기타,안전운전불이행,포장 - 건조,맑음,단일로 - 기타,승합,남,65세,상해없음,보행자,여,29세,중상
24463,2020073000100036,2020년 7월 30일 02시,목요일,서울특별시 관악구 신림동,중상사고,0,1,0,0,차대사람 - 횡단중,신호위반,포장 - 젖음/습기,흐림,교차로 - 교차로안,이륜,남,20세,상해없음,보행자,여,22세,중상
24464,2020073000100073,2020년 7월 30일 07시,목요일,서울특별시 영등포구 영등포동,중상사고,0,1,0,0,차대사람 - 기타,안전운전불이행,포장 - 건조,맑음,단일로 - 기타,승용,남,43세,상해없음,보행자,남,48세,중상
24465,2020073000100074,2020년 7월 30일 07시,목요일,서울특별시 중랑구 신내동,경상사고,0,0,1,0,차대사람 - 횡단중,안전운전불이행,포장 - 건조,맑음,단일로 - 기타,승용,남,52세,상해없음,보행자,여,17세,경상
24466,2020073000100096,2020년 7월 30일 08시,목요일,서울특별시 금천구 시흥동,경상사고,0,0,1,0,차대사람 - 기타,안전운전불이행,포장 - 젖음/습기,흐림,교차로 - 교차로횡단보도내,승용,남,34세,상해없음,보행자,남,18세,경상
24467,2020073000100097,2020년 7월 30일 08시,목요일,서울특별시 중랑구 신내동,경상사고,0,0,1,0,차대사람 - 기타,보행자보호의무위반,포장 - 건조,맑음,교차로 - 교차로횡단보도내,승용,여,36세,상해없음,보행자,여,58세,경상
24468,2020073000100168,2020년 7월 30일 11시,목요일,서울특별시 관악구 봉천동,경상사고,0,0,1,0,차대사람 - 기타,안전운전불이행,포장 - 건조,맑음,단일로 - 기타,화물,남,55세,상해없음,보행자,남,50세,경상
24469,2020073000100169,2020년 7월 30일 11시,목요일,서울특별시 강남구 신사동,중상사고,0,1,0,0,차대사람 - 횡단중,안전운전불이행,포장 - 기타,맑음,단일로 - 기타,승용,여,71세,상해없음,보행자,여,32세,중상
24470,2020073000100172,2020년 7월 30일 11시,목요일,서울특별시 노원구 중계동,경상사고,0,0,1,0,차대사람 - 횡단중,보행자보호의무위반,포장 - 건조,맑음,교차로 - 교차로안,승용,여,63세,상해없음,보행자,남,59세,경상
24471,2020073000100195,2020년 7월 30일 12시,목요일,서울특별시 성북구 동선동4가,중상사고,0,1,0,0,차대사람 - 차도통행중,안전운전불이행,포장 - 건조,맑음,교차로 - 교차로부근,화물,남,30세,상해없음,보행자,여,46세,중상
24472,2020073000100202,2020년 7월 30일 12시,목요일,서울특별시 송파구 방이동,경상사고,0,0,1,0,차대사람 - 기타,안전운전불이행,포장 - 건조,맑음,단일로 - 기타,승용,여,49세,상해없음,보행자,남,63세,경상
24473,2020073000100238,2020년 7월 30일 13시,목요일,서울특별시 서초구 서초동,중상사고,0,1,1,0,차대사람 - 기타,안전운전불이행,포장 - 건조,맑음,단일로 - 기타,자전거,남,64세,경상,보행자,여,29세,중상
24474,2020073000100276,2020년 7월 30일 14시,목요일,서울특별시 광진구 중곡동,경상사고,0,0,1,0,차대사람 - 차도통행중,신호위반,포장 - 건조,맑음,기타 - 기타,승용,남,54세,상해없음,보행자,여,37세,경상
24475,2020073000100422,2020년 7월 30일 18시,목요일,서울특별시 관악구 봉천동,경상사고,0,0,1,0,차대사람 - 길가장자리구역통행중,안전운전불이행,포장 - 건조,맑음,단일로 - 기타,승용,남,62세,기타불명,보행자,여,56세,경상
24476,2020073000100463,2020년 7월 30일 19시,목요일,서울특별시 송파구 잠실동,경상사고,0,0,1,0,차대사람 - 횡단중,안전운전불이행,포장 - 건조,흐림,교차로 - 교차로횡단보도내,승용,남,55세,상해없음,보행자,남,8세,경상
24477,2020073000100536,2020년 7월 30일 21시,목요일,서울특별시 서대문구 홍은동,경상사고,0,0,1,0,차대사람 - 기타,안전운전불이행,포장 - 건조,맑음,단일로 - 기타,승용,남,32세,상해없음,보행자,남,60세,경상
24478,2020073000100539,2020년 7월 30일 21시,목요일,서울특별시 관악구 봉천동,경상사고,0,0,1,0,차대사람 - 차도통행중,안전운전불이행,포장 - 건조,기타,교차로 - 교차로부근,개인형이동수단(PM),남,20세,상해없음,보행자,여,57세,경상
24479,2020073000100541,2020년 7월 30일 21시,목요일,서울특별시 송파구 잠실동,중상사고,0,1,0,0,차대사람 - 보도통행중,기타,포장 - 건조,맑음,단일로 - 기타,원동기,여,19세,상해없음,보행자,여,45세,중상
24480,2020073000100571,2020년 7월 30일 22시,목요일,서울특별시 중랑구 상봉동,중상사고,0,1,0,0,차대사람 - 기타,안전운전불이행,포장 - 건조,맑음,기타 - 기타,자전거,남,53세,기타불명,보행자,남,49세,중상
24481,2020073000100572,2020년 7월 30일 22시,목요일,서울특별시 강서구 화곡동,경상사고,0,0,1,0,차대사람 - 횡단중,안전운전불이행,포장 - 건조,맑음,단일로 - 기타,승용,여,30세,상해없음,보행자,여,51세,경상
24482,2020073000100575,2020년 7월 30일 22시,목요일,서울특별시 도봉구 쌍문동,중상사고,0,1,0,0,차대사람 - 횡단중,안전운전불이행,포장 - 건조,맑음,단일로 - 기타,원동기,남,33세,상해없음,보행자,남,76세,중상
24483,2020073100100001,2020년 7월 31일 00시,금요일,서울특별시 강남구 압구정동,중상사고,0,1,0,0,차대사람 - 기타,안전운전불이행,포장 - 건조,맑음,주차장 - 주차장,개인형이동수단(PM),여,16세,상해없음,보행자,여,54세,중상
24484,2020073100100027,2020년 7월 31일 02시,금요일,서울특별시 강남구 논현동,경상사고,0,0,1,0,차대사람 - 길가장자리구역통행중,안전운전불이행,포장 - 건조,맑음,단일로 - 기타,승용,남,60세,상해없음,보행자,남,26세,경상
24485,2020073100100038,2020년 7월 31일 03시,금요일,서울특별시 강동구 고덕동,경상사고,0,0,1,0,차대사람 - 차도통행중,안전운전불이행,포장 - 건조,맑음,단일로 - 기타,자전거,남,65세,상해없음,보행자,여,69세,경상
24486,2020073100100045,2020년 7월 31일 04시,금요일,서울특별시 양천구 신월동,경상사고,0,0,1,0,차대사람 - 기타,기타,포장 - 건조,맑음,기타 - 기타,승합,남,52세,상해없음,보행자,남,53세,경상
24487,2020073100100053,2020년 7월 31일 05시,금요일,서울특별시 강동구 고덕동,부상신고사고,0,0,0,1,차대사람 - 기타,안전운전불이행,포장 - 건조,맑음,교차로 - 교차로안,승용,남,51세,상해없음,보행자,여,88세,부상신고
24488,2020073100100061,2020년 7월 31일 06시,금요일,서울특별시 동대문구 장안동,경상사고,0,0,1,0,차대사람 - 횡단중,신호위반,포장 - 건조,맑음,교차로 - 교차로안,자전거,남,24세,상해없음,보행자,여,77세,경상
24489,2020073100100118,2020년 7월 31일 09시,금요일,서울특별시 서대문구 신촌동,중상사고,0,1,0,0,차대사람 - 기타,안전운전불이행,포장 - 건조,맑음,단일로 - 기타,승합,남,55세,상해없음,보행자,여,54세,중상
24490,2020073100100119,2020년 7월 31일 09시,금요일,서울특별시 강남구 삼성동,경상사고,0,0,1,0,차대사람 - 기타,신호위반,포장 - 건조,맑음,교차로 - 교차로부근,화물,남,46세,상해없음,보행자,남,22세,경상
24491,2020073100100122,2020년 7월 31일 09시,금요일,서울특별시 도봉구 쌍문동,중상사고,0,1,0,0,차대사람 - 기타,안전운전불이행,포장 - 건조,맑음,단일로 - 기타,자전거,남,67세,상해없음,보행자,여,45세,중상
24492,2020073100100161,2020년 7월 31일 11시,금요일,서울특별시 도봉구 방학동,중상사고,0,1,0,0,차대사람 - 횡단중,안전운전불이행,포장 - 건조,맑음,교차로 - 교차로안,승용,여,52세,상해없음,보행자,여,81세,중상
24493,2020073100100195,2020년 7월 31일 12시,금요일,서울특별시 중랑구 상봉동,중상사고,0,1,0,0,차대사람 - 차도통행중,안전운전불이행,포장 - 건조,맑음,교차로 - 교차로부근,승용,여,68세,상해없음,보행자,남,81세,중상
24494,2020073100100196,2020년 7월 31일 12시,금요일,서울특별시 중랑구 망우동,경상사고,0,0,1,0,차대사람 - 기타,안전운전불이행,포장 - 건조,맑음,교차로 - 교차로부근,승용,여,30세,상해없음,보행자,남,58세,경상
24495,2020073100100273,2020년 7월 31일 14시,금요일,서울특별시 서대문구 대신동,중상사고,0,1,0,0,차대사람 - 기타,보행자보호의무위반,포장 - 건조,맑음,단일로 - 기타,화물,남,59세,상해없음,보행자,여,19세,중상
24496,2020073100100321,2020년 7월 31일 15시,금요일,서울특별시 송파구 방이동,경상사고,0,0,1,0,차대사람 - 횡단중,신호위반,포장 - 건조,맑음,교차로 - 교차로횡단보도내,이륜,남,21세,상해없음,보행자,남,3세,경상
24497,2020073100100352,2020년 7월 31일 16시,금요일,서울특별시 성동구 금호동1가,경상사고,0,0,1,0,차대사람 - 기타,보행자보호의무위반,포장 - 건조,맑음,교차로 - 교차로횡단보도내,승용,남,68세,상해없음,보행자,여,75세,경상
24498,2020073100100396,2020년 7월 31일 17시,금요일,서울특별시 관악구 신림동,경상사고,0,0,1,0,차대사람 - 기타,안전운전불이행,포장 - 건조,맑음,단일로 - 기타,승합,남,41세,상해없음,보행자,남,18세,경상
24499,2020073100100397,2020년 7월 31일 17시,금요일,서울특별시 강동구 천호동,경상사고,0,0,1,0,차대사람 - 기타,안전운전불이행,포장 - 건조,맑음,단일로 - 기타,기타불명,기타불명,미분류,기타불명,보행자,남,18세,경상
24500,2020073100100400,2020년 7월 31일 17시,금요일,서울특별시 노원구 상계동,경상사고,0,0,1,0,차대사람 - 기타,안전운전불이행,포장 - 젖음/습기,맑음,교차로 - 교차로부근,승용,여,74세,상해없음,보행자,남,26세,경상
24501,2020073100100505,2020년 7월 31일 19시,금요일,서울특별시 은평구 역촌동,중상사고,0,1,0,0,차대사람 - 보도통행중,신호위반,포장 - 건조,흐림,교차로 - 교차로횡단보도내,자전거,남,24세,상해없음,보행자,여,48세,중상
24502,2020073100100545,2020년 7월 31일 20시,금요일,서울특별시 중랑구 면목동,중상사고,0,1,1,0,차대사람 - 횡단중,안전운전불이행,포장 - 건조,맑음,단일로 - 기타,이륜,남,44세,경상,보행자,여,58세,중상
24503,2020073100100575,2020년 7월 31일 21시,금요일,서울특별시 중랑구 묵동,경상사고,0,0,1,0,차대사람 - 기타,안전운전불이행,포장 - 건조,맑음,단일로 - 기타,화물,남,21세,상해없음,보행자,남,54세,경상
24504,2020073100100607,2020년 7월 31일 22시,금요일,서울특별시 강남구 청담동,경상사고,0,0,1,0,차대사람 - 보도통행중,안전운전불이행,포장 - 젖음/습기,비,기타 - 기타,자전거,남,55세,상해없음,보행자,여,52세,경상
24505,2020073100100613,2020년 7월 31일 22시,금요일,서울특별시 강남구 역삼동,경상사고,0,0,1,0,차대사람 - 길가장자리구역통행중,안전운전불이행,포장 - 젖음/습기,흐림,단일로 - 기타,승용,남,35세,상해없음,보행자,남,43세,경상
24506,2020080100100001,2020년 8월 1일 00시,토요일,서울특별시 송파구 방이동,경상사고,0,0,1,0,차대사람 - 차도통행중,안전운전불이행,포장 - 건조,맑음,교차로 - 교차로부근,승용,남,63세,상해없음,보행자,여,48세,경상