,사고번호,사고일시,요일,시군구,사고내용,사망자수,중상자수,경상자수,부상신고자수,사고유형,법규위반,노면상태,기상상태,도로형태,가해운전자 차종,가해운전자 성별,가해운전자 연령,가해운전자 상해정도,피해운전자 차종,피해운전자 성별,피해운전자 연령,피해운전자 상해정도
24846,2020081700100522,2020년 8월 17일 21시,월요일,서울특별시 송파구 가락동,경상사고,0,0,2,0,차대사람 - 기타,안전운전불이행,포장 - 건조,맑음,교차로 - 교차로횡단보도내,승용,남,70세,상해없음,보행자,여,53세,경상
24847,2020081700100524,2020년 8월 17일 21시,월요일,서울특별시 구로구 구로동,중상사고,0,1,0,0,차대사람 - 기타,신호위반,포장 - 건조,맑음,단일로 - 기타,승용,남,45세,기타불명,보행자,남,39세,중상
24848,2020081700100543,2020년 8월 17일 22시,월요일,서울특별시 동대문구 이문동,중상사고,0,1,0,0,차대사람 - 횡단중,안전운전불이행,포장 - 건조,맑음,교차로 - 교차로횡단보도내,승용,남,34세,상해없음,보행자,여,76세,중상
24849,2020081700100545,2020년 8월 17일 22시,월요일,서울특별시 중랑구 망우동,경상사고,0,0,2,0,차대사람 - 기타,안전운전불이행,포장 - 건조,흐림,단일로 - 기타,기타불명,기타불명,미분류,기타불명,보행자,남,46세,경상
24850,2020081700100560,2020년 8월 17일 23시,월요일,서울특별시 성동구 행당동,경상사고,0,0,1,0,차대사람 - 기타,안전운전불이행,포장 - 건조,맑음,단일로 - 기타,이륜,남,43세,상해없음,보행자,여,41세,경상
24851,2020081700100561,2020년 8월 17일 23시,월요일,서울특별시 성동구 마장동,경상사고,0,0,1,0,차대사람 - 차도통행중,안전운전불이행,포장 - 건조,맑음,단일로 - 기타,승용,남,49세,상해없음,보행자,여,48세,경상
24852,2020081700100562,2020년 8월 17일 23시,월요일,서울특별시 관악구 신림동,중상사고,0,1,0,0,차대사람 - 횡단중,보행자보호의무위반,포장 - 건조,맑음,교차로 - 교차로안,승용,남,69세,상해없음,보행자,여,23세,중상
24853,2020081800100001,2020년 8월 18일 00시,화요일,서울특별시 관악구 봉천동,중상사고,0,1,0,0,차대사람 - 차도통행중,안전운전불이행,포장 - 건조,맑음,단일로 - 기타,승용,남,47세,상해없음,보행자,남,60세,중상
24854,2020081800100002,2020년 8월 18일 00시,화요일,서울특별시 강서구 화곡동,경상사고,0,0,1,0,차대사람 - 기타,안전운전불이행,포장 - 건조,맑음,교차로 - 교차로부근,이륜,남,39세,상해없음,보행자,남,29세,경상
24855,2020081800100035,2020년 8월 18일 04시,화요일,서울특별시 강북구 수유동,경상사고,0,0,1,0,차대사람 - 기타,안전운전불이행,포장 - 건조,맑음,교차로 - 교차로안,화물,남,24세,상해없음,보행자,여,44세,경상
24856,2020081800100038,2020년 8월 18일 05시,화요일,서울특별시 구로구 오류동,부상신고사고,0,0,0,1,차대사람 - 차도통행중,안전운전불이행,포장 - 건조,맑음,단일로 - 기타,승용,여,70세,상해없음,보행자,여,72세,부상신고
24857,2020081800100080,2020년 8월 18일 08시,화요일,서울특별시 동작구 사당동,중상사고,0,1,0,0,차대사람 - 기타,안전운전불이행,포장 - 건조,맑음,단일로 - 기타,승합,남,69세,상해없음,보행자,남,67세,중상
24858,2020081800100121,2020년 8월 18일 09시,화요일,서울특별시 성동구 성수동1가,경상사고,0,0,1,0,차대사람 - 기타,안전운전불이행,포장 - 건조,맑음,교차로 - 교차로안,승용,남,58세,상해없음,보행자,여,88세,경상
24859,2020081800100124,2020년 8월 18일 09시,화요일,서울특별시 구로구 구로동,경상사고,0,0,1,0,차대사람 - 기타,안전운전불이행,포장 - 건조,맑음,교차로 - 교차로안,화물,남,59세,상해없음,보행자,여,77세,경상
24860,2020081800100151,2020년 8월 18일 10시,화요일,서울특별시 마포구 노고산동,중상사고,0,1,0,0,차대사람 - 기타,안전운전불이행,포장 - 건조,맑음,단일로 - 기타,화물,남,62세,상해없음,보행자,여,67세,중상
24861,2020081800100232,2020년 8월 18일 12시,화요일,서울특별시 동작구 상도동,경상사고,0,0,1,0,차대사람 - 기타,안전운전불이행,포장 - 건조,맑음,교차로 - 교차로안,승합,남,46세,상해없음,보행자,여,86세,경상
24862,2020081800100234,2020년 8월 18일 12시,화요일,서울특별시 관악구 봉천동,경상사고,0,0,1,0,차대사람 - 기타,안전운전불이행,포장 - 건조,맑음,단일로 - 기타,승용,남,55세,상해없음,보행자,여,22세,경상
24863,2020081800100556,2020년 8월 18일 19시,화요일,서울특별시 강동구 길동,경상사고,0,0,1,0,차대사람 - 차도통행중,보행자보호의무위반,포장 - 건조,맑음,단일로 - 기타,화물,남,35세,상해없음,보행자,남,49세,경상
24864,2020081800100588,2020년 8월 18일 20시,화요일,서울특별시 영등포구 영등포동,부상신고사고,0,0,0,1,차대사람 - 기타,보행자보호의무위반,포장 - 건조,맑음,교차로 - 교차로부근,화물,남,64세,상해없음,보행자,남,48세,부상신고
24865,2020081800100630,2020년 8월 18일 21시,화요일,서울특별시 강서구 내발산동,경상사고,0,0,1,0,차대사람 - 보도통행중,기타,포장 - 건조,맑음,단일로 - 기타,개인형이동수단(PM),여,46세,기타불명,보행자,여,30세,경상
24866,2020081800100679,2020년 8월 18일 23시,화요일,서울특별시 영등포구 신길동,경상사고,0,0,1,0,차대사람 - 기타,기타,포장 - 건조,맑음,기타 - 기타,개인형이동수단(PM),남,28세,상해없음,보행자,여,41세,경상
24867,2020081800100682,2020년 8월 18일 23시,화요일,서울특별시 강서구 개화동,중상사고,0,1,0,0,차대사람 - 차도통행중,기타,포장 - 건조,맑음,단일로 - 기타,승합,남,56세,상해없음,보행자,남,68세,중상
24868,2020081900100018,2020년 8월 19일 02시,수요일,서울특별시 서대문구 남가좌동,경상사고,0,0,1,1,차대사람 - 기타,안전운전불이행,포장 - 건조,맑음,단일로 - 기타,이륜,남,24세,부상신고,보행자,남,52세,경상
24869,2020081900100028,2020년 8월 19일 03시,수요일,서울특별시 금천구 독산동,중상사고,0,1,0,0,차대사람 - 횡단중,안전운전불이행,포장 - 건조,맑음,교차로 - 교차로안,이륜,남,18세,상해없음,보행자,남,63세,중상
24870,2020081900100061,2020년 8월 19일 07시,수요일,서울특별시 서대문구 남가좌동,부상신고사고,0,0,0,1,차대사람 - 길가장자리구역통행중,안전운전불이행,포장 - 건조,맑음,교차로 - 교차로안,화물,남,66세,상해없음,보행자,남,19세,부상신고
24871,2020081900100063,2020년 8월 19일 07시,수요일,서울특별시 성북구 하월곡동,중상사고,0,1,0,0,차대사람 - 횡단중,보행자보호의무위반,포장 - 건조,맑음,기타 - 기타,승용,여,38세,상해없음,보행자,남,85세,중상
24872,2020081900100086,2020년 8월 19일 08시,수요일,서울특별시 송파구 가락동,경상사고,0,0,1,0,차대사람 - 횡단중,신호위반,포장 - 건조,맑음,기타 - 기타,이륜,남,55세,상해없음,보행자,여,31세,경상
24873,2020081900100148,2020년 8월 19일 10시,수요일,서울특별시 동대문구 답십리동,경상사고,0,0,1,0,차대사람 - 보도통행중,보행자보호의무위반,포장 - 건조,맑음,교차로 - 교차로횡단보도내,화물,남,50세,상해없음,보행자,여,37세,경상
24874,2020081900100189,2020년 8월 19일 11시,수요일,서울특별시 송파구 방이동,경상사고,0,0,1,0,차대사람 - 기타,안전운전불이행,포장 - 건조,맑음,기타 - 기타,이륜,남,28세,상해없음,보행자,남,60세,상해없음
24875,2020081900100190,2020년 8월 19일 11시,수요일,서울특별시 노원구 상계동,중상사고,0,1,0,0,차대사람 - 차도통행중,안전운전불이행,포장 - 건조,맑음,교차로 - 교차로안,승합,남,65세,상해없음,보행자,남,62세,중상
24876,2020081900100222,2020년 8월 19일 12시,수요일,서울특별시 성동구 하왕십리동,중상사고,0,1,0,0,차대사람 - 기타,안전운전불이행,포장 - 건조,맑음,단일로 - 기타,승용,남,72세,상해없음,보행자,여,80세,중상
24877,2020081900100224,2020년 8월 19일 12시,수요일,서울특별시 강동구 천호동,경상사고,0,0,1,0,차대사람 - 횡단중,안전운전불이행,포장 - 건조,맑음,교차로 - 교차로부근,이륜,남,24세,상해없음,보행자,여,30세,경상
24878,2020081900100269,2020년 8월 19일 13시,수요일,서울특별시 서초구 잠원동,중상사고,0,1,0,0,차대사람 - 기타,보행자보호의무위반,포장 - 건조,맑음,기타 - 기타,승용,남,61세,상해없음,보행자,여,82세,중상
24879,2020081900100273,2020년 8월 19일 13시,수요일,서울특별시 은평구 구산동,경상사고,0,0,1,0,차대사람 - 차도통행중,안전운전불이행,포장 - 건조,맑음,단일로 - 기타,승용,남,21세,상해없음,보행자,여,23세,경상
24880,2020081900100346,2020년 8월 19일 15시,수요일,서울특별시 중구 서소문동,중상사고,0,1,0,0,차대사람 - 차도통행중,안전운전불이행,포장 - 건조,맑음,단일로 - 기타,승용,남,43세,상해없음,보행자,여,56세,중상
24881,2020081900100350,2020년 8월 19일 15시,수요일,서울특별시 강동구 길동,중상사고,0,1,0,0,차대사람 - 기타,안전운전불이행,포장 - 건조,맑음,단일로 - 기타,승용,여,49세,상해없음,보행자,남,58세,중상
24882,2020081900100351,2020년 8월 19일 15시,수요일,서울특별시 양천구 목동,중상사고,0,1,0,0,차대사람 - 기타,안전운전불이행,비포장 - 건조,맑음,단일로 - 기타,승용,여,23세,상해없음,보행자,여,85세,중상
24883,2020081900100386,2020년 8월 19일 16시,수요일,서울특별시 은평구 수색동,중상사고,0,1,0,0,차대사람 - 횡단중,안전운전불이행,포장 - 건조,맑음,교차로 - 교차로부근,화물,남,58세,상해없음,보행자,여,62세,중상
24884,2020081900100393,2020년 8월 19일 16시,수요일,서울특별시 강남구 대치동,경상사고,0,0,1,0,차대사람 - 횡단중,보행자보호의무위반,포장 - 건조,맑음,교차로 - 교차로부근,승용,여,37세,상해없음,보행자,남,49세,경상
24885,2020081900100432,2020년 8월 19일 17시,수요일,서울특별시 마포구 서교동,중상사고,0,2,2,1,차대사람 - 횡단중,신호위반,포장 - 건조,맑음,단일로 - 기타,이륜,남,16세,상해없음,보행자,여,47세,중상
24886,2020081900100470,2020년 8월 19일 18시,수요일,서울특별시 강북구 미아동,경상사고,0,0,1,0,차대사람 - 기타,안전운전불이행,포장 - 건조,맑음,단일로 - 기타,승용,남,53세,상해없음,보행자,남,43세,경상
24887,2020081900100472,2020년 8월 19일 18시,수요일,서울특별시 구로구 고척동,경상사고,0,0,1,0,차대사람 - 차도통행중,안전운전불이행,포장 - 건조,맑음,단일로 - 기타,화물,남,47세,상해없음,보행자,여,66세,경상
24888,2020081900100522,2020년 8월 19일 19시,수요일,서울특별시 성북구 보문동2가,경상사고,0,0,1,0,차대사람 - 기타,안전운전불이행,포장 - 건조,맑음,단일로 - 기타,승용,남,59세,상해없음,보행자,여,45세,경상
24889,2020081900100523,2020년 8월 19일 19시,수요일,서울특별시 성동구 송정동,부상신고사고,0,0,0,1,차대사람 - 차도통행중,안전운전불이행,포장 - 건조,맑음,단일로 - 기타,자전거,남,14세,상해없음,보행자,여,84세,부상신고
24890,2020081900100524,2020년 8월 19일 19시,수요일,서울특별시 중랑구 중화동,부상신고사고,0,0,0,1,차대사람 - 기타,안전운전불이행,포장 - 건조,맑음,단일로 - 기타,기타불명,기타불명,미분류,기타불명,보행자,남,16세,부상신고
24891,2020081900100527,2020년 8월 19일 19시,수요일,서울특별시 강남구 역삼동,중상사고,0,1,0,0,차대사람 - 기타,안전운전불이행,포장 - 건조,맑음,단일로 - 기타,승용,남,45세,상해없음,보행자,남,32세,중상
24892,2020081900100628,2020년 8월 19일 22시,수요일,서울특별시 강남구 압구정동,중상사고,0,1,0,0,차대사람 - 횡단중,안전운전불이행,포장 - 건조,맑음,기타 - 기타,자전거,여,23세,상해없음,보행자,여,48세,중상
24893,2020081900100645,2020년 8월 19일 23시,수요일,서울특별시 광진구 자양동,중상사고,0,1,0,0,차대사람 - 기타,안전운전불이행,포장 - 건조,맑음,교차로 - 교차로부근,승용,남,34세,상해없음,보행자,여,24세,중상
24894,2020081900100647,2020년 8월 19일 23시,수요일,서울특별시 중랑구 면목동,중상사고,0,1,0,0,차대사람 - 기타,불법유턴,포장 - 건조,맑음,기타 - 기타,화물,남,56세,상해없음,보행자,여,74세,중상
24895,2020081900100651,2020년 8월 19일 23시,수요일,서울특별시 강남구 대치동,중상사고,0,1,0,0,차대사람 - 보도통행중,기타,포장 - 건조,맑음,단일로 - 기타,개인형이동수단(PM),여,15세,상해없음,보행자,여,48세,중상
24896,2020082000100001,2020년 8월 20일 00시,목요일,서울특별시 성동구 성수동2가,경상사고,0,0,1,0,차대사람 - 기타,안전운전불이행,포장 - 건조,맑음,단일로 - 기타,승용,남,43세,상해없음,보행자,남,32세,경상
24897,2020082000100026,2020년 8월 20일 03시,목요일,서울특별시 마포구 서교동,경상사고,0,0,1,0,차대사람 - 기타,안전운전불이행,포장 - 건조,맑음,기타 - 기타,개인형이동수단(PM),남,20세,상해없음,보행자,남,18세,경상
24898,2020082000100039,2020년 8월 20일 06시,목요일,서울특별시 양천구 신정동,중상사고,0,1,0,0,차대사람 - 기타,안전운전불이행,포장 - 건조,맑음,단일로 - 기타,승용,여,49세,기타불명,보행자,여,38세,중상
24899,2020082000100088,2020년 8월 20일 08시,목요일,서울특별시 종로구 신문로2가,경상사고,0,0,1,0,차대사람 - 기타,안전운전불이행,포장 - 건조,맑음,단일로 - 기타,승용,남,47세,상해없음,보행자,남,59세,경상
24900,2020082000100091,2020년 8월 20일 08시,목요일,서울특별시 영등포구 신길동,경상사고,0,0,1,0,차대사람 - 횡단중,보행자보호의무위반,포장 - 건조,맑음,교차로 - 교차로안,승용,남,31세,상해없음,보행자,남,28세,경상
24901,2020082000100181,2020년 8월 20일 11시,목요일,서울특별시 중구 필동2가,부상신고사고,0,0,0,1,차대사람 - 기타,안전운전불이행,포장 - 건조,맑음,단일로 - 기타,승용,남,53세,상해없음,보행자,남,56세,부상신고
24902,2020082000100182,2020년 8월 20일 11시,목요일,서울특별시 용산구 용문동,중상사고,0,1,0,0,차대사람 - 횡단중,안전운전불이행,포장 - 건조,맑음,교차로 - 교차로안,승용,남,53세,상해없음,보행자,남,70세,중상
24903,2020082000100184,2020년 8월 20일 11시,목요일,서울특별시 동작구 상도동,경상사고,0,0,1,0,차대사람 - 기타,안전운전불이행,포장 - 건조,맑음,단일로 - 기타,화물,남,53세,상해없음,보행자,남,27세,경상
24904,2020082000100265,2020년 8월 20일 13시,목요일,서울특별시 성동구 성수동2가,경상사고,0,0,1,0,차대사람 - 횡단중,보행자보호의무위반,포장 - 건조,맑음,단일로 - 기타,승용,남,36세,상해없음,보행자,여,14세,경상
24905,2020082000100266,2020년 8월 20일 13시,목요일,서울특별시 중랑구 상봉동,경상사고,0,0,1,0,차대사람 - 차도통행중,안전운전불이행,포장 - 건조,맑음,단일로 - 기타,승용,여,35세,상해없음,보행자,남,60세,경상
24906,2020082000100270,2020년 8월 20일 13시,목요일,서울특별시 송파구 풍납동,경상사고,0,0,1,0,차대사람 - 기타,안전운전불이행,포장 - 건조,맑음,단일로 - 기타,승용,남,38세,상해없음,보행자,여,53세,경상
24907,2020082000100315,2020년 8월 20일 14시,목요일,서울특별시 중랑구 면목동,경상사고,0,0,1,0,차대사람 - 보도통행중,안전운전불이행,포장 - 건조,맑음,기타 - 기타,승용,남,48세,상해없음,보행자,여,63세,경상
24908,2020082000100397,2020년 8월 20일 16시,목요일,서울특별시 서초구 반포동,경상사고,0,0,1,0,차대사람 - 기타,안전운전불이행,포장 - 건조,맑음,단일로 - 기타,승용,남,78세,상해없음,보행자,남,59세,경상
24909,2020082000100427,2020년 8월 20일 17시,목요일,서울특별시 강남구 대치동,부상신고사고,0,0,0,1,차대사람 - 길가장자리구역통행중,안전운전불이행,포장 - 건조,맑음,단일로 - 기타,승합,남,63세,상해없음,보행자,남,45세,부상신고
24910,2020082000100466,2020년 8월 20일 18시,목요일,서울특별시 종로구 중학동,중상사고,0,1,0,0,차대사람 - 기타,보행자보호의무위반,포장 - 건조,맑음,기타 - 기타,승용,여,42세,상해없음,보행자,남,33세,중상
24911,2020082000100468,2020년 8월 20일 18시,목요일,서울특별시 서대문구 홍제동,경상사고,0,0,1,0,차대사람 - 횡단중,신호위반,포장 - 건조,흐림,단일로 - 기타,승용,여,28세,상해없음,보행자,여,41세,경상
24912,2020082000100469,2020년 8월 20일 18시,목요일,서울특별시 동대문구 휘경동,경상사고,0,0,1,0,차대사람 - 보도통행중,기타,포장 - 건조,맑음,단일로 - 기타,승용,남,63세,상해없음,보행자,여,22세,경상
24913,2020082000100472,2020년 8월 20일 18시,목요일,서울특별시 영등포구 당산동3가,경상사고,0,0,1,0,차대사람 - 기타,안전운전불이행,포장 - 건조,맑음,교차로 - 교차로안,승용,남,74세,상해없음,보행자,남,43세,경상
24914,2020082000100554,2020년 8월 20일 20시,목요일,서울특별시 강남구 역삼동,경상사고,0,0,1,0,차대사람 - 기타,기타,포장 - 젖음/습기,맑음,단일로 - 기타,개인형이동수단(PM),남,38세,상해없음,보행자,남,25세,경상
24915,2020082100100013,2020년 8월 21일 01시,금요일,서울특별시 광진구 화양동,경상사고,0,0,1,0,차대사람 - 기타,안전운전불이행,포장 - 건조,맑음,단일로 - 기타,승용,남,49세,상해없음,보행자,남,25세,경상
24916,2020082100100050,2020년 8월 21일 06시,금요일,서울특별시 영등포구 영등포동,중상사고,0,1,0,0,차대사람 - 횡단중,안전운전불이행,포장 - 건조,맑음,단일로 - 기타,화물,남,36세,상해없음,보행자,여,59세,중상
24917,2020082100100067,2020년 8월 21일 07시,금요일,서울특별시 서대문구 홍은동,중상사고,0,1,0,0,차대사람 - 횡단중,보행자보호의무위반,포장 - 건조,맑음,교차로 - 교차로안,승용,남,54세,상해없음,보행자,남,48세,중상
24918,2020082100100088,2020년 8월 21일 08시,금요일,서울특별시 광진구 중곡동,경상사고,0,0,1,0,차대사람 - 기타,안전운전불이행,포장 - 건조,맑음,단일로 - 기타,개인형이동수단(PM),여,26세,상해없음,보행자,여,81세,경상
24919,2020082100100089,2020년 8월 21일 08시,금요일,서울특별시 관악구 신림동,경상사고,0,0,1,0,차대사람 - 보도통행중,기타,포장 - 건조,흐림,기타 - 기타,개인형이동수단(PM),남,24세,상해없음,보행자,남,48세,경상
24920,2020082100100090,2020년 8월 21일 08시,금요일,서울특별시 구로구 가리봉동,경상사고,0,0,1,0,차대사람 - 횡단중,보행자보호의무위반,포장 - 건조,맑음,교차로 - 교차로부근,이륜,남,69세,상해없음,보행자,여,50세,경상
24921,2020082100100152,2020년 8월 21일 10시,금요일,서울특별시 성동구 성수동2가,중상사고,0,1,0,0,차대사람 - 횡단중,보행자보호의무위반,포장 - 건조,맑음,교차로 - 교차로횡단보도내,화물,남,41세,상해없음,보행자,남,56세,중상
24922,2020082100100178,2020년 8월 21일 11시,금요일,서울특별시 중구 저동2가,경상사고,0,0,1,0,차대사람 - 기타,안전운전불이행,포장 - 건조,맑음,단일로 - 기타,승합,남,53세,상해없음,보행자,남,40세,경상
24923,2020082100100212,2020년 8월 21일 12시,금요일,서울특별시 은평구 대조동,경상사고,0,0,1,0,차대사람 - 기타,안전운전불이행,포장 - 젖음/습기,비,단일로 - 기타,승용,여,67세,상해없음,보행자,여,50세,경상
24924,2020082100100213,2020년 8월 21일 12시,금요일,서울특별시 강남구 역삼동,경상사고,0,0,1,0,차대사람 - 횡단중,안전운전불이행,포장 - 건조,맑음,단일로 - 기타,승용,남,66세,상해없음,보행자,여,24세,경상
24925,2020082100100243,2020년 8월 21일 13시,금요일,서울특별시 구로구 온수동,경상사고,0,0,1,0,차대사람 - 보도통행중,신호위반,포장 - 건조,맑음,교차로 - 교차로횡단보도내,이륜,남,16세,상해없음,보행자,남,23세,경상
24926,2020082100100274,2020년 8월 21일 14시,금요일,서울특별시 영등포구 당산동5가,부상신고사고,0,0,0,1,차대사람 - 횡단중,안전운전불이행,포장 - 젖음/습기,흐림,단일로 - 기타,승용,남,32세,상해없음,보행자,남,41세,부상신고
24927,2020082100100508,2020년 8월 21일 20시,금요일,서울특별시 강북구 수유동,경상사고,0,0,1,0,차대사람 - 횡단중,안전운전불이행,포장 - 건조,맑음,교차로 - 교차로안,승용,여,49세,상해없음,보행자,여,73세,경상
24928,2020082100100516,2020년 8월 21일 20시,금요일,서울특별시 구로구 고척동,경상사고,0,0,1,0,차대사람 - 차도통행중,안전운전불이행,포장 - 건조,맑음,단일로 - 기타,승용,남,61세,상해없음,보행자,여,46세,경상
24929,2020082100100552,2020년 8월 21일 21시,금요일,서울특별시 광진구 중곡동,경상사고,0,0,1,0,차대사람 - 기타,안전운전불이행,포장 - 건조,맑음,단일로 - 기타,자전거,남,16세,상해없음,보행자,남,56세,경상
24930,2020082100100554,2020년 8월 21일 21시,금요일,서울특별시 도봉구 창동,경상사고,0,0,1,0,차대사람 - 횡단중,안전운전불이행,포장 - 건조,맑음,단일로 - 기타,승용,여,51세,상해없음,보행자,여,65세,경상
24931,2020082100100583,2020년 8월 21일 22시,금요일,서울특별시 강북구 수유동,경상사고,0,0,1,0,차대사람 - 기타,안전운전불이행,포장 - 건조,맑음,교차로 - 교차로안,이륜,남,23세,상해없음,보행자,여,37세,경상
24932,2020082100100585,2020년 8월 21일 22시,금요일,서울특별시 양천구 목동,경상사고,0,0,1,0,차대사람 - 기타,안전운전불이행,포장 - 건조,맑음,교차로 - 교차로부근,이륜,기타불명,미분류,기타불명,보행자,남,80세,경상
24933,2020082100100608,2020년 8월 21일 23시,금요일,서울특별시 강북구 수유동,경상사고,0,0,2,0,차대사람 - 횡단중,신호위반,포장 - 건조,맑음,단일로 - 기타,원동기,남,47세,상해없음,보행자,여,40세,경상
24934,2020082100100611,2020년 8월 21일 23시,금요일,서울특별시 강서구 화곡동,중상사고,0,1,0,0,차대사람 - 기타,안전운전불이행,포장 - 건조,맑음,교차로 - 교차로부근,승용,남,40세,상해없음,보행자,남,56세,중상
24935,2020082200100001,2020년 8월 22일 00시,토요일,서울특별시 중구 을지로4가,중상사고,0,1,0,0,차대사람 - 횡단중,안전운전불이행,포장 - 건조,맑음,단일로 - 기타,승용,남,66세,상해없음,보행자,남,83세,중상
24936,2020082200100062,2020년 8월 22일 05시,토요일,서울특별시 강북구 수유동,경상사고,0,0,1,0,차대사람 - 기타,안전운전불이행,포장 - 건조,맑음,교차로 - 교차로부근,승용,남,28세,상해없음,보행자,남,52세,경상
24937,2020082200100064,2020년 8월 22일 05시,토요일,서울특별시 노원구 중계동,중상사고,0,1,0,0,차대사람 - 기타,안전운전불이행,포장 - 건조,맑음,단일로 - 기타,승용,남,46세,상해없음,보행자,남,73세,중상
24938,2020082200100074,2020년 8월 22일 06시,토요일,서울특별시 성동구 사근동,경상사고,0,0,1,0,차대사람 - 횡단중,안전운전불이행,포장 - 건조,맑음,단일로 - 기타,자전거,남,68세,상해없음,보행자,남,73세,경상
24939,2020082200100100,2020년 8월 22일 08시,토요일,서울특별시 동대문구 장안동,중상사고,0,1,0,0,차대사람 - 기타,안전운전불이행,포장 - 건조,흐림,교차로 - 교차로안,승합,남,75세,상해없음,보행자,여,58세,중상
24940,2020082200100159,2020년 8월 22일 10시,토요일,서울특별시 양천구 목동,경상사고,0,0,1,0,차대사람 - 기타,안전운전불이행,포장 - 건조,맑음,단일로 - 기타,자전거,여,60세,경상,보행자,남,60세,상해없음
24941,2020082200100161,2020년 8월 22일 10시,토요일,서울특별시 강서구 내발산동,중상사고,0,1,0,0,차대사람 - 기타,보행자보호의무위반,포장 - 건조,맑음,교차로 - 교차로부근,승용,남,46세,상해없음,보행자,남,56세,중상
24942,2020082200100213,2020년 8월 22일 12시,토요일,서울특별시 구로구 오류동,경상사고,0,0,1,0,차대사람 - 기타,안전운전불이행,포장 - 건조,맑음,단일로 - 기타,승용,남,47세,상해없음,보행자,남,19세,경상
24943,2020082200100214,2020년 8월 22일 12시,토요일,서울특별시 서초구 양재동,중상사고,0,1,0,0,차대사람 - 차도통행중,안전운전불이행,포장 - 건조,맑음,단일로 - 기타,승용,남,64세,상해없음,보행자,남,23세,중상
24944,2020082200100376,2020년 8월 22일 16시,토요일,서울특별시 강남구 삼성동,경상사고,0,0,1,0,차대사람 - 기타,안전운전불이행,포장 - 기타,흐림,단일로 - 기타,승용,남,65세,상해없음,보행자,남,50세,경상
24945,2020082200100377,2020년 8월 22일 16시,토요일,서울특별시 강서구 방화동,중상사고,0,1,0,0,차대사람 - 차도통행중,안전운전불이행,포장 - 건조,맑음,교차로 - 교차로안,승용,남,56세,상해없음,보행자,여,67세,중상
24946,2020082200100378,2020년 8월 22일 16시,토요일,서울특별시 강동구 천호동,경상사고,0,0,1,0,차대사람 - 차도통행중,안전운전불이행,포장 - 젖음/습기,비,교차로 - 교차로안,승용,남,57세,상해없음,보행자,남,68세,경상
24947,2020082200100379,2020년 8월 22일 16시,토요일,서울특별시 강동구 천호동,중상사고,0,1,0,0,차대사람 - 기타,보행자보호의무위반,포장 - 건조,맑음,교차로 - 교차로부근,승용,여,55세,상해없음,보행자,남,58세,중상
24948,2020082200100570,2020년 8월 22일 21시,토요일,서울특별시 송파구 가락동,중상사고,0,1,0,0,차대사람 - 횡단중,안전운전불이행,포장 - 젖음/습기,흐림,교차로 - 교차로부근,승용,남,66세,상해없음,보행자,남,66세,중상
24949,2020082200100619,2020년 8월 22일 23시,토요일,서울특별시 중구 필동2가,경상사고,0,0,1,0,차대사람 - 기타,안전운전불이행,포장 - 건조,흐림,단일로 - 기타,승용,여,33세,상해없음,보행자,여,22세,경상
24950,2020082300100123,2020년 8월 23일 11시,일요일,서울특별시 마포구 아현동,경상사고,0,0,1,0,차대사람 - 기타,안전운전불이행,포장 - 건조,맑음,단일로 - 기타,승용,여,44세,상해없음,보행자,남,55세,경상
24951,2020082300100124,2020년 8월 23일 11시,일요일,서울특별시 영등포구 여의도동,경상사고,0,0,1,0,차대사람 - 기타,안전운전불이행,포장 - 건조,맑음,단일로 - 기타,승합,남,57세,상해없음,보행자,여,37세,경상
24952,2020082300100145,2020년 8월 23일 12시,일요일,서울특별시 중랑구 망우동,경상사고,0,0,1,0,차대사람 - 길가장자리구역통행중,안전운전불이행,포장 - 건조,맑음,단일로 - 기타,승용,남,68세,상해없음,보행자,여,52세,경상
24953,2020082300100146,2020년 8월 23일 12시,일요일,서울특별시 중랑구 망우동,경상사고,0,0,1,0,차대사람 - 길가장자리구역통행중,안전운전불이행,포장 - 건조,맑음,기타 - 기타,승용,여,61세,상해없음,보행자,남,30세,경상
24954,2020082300100196,2020년 8월 23일 14시,일요일,서울특별시 강서구 화곡동,경상사고,0,0,1,0,차대사람 - 기타,안전운전불이행,포장 - 건조,맑음,단일로 - 기타,승용,남,27세,상해없음,보행자,남,46세,경상
24955,2020082300100198,2020년 8월 23일 14시,일요일,서울특별시 구로구 구로동,경상사고,0,0,2,0,차대사람 - 횡단중,신호위반,포장 - 건조,맑음,단일로 - 기타,승용,남,34세,상해없음,보행자,여,25세,경상
24956,2020082300100256,2020년 8월 23일 16시,일요일,서울특별시 강서구 화곡동,경상사고,0,0,2,0,차대사람 - 보도통행중,안전운전불이행,포장 - 건조,맑음,단일로 - 기타,화물,남,64세,상해없음,보행자,여,21세,경상
24957,2020082300100289,2020년 8월 23일 17시,일요일,서울특별시 종로구 숭인동,경상사고,0,0,1,0,차대사람 - 기타,안전운전불이행,포장 - 건조,맑음,단일로 - 기타,화물,남,50세,상해없음,보행자,남,28세,경상
24958,2020082300100348,2020년 8월 23일 19시,일요일,서울특별시 중구 황학동,중상사고,0,1,0,0,차대사람 - 차도통행중,안전운전불이행,포장 - 건조,맑음,단일로 - 기타,원동기,남,31세,상해없음,보행자,여,83세,중상