,사고번호,사고일시,요일,시군구,사고내용,사망자수,중상자수,경상자수,부상신고자수,사고유형,법규위반,노면상태,기상상태,도로형태,가해운전자 차종,가해운전자 성별,가해운전자 연령,가해운전자 상해정도,피해운전자 차종,피해운전자 성별,피해운전자 연령,피해운전자 상해정도
24959,2020082300100349,2020년 8월 23일 19시,일요일,서울특별시 동대문구 휘경동,경상사고,0,0,2,0,차대사람 - 차도통행중,안전운전불이행,포장 - 건조,맑음,교차로 - 교차로안,이륜,남,51세,상해없음,보행자,여,23세,경상
24960,2020082300100350,2020년 8월 23일 19시,일요일,서울특별시 성동구 성수동2가,사망사고,1,0,0,0,차대사람 - 횡단중,안전운전불이행,포장 - 건조,맑음,단일로 - 기타,승용,남,27세,상해없음,보행자,남,70세,사망
24961,2020082300100385,2020년 8월 23일 20시,일요일,서울특별시 강남구 개포동,중상사고,0,1,0,0,차대사람 - 기타,안전운전불이행,포장 - 건조,맑음,단일로 - 기타,자전거,여,27세,상해없음,보행자,여,63세,중상
24962,2020082300100415,2020년 8월 23일 21시,일요일,서울특별시 동작구 사당동,중상사고,0,1,0,0,차대사람 - 기타,안전운전불이행,포장 - 건조,맑음,교차로 - 교차로부근,승용,남,47세,상해없음,보행자,남,43세,중상
24963,2020082300100437,2020년 8월 23일 22시,일요일,서울특별시 노원구 상계동,부상신고사고,0,0,0,1,차대사람 - 기타,안전운전불이행,포장 - 건조,맑음,단일로 - 기타,자전거,남,68세,부상신고,보행자,여,57세,상해없음
24964,2020082400100003,2020년 8월 24일 00시,월요일,서울특별시 강남구 역삼동,경상사고,0,0,1,0,차대사람 - 기타,안전운전불이행,포장 - 건조,맑음,단일로 - 기타,승용,남,52세,상해없음,보행자,남,35세,경상
24965,2020082400100026,2020년 8월 24일 04시,월요일,서울특별시 동대문구 장안동,중상사고,0,1,0,0,차대사람 - 기타,안전운전불이행,포장 - 건조,맑음,단일로 - 기타,화물,남,32세,상해없음,보행자,남,61세,중상
24966,2020082400100062,2020년 8월 24일 07시,월요일,서울특별시 관악구 봉천동,중상사고,0,1,0,0,차대사람 - 횡단중,신호위반,포장 - 건조,맑음,단일로 - 기타,승용,남,52세,상해없음,보행자,여,78세,중상
24967,2020082400100065,2020년 8월 24일 07시,월요일,서울특별시 은평구 불광동,경상사고,0,0,1,0,차대사람 - 기타,안전운전불이행,포장 - 건조,맑음,단일로 - 기타,승용,남,36세,상해없음,보행자,여,29세,경상
24968,2020082400100130,2020년 8월 24일 09시,월요일,서울특별시 동작구 사당동,경상사고,0,0,1,0,차대사람 - 기타,안전운전불이행,포장 - 건조,맑음,단일로 - 기타,화물,남,64세,기타불명,보행자,남,61세,경상
24969,2020082400100168,2020년 8월 24일 10시,월요일,서울특별시 강남구 세곡동,중상사고,0,1,0,0,차대사람 - 횡단중,보행자보호의무위반,포장 - 건조,맑음,단일로 - 기타,승용,여,40세,상해없음,보행자,여,80세,중상
24970,2020082400100207,2020년 8월 24일 11시,월요일,서울특별시 구로구 구로동,경상사고,0,0,1,0,차대사람 - 차도통행중,보행자보호의무위반,포장 - 건조,맑음,기타 - 기타,화물,남,55세,상해없음,보행자,남,34세,경상
24971,2020082400100208,2020년 8월 24일 11시,월요일,서울특별시 강남구 역삼동,경상사고,0,0,1,0,차대사람 - 차도통행중,안전운전불이행,포장 - 건조,맑음,단일로 - 기타,승용,여,24세,상해없음,보행자,남,34세,경상
24972,2020082400100234,2020년 8월 24일 12시,월요일,서울특별시 영등포구 영등포동4가,중상사고,0,1,0,0,차대사람 - 차도통행중,안전운전불이행,포장 - 건조,맑음,단일로 - 기타,승용,여,23세,상해없음,보행자,여,62세,중상
24973,2020082400100235,2020년 8월 24일 12시,월요일,서울특별시 강남구 청담동,경상사고,0,0,1,0,차대사람 - 횡단중,보행자보호의무위반,포장 - 건조,맑음,기타 - 기타,이륜,남,72세,상해없음,보행자,여,30세,경상
24974,2020082400100292,2020년 8월 24일 14시,월요일,서울특별시 송파구 마천동,경상사고,0,0,1,0,차대사람 - 기타,안전운전불이행,포장 - 건조,맑음,교차로 - 교차로부근,승용,여,62세,상해없음,보행자,남,43세,경상
24975,2020082400100335,2020년 8월 24일 15시,월요일,서울특별시 노원구 하계동,중상사고,0,1,0,0,차대사람 - 횡단중,신호위반,포장 - 건조,맑음,교차로 - 교차로부근,기타불명,기타불명,미분류,기타불명,보행자,남,30세,중상
24976,2020082400100390,2020년 8월 24일 16시,월요일,서울특별시 강서구 공항동,중상사고,0,1,0,0,차대사람 - 기타,안전운전불이행,포장 - 건조,맑음,기타 - 기타,승용,남,67세,상해없음,보행자,남,71세,중상
24977,2020082400100469,2020년 8월 24일 18시,월요일,서울특별시 중구 을지로5가,경상사고,0,0,1,0,차대사람 - 횡단중,보행자보호의무위반,포장 - 건조,맑음,교차로 - 교차로횡단보도내,승용,남,69세,상해없음,보행자,남,36세,경상
24978,2020082400100473,2020년 8월 24일 18시,월요일,서울특별시 강동구 성내동,중상사고,0,1,0,0,차대사람 - 길가장자리구역통행중,안전운전불이행,포장 - 건조,맑음,기타 - 기타,승용,여,57세,상해없음,보행자,남,61세,중상
24979,2020082400100474,2020년 8월 24일 18시,월요일,서울특별시 송파구 잠실동,중상사고,0,1,0,0,차대사람 - 기타,안전운전불이행,포장 - 건조,맑음,단일로 - 기타,승용,남,71세,상해없음,보행자,여,66세,중상
24980,2020082400100575,2020년 8월 24일 20시,월요일,서울특별시 송파구 마천동,경상사고,0,0,1,0,차대사람 - 길가장자리구역통행중,안전운전불이행,포장 - 건조,맑음,교차로 - 교차로부근,승용,여,51세,상해없음,보행자,남,59세,경상
24981,2020082500100001,2020년 8월 25일 00시,화요일,서울특별시 금천구 독산동,중상사고,0,1,1,0,차대사람 - 기타,안전운전불이행,포장 - 건조,맑음,교차로 - 교차로안,승용,남,58세,상해없음,보행자,남,70세,중상
24982,2020082500100014,2020년 8월 25일 01시,화요일,서울특별시 영등포구 도림동,경상사고,0,0,1,0,차대사람 - 기타,안전운전불이행,포장 - 건조,맑음,교차로 - 교차로안,기타불명,기타불명,미분류,기타불명,보행자,여,23세,경상
24983,2020082500100042,2020년 8월 25일 05시,화요일,서울특별시 중구 쌍림동,중상사고,0,1,0,0,차대사람 - 기타,안전운전불이행,포장 - 건조,맑음,단일로 - 기타,승용,남,68세,상해없음,보행자,남,46세,중상
24984,2020082500100065,2020년 8월 25일 07시,화요일,서울특별시 중랑구 면목동,경상사고,0,0,1,0,차대사람 - 기타,보행자보호의무위반,포장 - 건조,맑음,단일로 - 기타,승용,남,60세,상해없음,보행자,남,27세,경상
24985,2020082500100099,2020년 8월 25일 08시,화요일,서울특별시 도봉구 도봉동,경상사고,0,0,1,0,차대사람 - 기타,안전운전불이행,포장 - 건조,맑음,단일로 - 기타,승합,남,47세,상해없음,보행자,여,55세,경상
24986,2020082500100203,2020년 8월 25일 11시,화요일,서울특별시 광진구 구의동,중상사고,0,1,0,0,차대사람 - 기타,안전운전불이행,포장 - 건조,맑음,단일로 - 기타,이륜,남,29세,상해없음,보행자,여,52세,중상
24987,2020082500100207,2020년 8월 25일 11시,화요일,서울특별시 양천구 신월동,부상신고사고,0,0,0,1,차대사람 - 길가장자리구역통행중,안전운전불이행,포장 - 건조,맑음,단일로 - 기타,승용,남,64세,상해없음,보행자,남,20세,부상신고
24988,2020082500100248,2020년 8월 25일 12시,화요일,서울특별시 양천구 신월동,중상사고,0,1,0,0,차대사람 - 횡단중,안전운전불이행,포장 - 건조,맑음,단일로 - 기타,화물,남,63세,상해없음,보행자,남,72세,중상
24989,2020082500100278,2020년 8월 25일 13시,화요일,서울특별시 종로구 교남동,중상사고,0,1,0,0,차대사람 - 차도통행중,안전운전불이행,포장 - 건조,맑음,교차로 - 교차로안,화물,남,40세,상해없음,보행자,여,61세,중상
24990,2020082500100318,2020년 8월 25일 14시,화요일,서울특별시 도봉구 방학동,경상사고,0,0,1,0,차대사람 - 횡단중,보행자보호의무위반,포장 - 건조,맑음,단일로 - 기타,승용,남,68세,상해없음,보행자,남,54세,경상
24991,2020082500100351,2020년 8월 25일 15시,화요일,서울특별시 용산구 한남동,경상사고,0,0,1,0,차대사람 - 길가장자리구역통행중,안전운전불이행,포장 - 건조,맑음,단일로 - 기타,승용,남,30세,상해없음,보행자,여,36세,경상
24992,2020082500100353,2020년 8월 25일 15시,화요일,서울특별시 금천구 독산동,경상사고,0,0,1,0,차대사람 - 기타,안전운전불이행,포장 - 건조,맑음,교차로 - 교차로안,승합,남,53세,상해없음,보행자,여,73세,경상
24993,2020082500100386,2020년 8월 25일 16시,화요일,서울특별시 종로구 명륜4가,부상신고사고,0,0,0,1,차대사람 - 기타,안전운전불이행,포장 - 건조,맑음,단일로 - 기타,승용,남,62세,상해없음,보행자,남,36세,부상신고
24994,2020082500100387,2020년 8월 25일 16시,화요일,서울특별시 마포구 동교동,중상사고,0,1,0,0,차대사람 - 기타,안전운전불이행,포장 - 기타,맑음,기타 - 기타,개인형이동수단(PM),여,21세,상해없음,보행자,여,75세,중상
24995,2020082500100477,2020년 8월 25일 18시,화요일,서울특별시 관악구 봉천동,경상사고,0,0,1,0,차대사람 - 기타,안전운전불이행,포장 - 건조,맑음,단일로 - 기타,개인형이동수단(PM),남,17세,상해없음,보행자,남,61세,경상
24996,2020082500100480,2020년 8월 25일 18시,화요일,서울특별시 성북구 하월곡동,경상사고,0,0,1,0,차대사람 - 기타,안전운전불이행,포장 - 건조,맑음,단일로 - 기타,화물,남,53세,상해없음,보행자,여,50세,경상
24997,2020082500100519,2020년 8월 25일 19시,화요일,서울특별시 중랑구 망우동,중상사고,0,1,0,0,차대사람 - 기타,안전운전불이행,포장 - 건조,맑음,단일로 - 기타,이륜,남,17세,상해없음,보행자,여,70세,중상
24998,2020082500100553,2020년 8월 25일 20시,화요일,서울특별시 양천구 신월동,경상사고,0,0,1,0,차대사람 - 기타,안전운전불이행,포장 - 건조,맑음,교차로 - 교차로부근,승용,남,62세,상해없음,보행자,남,63세,경상
24999,2020082500100555,2020년 8월 25일 20시,화요일,서울특별시 서초구 방배동,중상사고,0,1,0,0,차대사람 - 차도통행중,안전운전불이행,포장 - 건조,맑음,단일로 - 기타,승합,남,59세,상해없음,보행자,남,54세,중상
25000,2020082500100589,2020년 8월 25일 21시,화요일,서울특별시 금천구 가산동,중상사고,0,1,0,0,차대사람 - 기타,기타,포장 - 건조,맑음,교차로 - 교차로부근,승용,남,44세,상해없음,보행자,여,39세,중상
25001,2020082500100591,2020년 8월 25일 21시,화요일,서울특별시 은평구 대조동,중상사고,0,1,0,0,차대사람 - 길가장자리구역통행중,안전운전불이행,포장 - 건조,맑음,단일로 - 기타,승용,여,27세,상해없음,보행자,여,38세,중상
25002,2020082500100628,2020년 8월 25일 22시,화요일,서울특별시 강동구 성내동,경상사고,0,0,1,0,차대사람 - 기타,안전운전불이행,포장 - 건조,흐림,단일로 - 기타,기타불명,기타불명,미분류,기타불명,보행자,남,65세,경상
25003,2020082500100657,2020년 8월 25일 23시,화요일,서울특별시 노원구 공릉동,중상사고,0,1,0,0,차대사람 - 횡단중,안전운전불이행,포장 - 건조,맑음,교차로 - 교차로횡단보도내,승용,남,39세,상해없음,보행자,남,30세,중상
25004,2020082600100085,2020년 8월 26일 08시,수요일,서울특별시 동작구 사당동,부상신고사고,0,0,0,1,차대사람 - 차도통행중,안전운전불이행,포장 - 건조,맑음,단일로 - 기타,화물,남,48세,상해없음,보행자,여,66세,부상신고
25005,2020082600100117,2020년 8월 26일 09시,수요일,서울특별시 강남구 역삼동,경상사고,0,0,1,0,차대사람 - 기타,기타,포장 - 건조,맑음,교차로 - 교차로부근,승용,여,33세,상해없음,보행자,남,22세,경상
25006,2020082600100135,2020년 8월 26일 10시,수요일,서울특별시 종로구 종로4가,중상사고,0,1,0,0,차대사람 - 횡단중,안전운전불이행,포장 - 건조,맑음,단일로 - 기타,이륜,남,60세,상해없음,보행자,여,65세,중상
25007,2020082600100137,2020년 8월 26일 10시,수요일,서울특별시 영등포구 당산동1가,경상사고,0,0,1,0,차대사람 - 보도통행중,기타,포장 - 건조,맑음,단일로 - 기타,화물,남,77세,상해없음,보행자,남,60세,경상
25008,2020082600100158,2020년 8월 26일 11시,수요일,서울특별시 동대문구 청량리동,중상사고,0,1,0,0,차대사람 - 횡단중,보행자보호의무위반,포장 - 건조,맑음,교차로 - 교차로횡단보도내,승용,남,47세,상해없음,보행자,여,71세,중상
25009,2020082600100228,2020년 8월 26일 13시,수요일,서울특별시 서대문구 홍은동,경상사고,0,0,1,0,차대사람 - 기타,기타,포장 - 건조,맑음,단일로 - 기타,승용,남,48세,상해없음,보행자,남,21세,경상
25010,2020082600100229,2020년 8월 26일 13시,수요일,서울특별시 동대문구 전농동,경상사고,0,0,1,0,차대사람 - 기타,안전운전불이행,포장 - 건조,맑음,기타 - 기타,승용,여,37세,상해없음,보행자,남,44세,경상
25011,2020082600100264,2020년 8월 26일 14시,수요일,서울특별시 강북구 우이동,경상사고,0,0,1,0,차대사람 - 보도통행중,기타,포장 - 건조,기타,단일로 - 기타,이륜,남,54세,상해없음,보행자,남,33세,경상
25012,2020082600100265,2020년 8월 26일 14시,수요일,서울특별시 강서구 화곡동,중상사고,0,1,0,0,차대사람 - 보도통행중,보행자보호의무위반,포장 - 건조,맑음,교차로 - 교차로횡단보도내,승용,남,51세,기타불명,보행자,여,40세,중상
25013,2020082600100296,2020년 8월 26일 15시,수요일,서울특별시 노원구 상계동,경상사고,0,0,1,0,차대사람 - 차도통행중,보행자보호의무위반,포장 - 건조,흐림,교차로 - 교차로횡단보도내,승용,남,59세,상해없음,보행자,남,65세,경상
25014,2020082600100322,2020년 8월 26일 16시,수요일,서울특별시 송파구 잠실동,경상사고,0,0,1,0,차대사람 - 기타,안전운전불이행,포장 - 건조,맑음,단일로 - 기타,화물,남,76세,상해없음,보행자,여,37세,경상
25015,2020082600100353,2020년 8월 26일 17시,수요일,서울특별시 중랑구 망우동,중상사고,0,1,0,0,차대사람 - 횡단중,안전운전불이행,포장 - 건조,맑음,교차로 - 교차로횡단보도내,이륜,남,19세,상해없음,보행자,남,65세,중상
25016,2020082600100356,2020년 8월 26일 17시,수요일,서울특별시 강동구 암사동,중상사고,0,1,0,0,차대사람 - 기타,안전운전불이행,포장 - 건조,맑음,기타 - 기타,자전거,남,54세,상해없음,보행자,여,70세,중상
25017,2020082600100357,2020년 8월 26일 17시,수요일,서울특별시 송파구 방이동,경상사고,0,0,1,0,차대사람 - 보도통행중,기타,포장 - 건조,맑음,단일로 - 기타,이륜,남,17세,상해없음,보행자,여,58세,경상
25018,2020082600100395,2020년 8월 26일 18시,수요일,서울특별시 광진구 능동,경상사고,0,0,1,0,차대사람 - 보도통행중,기타,포장 - 건조,맑음,단일로 - 기타,이륜,남,30세,상해없음,보행자,여,1세,경상
25019,2020082600100404,2020년 8월 26일 18시,수요일,서울특별시 강남구 대치동,경상사고,0,0,1,0,차대사람 - 기타,안전운전불이행,포장 - 건조,흐림,단일로 - 기타,승용,여,53세,상해없음,보행자,여,15세,경상
25020,2020082600100424,2020년 8월 26일 19시,수요일,서울특별시 용산구 한남동,경상사고,0,0,1,0,차대사람 - 횡단중,안전운전불이행,포장 - 건조,맑음,교차로 - 교차로부근,승용,남,23세,상해없음,보행자,여,27세,경상
25021,2020082600100459,2020년 8월 26일 20시,수요일,서울특별시 성동구 홍익동,경상사고,0,0,1,0,차대사람 - 기타,안전운전불이행,포장 - 젖음/습기,비,단일로 - 기타,원동기,남,42세,상해없음,보행자,여,64세,경상
25022,2020082600100512,2020년 8월 26일 22시,수요일,서울특별시 강북구 미아동,중상사고,0,1,0,0,차대사람 - 기타,안전운전불이행,포장 - 건조,맑음,교차로 - 교차로안,승용,남,37세,상해없음,보행자,남,53세,중상
25023,2020082700100001,2020년 8월 27일 00시,목요일,서울특별시 영등포구 영등포동,경상사고,0,0,1,0,차대사람 - 기타,안전운전불이행,포장 - 건조,맑음,단일로 - 기타,승용,남,46세,상해없음,보행자,남,59세,경상
25024,2020082700100017,2020년 8월 27일 02시,목요일,서울특별시 광진구 중곡동,중상사고,0,1,0,0,차대사람 - 횡단중,신호위반,포장 - 건조,맑음,교차로 - 교차로안,승용,남,69세,상해없음,보행자,남,23세,중상
25025,2020082700100118,2020년 8월 27일 09시,목요일,서울특별시 중구 인현동2가,경상사고,0,0,1,0,차대사람 - 차도통행중,안전운전불이행,포장 - 젖음/습기,흐림,교차로 - 교차로안,이륜,남,71세,상해없음,보행자,남,79세,경상
25026,2020082700100119,2020년 8월 27일 09시,목요일,서울특별시 종로구 인의동,경상사고,0,0,1,0,차대사람 - 길가장자리구역통행중,안전운전불이행,포장 - 건조,맑음,단일로 - 기타,승용,남,66세,상해없음,보행자,남,46세,경상
25027,2020082700100120,2020년 8월 27일 09시,목요일,서울특별시 종로구 종로5가,중상사고,0,1,0,0,차대사람 - 기타,안전운전불이행,포장 - 건조,맑음,단일로 - 기타,승용,남,68세,상해없음,보행자,여,76세,중상
25028,2020082700100122,2020년 8월 27일 09시,목요일,서울특별시 중랑구 묵동,경상사고,0,0,1,0,차대사람 - 기타,안전운전불이행,포장 - 건조,맑음,단일로 - 기타,화물,남,42세,기타불명,보행자,남,79세,경상
25029,2020082700100177,2020년 8월 27일 11시,목요일,서울특별시 영등포구 여의도동,경상사고,0,0,1,0,차대사람 - 횡단중,보행자보호의무위반,포장 - 건조,맑음,교차로 - 교차로안,이륜,남,57세,기타불명,보행자,남,47세,경상
25030,2020082700100201,2020년 8월 27일 12시,목요일,서울특별시 종로구 관훈동,경상사고,0,0,1,0,차대사람 - 횡단중,안전운전불이행,포장 - 건조,맑음,단일로 - 지하차도(도로)내,이륜,남,43세,상해없음,보행자,남,50세,경상
25031,2020082700100233,2020년 8월 27일 13시,목요일,서울특별시 마포구 서교동,부상신고사고,0,0,0,1,차대사람 - 기타,안전운전불이행,포장 - 건조,맑음,단일로 - 기타,승용,남,24세,상해없음,보행자,여,57세,부상신고
25032,2020082700100251,2020년 8월 27일 14시,목요일,서울특별시 서대문구 창천동,경상사고,0,0,1,0,차대사람 - 기타,보행자보호의무위반,포장 - 건조,맑음,교차로 - 교차로횡단보도내,승용,남,75세,상해없음,보행자,여,63세,경상
25033,2020082700100405,2020년 8월 27일 18시,목요일,서울특별시 광진구 자양동,중상사고,0,1,0,0,차대사람 - 기타,안전운전불이행,포장 - 건조,맑음,교차로 - 교차로안,자전거,남,44세,상해없음,보행자,여,63세,중상
25034,2020082700100411,2020년 8월 27일 18시,목요일,서울특별시 노원구 공릉동,경상사고,0,0,1,0,차대사람 - 차도통행중,안전운전불이행,포장 - 건조,맑음,단일로 - 기타,화물,남,66세,상해없음,보행자,여,22세,경상
25035,2020082700100508,2020년 8월 27일 21시,목요일,서울특별시 강서구 화곡동,경상사고,0,0,1,0,차대사람 - 보도통행중,기타,포장 - 건조,맑음,단일로 - 기타,기타불명,기타불명,미분류,기타불명,보행자,남,20세,경상
25036,2020082700100509,2020년 8월 27일 21시,목요일,서울특별시 송파구 잠실동,경상사고,0,0,1,0,차대사람 - 횡단중,신호위반,포장 - 젖음/습기,비,교차로 - 교차로부근,이륜,남,39세,상해없음,보행자,여,52세,경상
25037,2020082800100016,2020년 8월 28일 01시,금요일,서울특별시 마포구 아현동,중상사고,0,1,0,0,차대사람 - 차도통행중,안전운전불이행,포장 - 젖음/습기,비,단일로 - 기타,승용,여,54세,상해없음,보행자,남,28세,중상
25038,2020082800100180,2020년 8월 28일 11시,금요일,서울특별시 강남구 삼성동,부상신고사고,0,0,0,1,차대사람 - 기타,안전운전불이행,포장 - 건조,맑음,교차로 - 교차로부근,화물,남,25세,상해없음,보행자,남,41세,부상신고
25039,2020082800100208,2020년 8월 28일 12시,금요일,서울특별시 성북구 정릉동,경상사고,0,0,1,0,차대사람 - 기타,안전운전불이행,포장 - 건조,맑음,단일로 - 기타,승용,남,70세,상해없음,보행자,남,10세,경상
25040,2020082800100245,2020년 8월 28일 13시,금요일,서울특별시 송파구 잠실동,경상사고,0,0,1,0,차대사람 - 기타,안전운전불이행,포장 - 젖음/습기,비,단일로 - 기타,승용,남,31세,상해없음,보행자,남,54세,경상
25041,2020082800100275,2020년 8월 28일 14시,금요일,서울특별시 성동구 응봉동,경상사고,0,0,1,0,차대사람 - 길가장자리구역통행중,안전운전불이행,포장 - 젖음/습기,비,기타 - 기타,승합,남,74세,상해없음,보행자,여,64세,경상
25042,2020082800100280,2020년 8월 28일 14시,금요일,서울특별시 서초구 방배동,중상사고,0,1,0,0,차대사람 - 기타,안전운전불이행,포장 - 젖음/습기,비,기타 - 기타,승용,남,68세,상해없음,보행자,여,61세,중상
25043,2020082800100281,2020년 8월 28일 14시,금요일,서울특별시 강남구 역삼동,중상사고,0,1,0,0,차대사람 - 기타,안전운전불이행,포장 - 젖음/습기,비,단일로 - 기타,승용,남,63세,상해없음,보행자,남,76세,중상
25044,2020082800100316,2020년 8월 28일 15시,금요일,서울특별시 노원구 공릉동,경상사고,0,0,1,0,차대사람 - 기타,안전운전불이행,포장 - 건조,맑음,단일로 - 기타,승용,여,43세,기타불명,보행자,남,46세,경상
25045,2020082800100405,2020년 8월 28일 17시,금요일,서울특별시 종로구 누상동,경상사고,0,0,1,0,차대사람 - 차도통행중,안전운전불이행,포장 - 젖음/습기,흐림,교차로 - 교차로안,승용,남,50세,상해없음,보행자,남,72세,경상
25046,2020082800100409,2020년 8월 28일 17시,금요일,서울특별시 마포구 서교동,부상신고사고,0,0,0,1,차대사람 - 기타,안전운전불이행,포장 - 건조,맑음,기타 - 기타,승용,남,56세,상해없음,보행자,남,23세,부상신고
25047,2020082800100502,2020년 8월 28일 19시,금요일,서울특별시 관악구 신림동,경상사고,0,0,1,0,차대사람 - 차도통행중,안전운전불이행,포장 - 건조,흐림,교차로 - 교차로안,승용,남,30세,상해없음,보행자,남,30세,경상
25048,2020082800100609,2020년 8월 28일 22시,금요일,서울특별시 용산구 동자동,중상사고,0,1,0,0,차대사람 - 차도통행중,안전운전불이행,포장 - 건조,맑음,단일로 - 기타,승용,남,54세,상해없음,보행자,남,40세,중상
25049,2020082800100611,2020년 8월 28일 22시,금요일,서울특별시 동작구 흑석동,부상신고사고,0,0,0,1,차대사람 - 기타,안전운전불이행,포장 - 건조,맑음,단일로 - 기타,승용,남,45세,상해없음,보행자,남,61세,부상신고
25050,2020082800100613,2020년 8월 28일 22시,금요일,서울특별시 강서구 방화동,경상사고,0,0,1,0,차대사람 - 기타,안전운전불이행,포장 - 건조,맑음,단일로 - 기타,승용,여,55세,상해없음,보행자,남,18세,경상
25051,2020082800100633,2020년 8월 28일 23시,금요일,서울특별시 용산구 원효로2가,경상사고,0,0,1,0,차대사람 - 횡단중,신호위반,포장 - 건조,맑음,단일로 - 기타,기타불명,기타불명,미분류,기타불명,보행자,남,27세,경상
25052,2020082800100635,2020년 8월 28일 23시,금요일,서울특별시 영등포구 영등포동6가,경상사고,0,0,1,0,차대사람 - 차도통행중,안전운전불이행,포장 - 건조,맑음,단일로 - 기타,승합,남,61세,상해없음,보행자,남,59세,경상
25053,2020082800100637,2020년 8월 28일 23시,금요일,서울특별시 서초구 반포동,중상사고,0,1,0,0,차대사람 - 기타,안전운전불이행,포장 - 건조,맑음,교차로 - 교차로안,승용,여,29세,상해없음,보행자,여,26세,중상
25054,2020082900100016,2020년 8월 29일 01시,토요일,서울특별시 영등포구 영등포동,경상사고,0,0,1,0,차대사람 - 기타,안전운전불이행,포장 - 건조,맑음,단일로 - 기타,승용,남,45세,상해없음,보행자,남,47세,경상
25055,2020082900100018,2020년 8월 29일 01시,토요일,서울특별시 금천구 독산동,중상사고,0,1,1,0,차대사람 - 차도통행중,안전운전불이행,포장 - 건조,기타,기타 - 기타,승용,남,66세,상해없음,보행자,남,63세,중상
25056,2020082900100048,2020년 8월 29일 03시,토요일,서울특별시 서초구 반포동,중상사고,0,1,0,0,차대사람 - 기타,안전운전불이행,포장 - 건조,흐림,단일로 - 기타,승용,남,23세,상해없음,보행자,남,41세,중상
25057,2020082900100175,2020년 8월 29일 11시,토요일,서울특별시 종로구 세종로,경상사고,0,0,1,0,차대사람 - 기타,기타,포장 - 건조,맑음,단일로 - 기타,승합,여,56세,상해없음,보행자,여,52세,경상
25058,2020082900100291,2020년 8월 29일 14시,토요일,서울특별시 은평구 갈현동,중상사고,0,1,0,0,차대사람 - 기타,신호위반,포장 - 건조,맑음,교차로 - 교차로부근,개인형이동수단(PM),남,22세,상해없음,보행자,남,82세,중상
25059,2020082900100356,2020년 8월 29일 16시,토요일,서울특별시 강서구 화곡동,경상사고,0,0,1,0,차대사람 - 보도통행중,기타,포장 - 건조,흐림,단일로 - 기타,승용,남,63세,상해없음,보행자,여,23세,경상
25060,2020082900100382,2020년 8월 29일 17시,토요일,서울특별시 마포구 노고산동,중상사고,0,1,0,0,차대사람 - 기타,안전운전불이행,포장 - 건조,흐림,단일로 - 기타,승용,남,24세,상해없음,보행자,여,79세,중상
25061,2020082900100383,2020년 8월 29일 17시,토요일,서울특별시 동작구 상도동,경상사고,0,0,1,0,차대사람 - 보도통행중,기타,포장 - 젖음/습기,비,단일로 - 기타,원동기,남,21세,상해없음,보행자,여,58세,경상
25062,2020082900100414,2020년 8월 29일 18시,토요일,서울특별시 강동구 천호동,경상사고,0,0,1,0,차대사람 - 횡단중,보행자보호의무위반,포장 - 젖음/습기,비,교차로 - 교차로횡단보도내,승용,남,67세,상해없음,보행자,여,17세,경상
25063,2020082900100443,2020년 8월 29일 19시,토요일,서울특별시 성북구 성북동,중상사고,0,1,1,0,차대사람 - 차도통행중,신호위반,포장 - 젖음/습기,비,교차로 - 교차로부근,화물,남,69세,상해없음,보행자,여,23세,중상
25064,2020082900100444,2020년 8월 29일 19시,토요일,서울특별시 영등포구 당산동,경상사고,0,0,1,1,차대사람 - 횡단중,신호위반,포장 - 젖음/습기,비,단일로 - 기타,이륜,남,61세,부상신고,보행자,여,27세,경상
25065,2020082900100481,2020년 8월 29일 20시,토요일,서울특별시 중구 신당동,중상사고,0,1,0,0,차대사람 - 기타,신호위반,포장 - 젖음/습기,비,교차로 - 교차로안,승용,여,33세,상해없음,보행자,남,61세,중상
25066,2020082900100482,2020년 8월 29일 20시,토요일,서울특별시 성북구 동소문동6가,경상사고,0,0,1,0,차대사람 - 횡단중,안전운전불이행,포장 - 젖음/습기,비,단일로 - 기타,승용,남,35세,상해없음,보행자,여,74세,경상
25067,2020082900100518,2020년 8월 29일 21시,토요일,서울특별시 송파구 가락동,경상사고,0,0,1,0,차대사람 - 횡단중,신호위반,비포장 - 젖음/습기,비,교차로 - 교차로안,이륜,남,16세,상해없음,보행자,남,52세,경상
25068,2020082900100556,2020년 8월 29일 23시,토요일,서울특별시 금천구 시흥동,중상사고,0,1,0,0,차대사람 - 기타,신호위반,포장 - 젖음/습기,맑음,교차로 - 교차로횡단보도내,승용,남,51세,상해없음,보행자,남,39세,중상
25069,2020083000100001,2020년 8월 30일 00시,일요일,서울특별시 용산구 이태원동,경상사고,0,0,2,0,차대사람 - 횡단중,안전운전불이행,포장 - 젖음/습기,맑음,단일로 - 기타,승용,남,71세,상해없음,보행자,남,38세,경상
25070,2020083000100053,2020년 8월 30일 05시,일요일,서울특별시 관악구 신림동,중상사고,0,1,0,0,차대사람 - 횡단중,안전운전불이행,포장 - 젖음/습기,비,교차로 - 교차로횡단보도내,승용,남,65세,상해없음,보행자,남,30세,중상