,사고번호,사고일시,요일,시군구,사고내용,사망자수,중상자수,경상자수,부상신고자수,사고유형,법규위반,노면상태,기상상태,도로형태,가해운전자 차종,가해운전자 성별,가해운전자 연령,가해운전자 상해정도,피해운전자 차종,피해운전자 성별,피해운전자 연령,피해운전자 상해정도
25637,2020092600100259,2020년 9월 26일 12시,토요일,서울특별시 서초구 반포동,부상신고사고,0,0,0,1,차대사람 - 기타,안전운전불이행,포장 - 건조,맑음,단일로 - 기타,승합,남,71세,상해없음,보행자,여,60세,부상신고
25638,2020092600100390,2020년 9월 26일 15시,토요일,서울특별시 종로구 창신동,경상사고,0,0,1,0,차대사람 - 길가장자리구역통행중,안전운전불이행,포장 - 건조,맑음,단일로 - 기타,승합,남,63세,상해없음,보행자,여,72세,경상
25639,2020092600100392,2020년 9월 26일 15시,토요일,서울특별시 동작구 흑석동,부상신고사고,0,0,0,1,차대사람 - 차도통행중,안전운전불이행,포장 - 건조,맑음,단일로 - 기타,승합,남,57세,상해없음,보행자,남,61세,부상신고
25640,2020092600100443,2020년 9월 26일 16시,토요일,서울특별시 강남구 수서동,부상신고사고,0,0,0,1,차대사람 - 기타,안전운전불이행,포장 - 건조,맑음,단일로 - 기타,자전거,남,57세,부상신고,보행자,남,69세,상해없음
25641,2020092600100484,2020년 9월 26일 17시,토요일,서울특별시 종로구 종로5가,경상사고,0,0,1,0,차대사람 - 기타,안전운전불이행,포장 - 건조,맑음,단일로 - 기타,승합,남,55세,상해없음,보행자,남,40세,경상
25642,2020092600100485,2020년 9월 26일 17시,토요일,서울특별시 동대문구 용두동,경상사고,0,0,1,0,차대사람 - 기타,안전운전불이행,포장 - 건조,맑음,단일로 - 기타,승용,남,67세,상해없음,보행자,여,24세,경상
25643,2020092600100491,2020년 9월 26일 17시,토요일,서울특별시 강남구 역삼동,중상사고,0,1,0,0,차대사람 - 기타,안전운전불이행,포장 - 건조,맑음,단일로 - 기타,승합,남,60세,상해없음,보행자,여,33세,중상
25644,2020092600100524,2020년 9월 26일 18시,토요일,서울특별시 서대문구 홍은동,경상사고,0,0,2,0,차대사람 - 횡단중,신호위반,포장 - 건조,맑음,교차로 - 교차로횡단보도내,화물,남,57세,상해없음,보행자,여,39세,경상
25645,2020092600100528,2020년 9월 26일 18시,토요일,서울특별시 서초구 반포동,경상사고,0,0,1,0,차대사람 - 기타,안전운전불이행,포장 - 건조,맑음,교차로 - 교차로횡단보도내,개인형이동수단(PM),남,51세,상해없음,보행자,여,41세,경상
25646,2020092600100619,2020년 9월 26일 20시,토요일,서울특별시 송파구 송파동,중상사고,0,1,0,0,차대사람 - 횡단중,보행자보호의무위반,포장 - 건조,맑음,교차로 - 교차로안,승용,남,41세,상해없음,보행자,남,34세,중상
25647,2020092600100644,2020년 9월 26일 21시,토요일,서울특별시 노원구 상계동,중상사고,0,1,0,0,차대사람 - 기타,안전운전불이행,포장 - 건조,맑음,단일로 - 기타,승용,남,60세,상해없음,보행자,남,57세,중상
25648,2020092600100673,2020년 9월 26일 22시,토요일,서울특별시 서초구 잠원동,부상신고사고,0,0,0,1,차대사람 - 기타,안전운전불이행,포장 - 건조,맑음,교차로 - 교차로부근,승용,남,66세,상해없음,보행자,여,27세,부상신고
25649,2020092700100040,2020년 9월 27일 02시,일요일,서울특별시 마포구 연남동,부상신고사고,0,0,0,1,차대사람 - 기타,안전운전불이행,포장 - 건조,맑음,교차로 - 교차로안,승용,남,38세,상해없음,보행자,남,22세,부상신고
25650,2020092700100041,2020년 9월 27일 02시,일요일,서울특별시 강남구 신사동,경상사고,0,0,1,0,차대사람 - 기타,안전운전불이행,포장 - 건조,맑음,단일로 - 기타,승용,여,32세,상해없음,보행자,여,22세,경상
25651,2020092700100056,2020년 9월 27일 04시,일요일,서울특별시 서대문구 남가좌동,사망사고,1,0,0,0,차대사람 - 횡단중,안전운전불이행,포장 - 건조,맑음,단일로 - 기타,승용,남,65세,상해없음,보행자,남,80세,사망
25652,2020092700100066,2020년 9월 27일 05시,일요일,서울특별시 서초구 잠원동,중상사고,0,1,0,0,차대사람 - 기타,안전운전불이행,포장 - 건조,맑음,기타 - 기타,개인형이동수단(PM),남,23세,중상,보행자,남,23세,상해없음
25653,2020092700100077,2020년 9월 27일 06시,일요일,서울특별시 광진구 자양동,경상사고,0,0,1,0,차대사람 - 횡단중,안전운전불이행,포장 - 건조,맑음,교차로 - 교차로안,개인형이동수단(PM),남,25세,상해없음,보행자,여,26세,경상
25654,2020092700100092,2020년 9월 27일 07시,일요일,서울특별시 송파구 잠실동,경상사고,0,0,1,0,차대사람 - 기타,안전운전불이행,포장 - 건조,맑음,기타 - 기타,승합,남,46세,상해없음,보행자,여,58세,경상
25655,2020092700100152,2020년 9월 27일 11시,일요일,서울특별시 서대문구 홍제동,경상사고,0,0,1,0,차대사람 - 횡단중,보행자보호의무위반,포장 - 건조,맑음,단일로 - 기타,화물,남,49세,상해없음,보행자,남,78세,경상
25656,2020092700100184,2020년 9월 27일 12시,일요일,서울특별시 관악구 신림동,중상사고,0,1,0,0,차대사람 - 기타,안전운전불이행,포장 - 건조,맑음,교차로 - 교차로안,승용,남,69세,상해없음,보행자,여,71세,중상
25657,2020092700100256,2020년 9월 27일 14시,일요일,서울특별시 서대문구 연희동,중상사고,0,1,0,0,차대사람 - 기타,기타,포장 - 건조,맑음,단일로 - 기타,원동기,남,18세,상해없음,보행자,남,11세,중상
25658,2020092700100257,2020년 9월 27일 14시,일요일,서울특별시 동대문구 제기동,경상사고,0,0,1,0,차대사람 - 기타,안전운전불이행,포장 - 건조,맑음,단일로 - 기타,승용,남,82세,상해없음,보행자,남,62세,경상
25659,2020092700100260,2020년 9월 27일 14시,일요일,서울특별시 송파구 오금동,경상사고,0,0,1,0,차대사람 - 횡단중,보행자보호의무위반,포장 - 건조,맑음,교차로 - 교차로안,승용,남,75세,상해없음,보행자,여,69세,경상
25660,2020092700100334,2020년 9월 27일 16시,일요일,서울특별시 관악구 신림동,경상사고,0,0,1,0,차대사람 - 차도통행중,기타,포장 - 건조,맑음,단일로 - 기타,승용,남,48세,상해없음,보행자,남,26세,경상
25661,2020092700100369,2020년 9월 27일 17시,일요일,서울특별시 마포구 망원동,경상사고,0,0,1,0,차대사람 - 기타,안전운전불이행,포장 - 건조,맑음,기타 - 기타,승용,남,38세,상해없음,보행자,여,27세,경상
25662,2020092700100372,2020년 9월 27일 17시,일요일,서울특별시 노원구 중계동,중상사고,0,1,0,0,차대사람 - 보도통행중,안전운전불이행,포장 - 건조,맑음,단일로 - 기타,자전거,남,6세,상해없음,보행자,여,58세,중상
25663,2020092700100412,2020년 9월 27일 18시,일요일,서울특별시 중랑구 상봉동,경상사고,0,0,1,0,차대사람 - 차도통행중,안전운전불이행,포장 - 건조,맑음,단일로 - 기타,기타불명,기타불명,미분류,기타불명,보행자,여,27세,경상
25664,2020092700100472,2020년 9월 27일 20시,일요일,서울특별시 강동구 성내동,중상사고,0,1,0,0,차대사람 - 횡단중,안전운전불이행,포장 - 건조,맑음,교차로 - 교차로안,승용,남,48세,상해없음,보행자,여,54세,중상
25665,2020092700100511,2020년 9월 27일 21시,일요일,서울특별시 도봉구 쌍문동,경상사고,0,0,1,0,차대사람 - 기타,안전운전불이행,포장 - 건조,맑음,단일로 - 기타,승합,남,75세,상해없음,보행자,남,34세,경상
25666,2020092700100528,2020년 9월 27일 22시,일요일,서울특별시 강북구 미아동,중상사고,0,1,0,0,차대사람 - 기타,안전운전불이행,포장 - 건조,맑음,교차로 - 교차로안,이륜,남,39세,상해없음,보행자,남,34세,중상
25667,2020092700100545,2020년 9월 27일 23시,일요일,서울특별시 관악구 신림동,경상사고,0,0,1,0,차대사람 - 기타,안전운전불이행,포장 - 기타,기타,기타 - 기타,승용,남,57세,상해없음,보행자,남,52세,경상
25668,2020092800100024,2020년 9월 28일 04시,월요일,서울특별시 서대문구 홍은동,중상사고,0,1,0,0,차대사람 - 보도통행중,안전운전불이행,포장 - 건조,맑음,단일로 - 기타,자전거,여,14세,상해없음,보행자,남,37세,중상
25669,2020092800100042,2020년 9월 28일 06시,월요일,서울특별시 마포구 서교동,중상사고,0,1,0,0,차대사람 - 기타,기타,포장 - 건조,맑음,단일로 - 기타,개인형이동수단(PM),남,27세,상해없음,보행자,여,32세,중상
25670,2020092800100086,2020년 9월 28일 08시,월요일,서울특별시 영등포구 양평동5가,중상사고,0,1,0,0,차대사람 - 기타,불법유턴,포장 - 건조,맑음,단일로 - 기타,승용,여,51세,상해없음,보행자,여,72세,중상
25671,2020092800100087,2020년 9월 28일 08시,월요일,서울특별시 은평구 갈현동,부상신고사고,0,0,0,1,차대사람 - 횡단중,안전운전불이행,포장 - 건조,맑음,교차로 - 교차로안,승용,남,74세,상해없음,보행자,여,21세,부상신고
25672,2020092800100088,2020년 9월 28일 08시,월요일,서울특별시 서초구 방배동,경상사고,0,0,1,0,차대사람 - 횡단중,보행자보호의무위반,포장 - 건조,맑음,교차로 - 교차로횡단보도내,화물,남,50세,상해없음,보행자,남,78세,경상
25673,2020092800100133,2020년 9월 28일 09시,월요일,서울특별시 중랑구 면목동,중상사고,0,1,0,0,차대사람 - 횡단중,신호위반,포장 - 건조,맑음,교차로 - 교차로안,승용,여,31세,상해없음,보행자,남,68세,중상
25674,2020092800100135,2020년 9월 28일 09시,월요일,서울특별시 양천구 신정동,경상사고,0,0,1,0,차대사람 - 횡단중,보행자보호의무위반,포장 - 건조,맑음,교차로 - 교차로횡단보도내,승용,남,58세,상해없음,보행자,여,62세,경상
25675,2020092800100266,2020년 9월 28일 12시,월요일,서울특별시 중랑구 면목동,부상신고사고,0,0,0,1,차대사람 - 길가장자리구역통행중,안전운전불이행,포장 - 건조,맑음,단일로 - 기타,승용,남,75세,기타불명,보행자,여,83세,부상신고
25676,2020092800100269,2020년 9월 28일 12시,월요일,서울특별시 서초구 잠원동,경상사고,0,0,1,0,차대사람 - 횡단중,보행자보호의무위반,포장 - 건조,맑음,단일로 - 기타,승용,여,64세,상해없음,보행자,여,75세,경상
25677,2020092800100311,2020년 9월 28일 13시,월요일,서울특별시 관악구 봉천동,경상사고,0,0,1,0,차대사람 - 기타,안전운전불이행,포장 - 건조,맑음,기타 - 기타,승용,남,82세,상해없음,보행자,여,32세,경상
25678,2020092800100313,2020년 9월 28일 13시,월요일,서울특별시 강동구 둔촌동,경상사고,0,0,1,0,차대사람 - 기타,안전운전불이행,포장 - 건조,맑음,단일로 - 기타,승용,남,51세,기타불명,보행자,여,71세,경상
25679,2020092800100416,2020년 9월 28일 15시,월요일,서울특별시 구로구 구로동,경상사고,0,0,1,0,차대사람 - 횡단중,보행자보호의무위반,포장 - 건조,맑음,교차로 - 교차로횡단보도내,승용,여,52세,상해없음,보행자,여,8세,경상
25680,2020092800100467,2020년 9월 28일 16시,월요일,서울특별시 성북구 동선동1가,경상사고,0,0,1,0,차대사람 - 기타,신호위반,포장 - 건조,맑음,단일로 - 기타,승용,여,24세,상해없음,보행자,남,60세,경상
25681,2020092800100468,2020년 9월 28일 16시,월요일,서울특별시 강북구 수유동,중상사고,0,1,1,0,차대사람 - 횡단중,신호위반,포장 - 건조,맑음,교차로 - 교차로안,승용,남,51세,상해없음,보행자,여,53세,중상
25682,2020092800100535,2020년 9월 28일 17시,월요일,서울특별시 강북구 수유동,경상사고,0,0,1,0,차대사람 - 횡단중,보행자보호의무위반,포장 - 건조,맑음,교차로 - 교차로안,화물,남,48세,상해없음,보행자,여,10세,경상
25683,2020092800100538,2020년 9월 28일 17시,월요일,서울특별시 강남구 청담동,경상사고,0,0,1,0,차대사람 - 기타,안전운전불이행,포장 - 건조,맑음,단일로 - 기타,승용,남,58세,상해없음,보행자,남,24세,경상
25684,2020092800100593,2020년 9월 28일 18시,월요일,서울특별시 중랑구 면목동,중상사고,0,1,0,0,차대사람 - 횡단중,보행자보호의무위반,포장 - 건조,맑음,교차로 - 교차로횡단보도내,화물,여,38세,상해없음,보행자,여,46세,중상
25685,2020092800100670,2020년 9월 28일 19시,월요일,서울특별시 중구 의주로1가,경상사고,0,0,1,0,차대사람 - 보도통행중,기타,포장 - 건조,맑음,교차로 - 교차로부근,원동기,남,19세,상해없음,보행자,여,7세,경상
25686,2020092800100671,2020년 9월 28일 19시,월요일,서울특별시 은평구 신사동,경상사고,0,0,1,0,차대사람 - 차도통행중,안전운전불이행,포장 - 건조,맑음,단일로 - 기타,승용,남,59세,상해없음,보행자,남,22세,경상
25687,2020092800100672,2020년 9월 28일 19시,월요일,서울특별시 동대문구 휘경동,경상사고,0,0,2,0,차대사람 - 횡단중,안전운전불이행,포장 - 건조,맑음,단일로 - 기타,이륜,남,61세,경상,보행자,여,68세,경상
25688,2020092800100673,2020년 9월 28일 19시,월요일,서울특별시 동대문구 장안동,중상사고,0,1,0,0,차대사람 - 횡단중,보행자보호의무위반,포장 - 건조,맑음,교차로 - 교차로횡단보도내,승용,여,54세,상해없음,보행자,남,72세,중상
25689,2020092800100679,2020년 9월 28일 19시,월요일,서울특별시 은평구 대조동,경상사고,0,0,1,0,차대사람 - 횡단중,보행자보호의무위반,포장 - 건조,맑음,교차로 - 교차로부근,승용,남,37세,상해없음,보행자,여,17세,경상
25690,2020092800100744,2020년 9월 28일 21시,월요일,서울특별시 성동구 마장동,경상사고,0,0,1,1,차대사람 - 차도통행중,안전운전불이행,포장 - 건조,맑음,단일로 - 기타,승용,남,66세,상해없음,보행자,남,29세,경상
25691,2020092800100789,2020년 9월 28일 22시,월요일,서울특별시 구로구 구로동,중상사고,0,1,0,0,차대사람 - 기타,안전운전불이행,포장 - 건조,맑음,교차로 - 교차로횡단보도내,이륜,남,18세,상해없음,보행자,남,25세,중상
25692,2020092800100792,2020년 9월 28일 22시,월요일,서울특별시 서초구 방배동,부상신고사고,0,0,0,1,차대사람 - 기타,안전운전불이행,포장 - 건조,맑음,교차로 - 교차로횡단보도내,승용,여,50세,상해없음,보행자,여,42세,부상신고
25693,2020092800100820,2020년 9월 28일 23시,월요일,서울특별시 강동구 강일동,경상사고,0,0,1,0,차대사람 - 기타,안전운전불이행,포장 - 건조,맑음,단일로 - 기타,승용,남,51세,상해없음,보행자,여,31세,경상
25694,2020092900100029,2020년 9월 29일 02시,화요일,서울특별시 동대문구 답십리동,중상사고,0,1,0,0,차대사람 - 차도통행중,안전운전불이행,포장 - 건조,기타,교차로 - 교차로부근,화물,남,60세,상해없음,보행자,여,77세,중상
25695,2020092900100049,2020년 9월 29일 05시,화요일,서울특별시 강북구 미아동,중상사고,0,1,0,0,차대사람 - 길가장자리구역통행중,안전운전불이행,포장 - 건조,맑음,단일로 - 기타,이륜,남,58세,상해없음,보행자,여,75세,중상
25696,2020092900100089,2020년 9월 29일 08시,화요일,서울특별시 은평구 역촌동,중상사고,0,1,0,0,차대사람 - 횡단중,보행자보호의무위반,포장 - 건조,맑음,교차로 - 교차로횡단보도내,화물,남,61세,상해없음,보행자,남,65세,중상
25697,2020092900100128,2020년 9월 29일 09시,화요일,서울특별시 중구 충무로3가,경상사고,0,0,1,0,차대사람 - 횡단중,보행자보호의무위반,포장 - 건조,맑음,교차로 - 교차로안,화물,남,59세,상해없음,보행자,여,51세,경상
25698,2020092900100170,2020년 9월 29일 10시,화요일,서울특별시 용산구 용산동2가,경상사고,0,0,1,0,차대사람 - 기타,안전운전불이행,포장 - 건조,맑음,단일로 - 기타,승용,남,60세,기타불명,보행자,여,32세,경상
25699,2020092900100171,2020년 9월 29일 10시,화요일,서울특별시 동대문구 용두동,경상사고,0,0,1,0,차대사람 - 횡단중,보행자보호의무위반,포장 - 건조,맑음,단일로 - 기타,자전거,남,62세,상해없음,보행자,남,39세,경상
25700,2020092900100172,2020년 9월 29일 10시,화요일,서울특별시 중랑구 중화동,경상사고,0,0,1,0,차대사람 - 기타,안전운전불이행,포장 - 건조,맑음,기타 - 기타,승용,남,43세,상해없음,보행자,여,44세,경상
25701,2020092900100173,2020년 9월 29일 10시,화요일,서울특별시 송파구 잠실동,중상사고,0,1,0,0,차대사람 - 기타,기타,포장 - 건조,맑음,단일로 - 기타,기타불명,기타불명,미분류,기타불명,보행자,남,65세,중상
25702,2020092900100221,2020년 9월 29일 11시,화요일,서울특별시 강서구 화곡동,경상사고,0,0,1,0,차대사람 - 보도통행중,안전운전불이행,포장 - 건조,맑음,기타 - 기타,화물,남,42세,상해없음,보행자,여,55세,경상
25703,2020092900100224,2020년 9월 29일 11시,화요일,서울특별시 구로구 궁동,경상사고,0,0,1,0,차대사람 - 차도통행중,안전운전불이행,포장 - 건조,맑음,교차로 - 교차로안,승용,여,22세,기타불명,보행자,남,49세,경상
25704,2020092900100225,2020년 9월 29일 11시,화요일,서울특별시 구로구 가리봉동,중상사고,0,1,0,0,차대사람 - 보도통행중,기타,포장 - 건조,맑음,단일로 - 기타,자전거,여,36세,상해없음,보행자,여,46세,중상
25705,2020092900100229,2020년 9월 29일 11시,화요일,서울특별시 강남구 도곡동,경상사고,0,0,1,0,차대사람 - 횡단중,보행자보호의무위반,포장 - 건조,맑음,단일로 - 기타,승용,여,27세,상해없음,보행자,남,9세,경상
25706,2020092900100296,2020년 9월 29일 13시,화요일,서울특별시 송파구 송파동,경상사고,0,0,1,0,차대사람 - 기타,안전운전불이행,포장 - 건조,맑음,단일로 - 기타,승용,여,27세,상해없음,보행자,남,60세,경상
25707,2020092900100298,2020년 9월 29일 13시,화요일,서울특별시 구로구 구로동,경상사고,0,0,1,0,차대사람 - 보도통행중,안전운전불이행,포장 - 건조,맑음,기타 - 기타,화물,남,47세,기타불명,보행자,남,25세,경상
25708,2020092900100356,2020년 9월 29일 14시,화요일,서울특별시 은평구 불광동,경상사고,0,0,1,0,차대사람 - 기타,안전운전불이행,포장 - 건조,맑음,단일로 - 기타,승용,여,81세,상해없음,보행자,여,25세,경상
25709,2020092900100413,2020년 9월 29일 15시,화요일,서울특별시 강북구 미아동,경상사고,0,0,1,0,차대사람 - 기타,안전운전불이행,포장 - 건조,맑음,교차로 - 교차로부근,승용,남,64세,상해없음,보행자,남,53세,경상
25710,2020092900100414,2020년 9월 29일 15시,화요일,서울특별시 동대문구 제기동,경상사고,0,0,1,0,차대사람 - 기타,안전운전불이행,포장 - 건조,맑음,기타 - 기타,승용,남,65세,상해없음,보행자,여,63세,경상
25711,2020092900100419,2020년 9월 29일 15시,화요일,서울특별시 양천구 신월동,경상사고,0,0,1,0,차대사람 - 기타,안전운전불이행,포장 - 건조,맑음,단일로 - 기타,승합,남,68세,상해없음,보행자,여,27세,경상
25712,2020092900100469,2020년 9월 29일 16시,화요일,서울특별시 강북구 미아동,경상사고,0,0,1,0,차대사람 - 기타,안전운전불이행,포장 - 건조,맑음,단일로 - 기타,승용,남,63세,상해없음,보행자,남,32세,경상
25713,2020092900100476,2020년 9월 29일 16시,화요일,서울특별시 강남구 도곡동,경상사고,0,0,1,0,차대사람 - 횡단중,안전운전불이행,포장 - 건조,맑음,교차로 - 교차로부근,승용,남,50세,상해없음,보행자,여,26세,경상
25714,2020092900100529,2020년 9월 29일 17시,화요일,서울특별시 강동구 천호동,중상사고,0,1,1,0,차대사람 - 횡단중,안전운전불이행,포장 - 건조,맑음,단일로 - 기타,자전거,남,12세,경상,보행자,남,5세,중상
25715,2020092900100590,2020년 9월 29일 18시,화요일,서울특별시 성동구 성수동2가,경상사고,0,0,1,0,차대사람 - 횡단중,보행자보호의무위반,포장 - 건조,맑음,교차로 - 교차로횡단보도내,승용,여,33세,상해없음,보행자,여,58세,경상
25716,2020092900100591,2020년 9월 29일 18시,화요일,서울특별시 강동구 강일동,부상신고사고,0,0,0,1,차대사람 - 보도통행중,안전운전불이행,포장 - 건조,맑음,단일로 - 기타,기타불명,기타불명,미분류,기타불명,보행자,여,27세,부상신고
25717,2020092900100592,2020년 9월 29일 18시,화요일,서울특별시 성북구 하월곡동,부상신고사고,0,0,0,1,차대사람 - 차도통행중,안전운전불이행,포장 - 건조,맑음,교차로 - 교차로안,자전거,여,26세,상해없음,보행자,여,6세,부상신고
25718,2020092900100594,2020년 9월 29일 18시,화요일,서울특별시 양천구 신정동,경상사고,0,0,1,0,차대사람 - 기타,안전운전불이행,포장 - 건조,맑음,단일로 - 기타,승용,남,65세,상해없음,보행자,여,18세,경상
25719,2020092900100650,2020년 9월 29일 19시,화요일,서울특별시 성북구 길음동,중상사고,0,1,0,0,차대사람 - 기타,안전운전불이행,포장 - 건조,맑음,기타 - 기타,승용,남,60세,상해없음,보행자,여,66세,중상
25720,2020092900100704,2020년 9월 29일 20시,화요일,서울특별시 중랑구 망우동,부상신고사고,0,0,0,1,차대사람 - 기타,안전운전불이행,포장 - 건조,기타,교차로 - 교차로부근,기타불명,기타불명,미분류,기타불명,보행자,남,47세,부상신고
25721,2020092900100708,2020년 9월 29일 20시,화요일,서울특별시 구로구 구로동,중상사고,0,1,0,0,차대사람 - 횡단중,안전운전불이행,포장 - 건조,맑음,교차로 - 교차로부근,승용,남,51세,상해없음,보행자,남,1세,중상
25722,2020092900100756,2020년 9월 29일 21시,화요일,서울특별시 용산구 문배동,경상사고,0,0,1,0,차대사람 - 기타,안전운전불이행,포장 - 건조,맑음,기타 - 기타,승용,남,67세,상해없음,보행자,남,35세,경상
25723,2020093000100004,2020년 9월 30일 00시,수요일,서울특별시 마포구 동교동,중상사고,0,1,0,0,차대사람 - 기타,신호위반,포장 - 건조,맑음,단일로 - 기타,개인형이동수단(PM),남,33세,상해없음,보행자,여,44세,중상
25724,2020093000100007,2020년 9월 30일 00시,수요일,서울특별시 도봉구 도봉동,경상사고,0,0,1,0,차대사람 - 차도통행중,안전운전불이행,포장 - 건조,맑음,교차로 - 교차로안,승용,남,65세,상해없음,보행자,남,48세,경상
25725,2020093000100043,2020년 9월 30일 02시,수요일,서울특별시 강북구 수유동,경상사고,0,0,1,0,차대사람 - 기타,안전운전불이행,포장 - 건조,맑음,단일로 - 기타,승용,남,60세,상해없음,보행자,남,27세,경상
25726,2020093000100044,2020년 9월 30일 02시,수요일,서울특별시 강남구 논현동,경상사고,0,0,1,0,차대사람 - 길가장자리구역통행중,안전운전불이행,포장 - 건조,맑음,단일로 - 지하차도(도로)내,승용,남,74세,상해없음,보행자,남,33세,경상
25727,2020093000100067,2020년 9월 30일 05시,수요일,서울특별시 용산구 용산동2가,사망사고,1,0,0,0,차대사람 - 차도통행중,안전운전불이행,포장 - 건조,맑음,단일로 - 기타,승용,남,65세,상해없음,보행자,여,86세,사망
25728,2020093000100121,2020년 9월 30일 09시,수요일,서울특별시 동대문구 용두동,중상사고,0,1,0,0,차대사람 - 횡단중,안전운전불이행,포장 - 건조,맑음,교차로 - 교차로부근,승용,여,53세,상해없음,보행자,여,67세,중상
25729,2020093000100142,2020년 9월 30일 10시,수요일,서울특별시 구로구 구로동,경상사고,0,0,1,0,차대사람 - 횡단중,보행자보호의무위반,포장 - 건조,맑음,교차로 - 교차로횡단보도내,승합,남,63세,상해없음,보행자,남,48세,경상
25730,2020093000100199,2020년 9월 30일 12시,수요일,서울특별시 구로구 가리봉동,경상사고,0,0,1,0,차대사람 - 기타,안전운전불이행,포장 - 건조,맑음,단일로 - 기타,승용,남,60세,상해없음,보행자,남,61세,경상
25731,2020093000100200,2020년 9월 30일 12시,수요일,서울특별시 양천구 목동,중상사고,0,1,0,0,차대사람 - 기타,안전운전불이행,포장 - 건조,맑음,단일로 - 기타,승용,남,51세,기타불명,보행자,여,44세,중상
25732,2020093000100233,2020년 9월 30일 13시,수요일,서울특별시 동대문구 제기동,경상사고,0,0,1,0,차대사람 - 기타,안전운전불이행,포장 - 건조,맑음,단일로 - 기타,승용,남,53세,상해없음,보행자,남,55세,경상
25733,2020093000100234,2020년 9월 30일 13시,수요일,서울특별시 영등포구 대림동,중상사고,0,1,0,0,차대사람 - 기타,안전운전불이행,포장 - 건조,맑음,단일로 - 기타,승용,여,33세,상해없음,보행자,남,85세,중상
25734,2020093000100295,2020년 9월 30일 15시,수요일,서울특별시 동대문구 제기동,경상사고,0,0,1,0,차대사람 - 기타,안전운전불이행,포장 - 건조,맑음,단일로 - 기타,이륜,남,65세,상해없음,보행자,남,76세,경상
25735,2020093000100363,2020년 9월 30일 17시,수요일,서울특별시 금천구 독산동,경상사고,0,0,1,0,차대사람 - 기타,안전운전불이행,포장 - 건조,맑음,단일로 - 기타,승합,남,42세,상해없음,보행자,남,23세,경상
25736,2020093000100364,2020년 9월 30일 17시,수요일,서울특별시 중랑구 상봉동,경상사고,0,0,1,0,차대사람 - 기타,안전운전불이행,포장 - 건조,맑음,단일로 - 기타,승용,남,30세,상해없음,보행자,남,55세,경상
25737,2020093000100385,2020년 9월 30일 18시,수요일,서울특별시 중구 남산동2가,부상신고사고,0,0,0,1,차대사람 - 기타,안전운전불이행,포장 - 젖음/습기,비,단일로 - 기타,승용,남,49세,상해없음,보행자,남,62세,부상신고
25738,2020093000100388,2020년 9월 30일 18시,수요일,서울특별시 서초구 양재동,중상사고,0,1,0,0,차대사람 - 횡단중,안전운전불이행,포장 - 건조,맑음,교차로 - 교차로부근,승용,남,50세,상해없음,보행자,남,83세,중상
25739,2020093000100476,2020년 9월 30일 21시,수요일,서울특별시 마포구 노고산동,경상사고,0,0,1,0,차대사람 - 기타,안전운전불이행,포장 - 건조,맑음,교차로 - 교차로안,승용,남,53세,상해없음,보행자,남,65세,경상
25740,2020093000100490,2020년 9월 30일 22시,수요일,서울특별시 서대문구 홍제동,중상사고,0,1,0,0,차대사람 - 기타,안전운전불이행,포장 - 건조,맑음,단일로 - 기타,승합,남,63세,상해없음,보행자,여,32세,중상
25741,2020093000100511,2020년 9월 30일 23시,수요일,서울특별시 광진구 능동,경상사고,0,0,1,0,차대사람 - 길가장자리구역통행중,안전운전불이행,포장 - 건조,맑음,단일로 - 기타,승용,남,19세,상해없음,보행자,남,23세,경상
25742,2020100100100022,2020년 10월 1일 02시,목요일,서울특별시 구로구 오류동,중상사고,0,1,0,0,차대사람 - 차도통행중,안전운전불이행,포장 - 건조,맑음,단일로 - 기타,승용,남,73세,상해없음,보행자,남,51세,중상
25743,2020100100100118,2020년 10월 1일 13시,목요일,서울특별시 성북구 정릉동,경상사고,0,0,1,0,차대사람 - 차도통행중,안전운전불이행,포장 - 건조,맑음,교차로 - 교차로부근,승용,남,37세,상해없음,보행자,여,77세,경상
25744,2020100100100120,2020년 10월 1일 13시,목요일,서울특별시 동대문구 장안동,중상사고,0,1,0,0,차대사람 - 횡단중,안전운전불이행,포장 - 건조,맑음,단일로 - 기타,자전거,남,52세,상해없음,보행자,남,71세,중상
25745,2020100100100204,2020년 10월 1일 16시,목요일,서울특별시 동대문구 전농동,경상사고,0,0,1,0,차대사람 - 횡단중,보행자보호의무위반,포장 - 건조,맑음,교차로 - 교차로안,승용,남,45세,상해없음,보행자,여,37세,경상
25746,2020100100100281,2020년 10월 1일 20시,목요일,서울특별시 강남구 역삼동,부상신고사고,0,0,0,1,차대사람 - 보도통행중,보행자보호의무위반,포장 - 건조,맑음,단일로 - 기타,승용,남,51세,상해없음,보행자,여,18세,부상신고
25747,2020100100100326,2020년 10월 1일 23시,목요일,서울특별시 강동구 성내동,경상사고,0,0,1,0,차대사람 - 차도통행중,안전운전불이행,포장 - 건조,맑음,단일로 - 기타,원동기,여,16세,상해없음,보행자,여,60세,경상
25748,2020100200100031,2020년 10월 2일 04시,금요일,서울특별시 성북구 동선동4가,부상신고사고,0,0,0,1,차대사람 - 차도통행중,안전운전불이행,포장 - 건조,맑음,교차로 - 교차로안,승용,남,51세,상해없음,보행자,남,45세,부상신고