,사고번호,사고일시,요일,시군구,사고내용,사망자수,중상자수,경상자수,부상신고자수,사고유형,법규위반,노면상태,기상상태,도로형태,가해운전자 차종,가해운전자 성별,가해운전자 연령,가해운전자 상해정도,피해운전자 차종,피해운전자 성별,피해운전자 연령,피해운전자 상해정도
26535,2020110500100226,2020년 11월 5일 12시,목요일,서울특별시 종로구 창신동,중상사고,0,1,0,0,차대사람 - 기타,보행자보호의무위반,포장 - 건조,맑음,단일로 - 기타,이륜,남,37세,상해없음,보행자,여,54세,중상
26536,2020110500100263,2020년 11월 5일 13시,목요일,서울특별시 성북구 보문동6가,중상사고,0,1,0,0,차대사람 - 횡단중,안전운전불이행,포장 - 건조,맑음,교차로 - 교차로안,승합,남,57세,상해없음,보행자,여,90세,중상
26537,2020110500100294,2020년 11월 5일 14시,목요일,서울특별시 송파구 잠실동,경상사고,0,0,1,0,차대사람 - 횡단중,안전운전불이행,포장 - 건조,맑음,단일로 - 기타,개인형이동수단(PM),여,15세,상해없음,보행자,여,23세,경상
26538,2020110500100296,2020년 11월 5일 14시,목요일,서울특별시 강남구 역삼동,경상사고,0,0,1,0,차대사람 - 기타,안전운전불이행,포장 - 건조,맑음,주차장 - 주차장,승용,남,69세,상해없음,보행자,여,62세,경상
26539,2020110500100320,2020년 11월 5일 15시,목요일,서울특별시 동대문구 전농동,중상사고,0,1,0,0,차대사람 - 횡단중,보행자보호의무위반,포장 - 건조,맑음,교차로 - 교차로횡단보도내,이륜,남,28세,상해없음,보행자,여,83세,중상
26540,2020110500100323,2020년 11월 5일 15시,목요일,서울특별시 송파구 오금동,중상사고,0,1,0,0,차대사람 - 기타,안전운전불이행,포장 - 건조,맑음,단일로 - 기타,승합,남,49세,상해없음,보행자,여,92세,중상
26541,2020110500100358,2020년 11월 5일 16시,목요일,서울특별시 서대문구 연희동,중상사고,0,2,0,0,차대사람 - 길가장자리구역통행중,안전운전불이행,포장 - 건조,맑음,교차로 - 교차로안,승용,남,50세,상해없음,보행자,여,72세,중상
26542,2020110500100360,2020년 11월 5일 16시,목요일,서울특별시 관악구 신림동,중상사고,0,1,0,0,차대사람 - 기타,기타,포장 - 건조,맑음,단일로 - 기타,승용,남,24세,상해없음,보행자,남,29세,중상
26543,2020110500100393,2020년 11월 5일 17시,목요일,서울특별시 강남구 대치동,경상사고,0,0,1,0,차대사람 - 길가장자리구역통행중,안전운전불이행,포장 - 건조,맑음,단일로 - 기타,승용,남,69세,상해없음,보행자,여,28세,경상
26544,2020110500100445,2020년 11월 5일 18시,목요일,서울특별시 관악구 신림동,경상사고,0,0,1,0,차대사람 - 횡단중,보행자보호의무위반,포장 - 건조,맑음,교차로 - 교차로부근,승용,남,56세,상해없음,보행자,남,28세,경상
26545,2020110500100447,2020년 11월 5일 18시,목요일,서울특별시 강동구 천호동,경상사고,0,0,1,0,차대사람 - 길가장자리구역통행중,안전운전불이행,포장 - 건조,맑음,단일로 - 기타,승용,남,52세,상해없음,보행자,남,51세,경상
26546,2020110500100448,2020년 11월 5일 18시,목요일,서울특별시 송파구 장지동,경상사고,0,0,2,0,차대사람 - 기타,안전운전불이행,포장 - 건조,맑음,교차로 - 교차로횡단보도내,승합,남,56세,상해없음,보행자,여,25세,경상
26547,2020110500100449,2020년 11월 5일 18시,목요일,서울특별시 양천구 목동,중상사고,0,1,0,0,차대사람 - 기타,안전운전불이행,포장 - 건조,맑음,교차로 - 교차로부근,승용,여,54세,상해없음,보행자,여,13세,중상
26548,2020110500100517,2020년 11월 5일 19시,목요일,서울특별시 구로구 개봉동,중상사고,0,2,0,0,차대사람 - 보도통행중,기타,포장 - 건조,맑음,단일로 - 고가도로위,이륜,남,16세,기타불명,보행자,여,29세,중상
26549,2020110500100561,2020년 11월 5일 20시,목요일,서울특별시 중구 북창동,경상사고,0,0,1,0,차대사람 - 기타,안전운전불이행,포장 - 건조,맑음,단일로 - 기타,승용,남,60세,상해없음,보행자,남,30세,경상
26550,2020110500100563,2020년 11월 5일 20시,목요일,서울특별시 강서구 화곡동,중상사고,0,1,0,0,차대사람 - 기타,안전운전불이행,포장 - 건조,맑음,단일로 - 기타,이륜,남,30세,상해없음,보행자,여,46세,중상
26551,2020110500100627,2020년 11월 5일 22시,목요일,서울특별시 송파구 송파동,경상사고,0,0,1,0,차대사람 - 기타,안전운전불이행,포장 - 건조,맑음,교차로 - 교차로부근,승용,여,63세,상해없음,보행자,남,52세,경상
26552,2020110500100652,2020년 11월 5일 23시,목요일,서울특별시 송파구 석촌동,중상사고,0,1,0,0,차대사람 - 기타,안전운전불이행,포장 - 건조,맑음,교차로 - 교차로부근,승용,남,50세,상해없음,보행자,남,36세,중상
26553,2020110600100046,2020년 11월 6일 05시,금요일,서울특별시 광진구 중곡동,사망사고,1,0,0,0,차대사람 - 기타,안전운전불이행,포장 - 건조,맑음,단일로 - 기타,화물,남,73세,상해없음,보행자,남,56세,사망
26554,2020110600100072,2020년 11월 6일 07시,금요일,서울특별시 동대문구 이문동,경상사고,0,0,1,0,차대사람 - 횡단중,신호위반,포장 - 건조,맑음,단일로 - 기타,화물,남,76세,상해없음,보행자,남,23세,경상
26555,2020110600100124,2020년 11월 6일 09시,금요일,서울특별시 동대문구 제기동,경상사고,0,0,1,0,차대사람 - 기타,보행자보호의무위반,포장 - 건조,맑음,교차로 - 교차로안,승용,남,77세,상해없음,보행자,여,59세,경상
26556,2020110600100125,2020년 11월 6일 09시,금요일,서울특별시 강남구 신사동,경상사고,0,0,1,0,차대사람 - 기타,신호위반,포장 - 건조,맑음,교차로 - 교차로안,승용,남,49세,상해없음,보행자,여,27세,경상
26557,2020110600100152,2020년 11월 6일 10시,금요일,서울특별시 서초구 서초동,경상사고,0,0,1,0,차대사람 - 차도통행중,안전운전불이행,포장 - 건조,맑음,기타 - 기타,승용,남,60세,상해없음,보행자,여,31세,경상
26558,2020110600100182,2020년 11월 6일 11시,금요일,서울특별시 서초구 방배동,경상사고,0,0,1,0,차대사람 - 기타,안전운전불이행,포장 - 건조,맑음,교차로 - 교차로안,승용,남,64세,상해없음,보행자,여,60세,경상
26559,2020110600100205,2020년 11월 6일 12시,금요일,서울특별시 강북구 수유동,경상사고,0,0,1,0,차대사람 - 보도통행중,안전운전불이행,포장 - 건조,맑음,단일로 - 기타,승합,남,61세,기타불명,보행자,남,36세,경상
26560,2020110600100234,2020년 11월 6일 13시,금요일,서울특별시 은평구 수색동,경상사고,0,0,1,0,차대사람 - 횡단중,신호위반,포장 - 건조,맑음,단일로 - 기타,승용,여,51세,상해없음,보행자,여,20세,경상
26561,2020110600100260,2020년 11월 6일 14시,금요일,서울특별시 종로구 명륜2가,부상신고사고,0,0,0,1,차대사람 - 기타,안전운전불이행,포장 - 건조,맑음,단일로 - 기타,기타불명,기타불명,미분류,기타불명,보행자,남,60세,부상신고
26562,2020110600100294,2020년 11월 6일 15시,금요일,서울특별시 강동구 강일동,중상사고,0,1,0,0,차대사람 - 기타,안전운전불이행,포장 - 건조,맑음,단일로 - 기타,기타불명,남,32세,상해없음,보행자,여,82세,중상
26563,2020110600100331,2020년 11월 6일 16시,금요일,서울특별시 금천구 독산동,중상사고,0,1,0,0,차대사람 - 횡단중,신호위반,포장 - 건조,맑음,교차로 - 교차로안,승용,여,52세,상해없음,보행자,여,78세,중상
26564,2020110600100332,2020년 11월 6일 16시,금요일,서울특별시 금천구 시흥동,경상사고,0,0,1,0,차대사람 - 기타,안전운전불이행,포장 - 건조,맑음,단일로 - 기타,승용,남,66세,상해없음,보행자,남,12세,경상
26565,2020110600100333,2020년 11월 6일 16시,금요일,서울특별시 동작구 대방동,중상사고,0,1,0,0,차대사람 - 기타,안전운전불이행,포장 - 건조,맑음,단일로 - 기타,승합,남,70세,상해없음,보행자,남,78세,중상
26566,2020110600100335,2020년 11월 6일 16시,금요일,서울특별시 강서구 마곡동,경상사고,0,0,1,0,차대사람 - 보도통행중,보행자보호의무위반,포장 - 건조,맑음,교차로 - 교차로부근,승용,남,53세,상해없음,보행자,여,22세,경상
26567,2020110600100369,2020년 11월 6일 17시,금요일,서울특별시 서대문구 남가좌동,경상사고,0,0,1,0,차대사람 - 차도통행중,안전운전불이행,포장 - 건조,맑음,단일로 - 기타,승용,남,71세,상해없음,보행자,남,24세,경상
26568,2020110600100370,2020년 11월 6일 17시,금요일,서울특별시 동대문구 장안동,경상사고,0,0,1,0,차대사람 - 횡단중,보행자보호의무위반,포장 - 건조,흐림,교차로 - 교차로횡단보도내,승용,남,52세,상해없음,보행자,여,32세,경상
26569,2020110600100374,2020년 11월 6일 17시,금요일,서울특별시 노원구 공릉동,경상사고,0,0,1,0,차대사람 - 횡단중,신호위반,포장 - 건조,맑음,단일로 - 기타,승용,여,71세,상해없음,보행자,여,17세,경상
26570,2020110600100496,2020년 11월 6일 19시,금요일,서울특별시 관악구 남현동,경상사고,0,0,1,0,차대사람 - 길가장자리구역통행중,안전운전불이행,포장 - 건조,기타,단일로 - 기타,승용,남,36세,상해없음,보행자,여,26세,경상
26571,2020110600100498,2020년 11월 6일 19시,금요일,서울특별시 강남구 삼성동,경상사고,0,0,1,0,차대사람 - 보도통행중,안전운전불이행,포장 - 건조,맑음,기타 - 기타,기타불명,기타불명,미분류,기타불명,보행자,여,24세,경상
26572,2020110600100628,2020년 11월 6일 23시,금요일,서울특별시 동대문구 전농동,중상사고,0,1,0,0,차대사람 - 기타,안전운전불이행,포장 - 건조,맑음,단일로 - 기타,화물,남,31세,상해없음,보행자,남,59세,중상
26573,2020110600100634,2020년 11월 6일 23시,금요일,서울특별시 강남구 도곡동,사망사고,1,0,0,0,차대사람 - 횡단중,안전운전불이행,포장 - 건조,맑음,단일로 - 기타,승용,남,51세,상해없음,보행자,여,28세,사망
26574,2020110700100002,2020년 11월 7일 00시,토요일,서울특별시 동작구 사당동,경상사고,0,0,1,0,차대사람 - 기타,안전운전불이행,포장 - 건조,맑음,교차로 - 교차로부근,승용,남,48세,상해없음,보행자,여,25세,경상
26575,2020110700100028,2020년 11월 7일 01시,토요일,서울특별시 관악구 신림동,경상사고,0,0,1,0,차대사람 - 횡단중,안전운전불이행,포장 - 건조,맑음,단일로 - 기타,승용,남,26세,상해없음,보행자,여,23세,경상
26576,2020110700100080,2020년 11월 7일 07시,토요일,서울특별시 영등포구 영등포동3가,경상사고,0,0,1,0,차대사람 - 기타,안전운전불이행,포장 - 건조,맑음,단일로 - 기타,승용,남,60세,상해없음,보행자,남,36세,경상
26577,2020110700100087,2020년 11월 7일 08시,토요일,서울특별시 송파구 가락동,경상사고,0,0,1,0,차대사람 - 길가장자리구역통행중,안전운전불이행,포장 - 건조,맑음,단일로 - 기타,화물,남,58세,상해없음,보행자,남,48세,경상
26578,2020110700100119,2020년 11월 7일 09시,토요일,서울특별시 강서구 등촌동,경상사고,0,0,1,0,차대사람 - 기타,안전운전불이행,포장 - 건조,맑음,교차로 - 교차로부근,승용,여,64세,상해없음,보행자,남,46세,경상
26579,2020110700100141,2020년 11월 7일 10시,토요일,서울특별시 은평구 불광동,중상사고,0,1,0,0,차대사람 - 기타,안전운전불이행,포장 - 건조,맑음,단일로 - 기타,승용,남,25세,상해없음,보행자,여,75세,중상
26580,2020110700100180,2020년 11월 7일 11시,토요일,서울특별시 노원구 상계동,중상사고,0,1,0,0,차대사람 - 차도통행중,교차로운행방법위반,포장 - 건조,맑음,교차로 - 교차로안,승용,여,60세,상해없음,보행자,여,71세,중상
26581,2020110700100268,2020년 11월 7일 13시,토요일,서울특별시 송파구 신천동,경상사고,0,0,1,0,차대사람 - 보도통행중,안전운전불이행,포장 - 건조,맑음,단일로 - 기타,자전거,남,45세,상해없음,보행자,여,33세,경상
26582,2020110700100348,2020년 11월 7일 15시,토요일,서울특별시 성북구 삼선동3가,중상사고,0,1,0,0,차대사람 - 기타,기타,포장 - 건조,맑음,단일로 - 기타,승용,남,33세,상해없음,보행자,남,60세,중상
26583,2020110700100349,2020년 11월 7일 15시,토요일,서울특별시 광진구 자양동,중상사고,0,1,0,0,차대사람 - 횡단중,안전운전불이행,포장 - 건조,맑음,단일로 - 기타,자전거,남,45세,상해없음,보행자,남,6세,중상
26584,2020110700100396,2020년 11월 7일 16시,토요일,서울특별시 마포구 성산동,중상사고,0,1,0,0,차대사람 - 횡단중,안전운전불이행,포장 - 건조,흐림,단일로 - 기타,자전거,남,49세,상해없음,보행자,여,67세,중상
26585,2020110700100400,2020년 11월 7일 16시,토요일,서울특별시 강남구 역삼동,경상사고,0,0,1,0,차대사람 - 기타,안전운전불이행,포장 - 건조,맑음,단일로 - 기타,승용,남,52세,상해없음,보행자,여,22세,경상
26586,2020110700100437,2020년 11월 7일 17시,토요일,서울특별시 영등포구 여의도동,중상사고,0,1,0,0,차대사람 - 횡단중,보행자보호의무위반,포장 - 건조,맑음,기타 - 기타,자전거,여,16세,상해없음,보행자,여,71세,중상
26587,2020110700100438,2020년 11월 7일 17시,토요일,서울특별시 동작구 노량진동,경상사고,0,0,1,0,차대사람 - 기타,안전운전불이행,포장 - 건조,맑음,단일로 - 기타,승용,남,35세,상해없음,보행자,여,60세,경상
26588,2020110700100441,2020년 11월 7일 17시,토요일,서울특별시 강남구 대치동,중상사고,0,1,0,0,차대사람 - 보도통행중,기타,포장 - 건조,맑음,단일로 - 기타,승용,여,48세,상해없음,보행자,여,15세,중상
26589,2020110700100490,2020년 11월 7일 18시,토요일,서울특별시 송파구 잠실동,경상사고,0,0,1,0,차대사람 - 보도통행중,기타,포장 - 건조,맑음,단일로 - 기타,승용,남,31세,상해없음,보행자,남,18세,경상
26590,2020110700100491,2020년 11월 7일 18시,토요일,서울특별시 구로구 가리봉동,중상사고,0,1,0,0,차대사람 - 기타,안전운전불이행,포장 - 건조,맑음,기타 - 기타,승용,여,42세,상해없음,보행자,남,55세,중상
26591,2020110700100588,2020년 11월 7일 20시,토요일,서울특별시 강북구 수유동,경상사고,0,0,1,0,차대사람 - 기타,안전운전불이행,포장 - 건조,맑음,단일로 - 기타,승용,남,38세,상해없음,보행자,남,49세,경상
26592,2020110700100590,2020년 11월 7일 20시,토요일,서울특별시 송파구 방이동,경상사고,0,0,1,0,차대사람 - 기타,기타,포장 - 건조,맑음,단일로 - 기타,자전거,남,29세,상해없음,보행자,남,65세,경상
26593,2020110700100624,2020년 11월 7일 21시,토요일,서울특별시 동대문구 용두동,중상사고,0,1,0,0,차대사람 - 보도통행중,안전운전불이행,포장 - 건조,맑음,교차로 - 교차로안,승용,남,40세,상해없음,보행자,남,56세,중상
26594,2020110700100648,2020년 11월 7일 22시,토요일,서울특별시 영등포구 문래동3가,경상사고,0,0,1,0,차대사람 - 보도통행중,기타,포장 - 건조,맑음,단일로 - 기타,개인형이동수단(PM),남,29세,상해없음,보행자,여,36세,경상
26595,2020110800100001,2020년 11월 8일 00시,일요일,서울특별시 종로구 행촌동,부상신고사고,0,0,0,1,차대사람 - 횡단중,안전운전불이행,포장 - 건조,맑음,단일로 - 지하차도(도로)내,승용,남,55세,상해없음,보행자,여,21세,부상신고
26596,2020110800100027,2020년 11월 8일 01시,일요일,서울특별시 동작구 대방동,중상사고,0,1,1,0,차대사람 - 횡단중,안전운전불이행,포장 - 건조,맑음,단일로 - 기타,승용,남,77세,상해없음,보행자,여,27세,중상
26597,2020110800100072,2020년 11월 8일 06시,일요일,서울특별시 강동구 천호동,중상사고,0,1,0,0,차대사람 - 기타,안전운전불이행,포장 - 건조,맑음,단일로 - 기타,승용,남,44세,상해없음,보행자,남,68세,중상
26598,2020110800100097,2020년 11월 8일 09시,일요일,서울특별시 노원구 상계동,중상사고,0,1,0,0,차대사람 - 횡단중,신호위반,포장 - 건조,맑음,교차로 - 교차로횡단보도내,화물,남,65세,상해없음,보행자,여,61세,중상
26599,2020110800100143,2020년 11월 8일 11시,일요일,서울특별시 동대문구 제기동,중상사고,0,1,0,0,차대사람 - 보도통행중,기타,포장 - 건조,맑음,단일로 - 기타,자전거,남,54세,상해없음,보행자,남,72세,중상
26600,2020110800100172,2020년 11월 8일 12시,일요일,서울특별시 동작구 사당동,경상사고,0,0,1,0,차대사람 - 기타,안전운전불이행,포장 - 건조,맑음,교차로 - 교차로안,승용,남,75세,상해없음,보행자,남,28세,경상
26601,2020110800100243,2020년 11월 8일 14시,일요일,서울특별시 중구 황학동,경상사고,0,0,1,0,차대사람 - 기타,안전운전불이행,포장 - 건조,맑음,교차로 - 교차로횡단보도내,승용,남,21세,상해없음,보행자,남,81세,경상
26602,2020110800100321,2020년 11월 8일 16시,일요일,서울특별시 종로구 익선동,경상사고,0,0,1,0,차대사람 - 기타,안전운전불이행,포장 - 건조,맑음,단일로 - 기타,승용,남,35세,상해없음,보행자,남,29세,경상
26603,2020110800100406,2020년 11월 8일 18시,일요일,서울특별시 중구 신당동,중상사고,0,1,0,0,차대사람 - 보도통행중,기타,포장 - 건조,맑음,단일로 - 기타,승용,남,48세,상해없음,보행자,여,54세,중상
26604,2020110800100409,2020년 11월 8일 18시,일요일,서울특별시 송파구 문정동,중상사고,0,1,0,0,차대사람 - 기타,안전운전불이행,포장 - 건조,맑음,단일로 - 기타,승용,여,38세,상해없음,보행자,남,64세,중상
26605,2020110800100496,2020년 11월 8일 20시,일요일,서울특별시 서대문구 북가좌동,중상사고,0,1,0,0,차대사람 - 횡단중,보행자보호의무위반,포장 - 건조,흐림,교차로 - 교차로안,승용,여,22세,상해없음,보행자,남,45세,중상
26606,2020110800100497,2020년 11월 8일 20시,일요일,서울특별시 영등포구 대림동,중상사고,0,1,0,0,차대사람 - 기타,안전운전불이행,포장 - 건조,맑음,교차로 - 교차로부근,승용,여,58세,상해없음,보행자,여,37세,중상
26607,2020110800100516,2020년 11월 8일 21시,일요일,서울특별시 성북구 돈암동,경상사고,0,0,1,0,차대사람 - 기타,안전운전불이행,포장 - 건조,맑음,단일로 - 기타,이륜,남,52세,상해없음,보행자,남,71세,경상
26608,2020110800100517,2020년 11월 8일 21시,일요일,서울특별시 강서구 화곡동,경상사고,0,0,1,0,차대사람 - 차도통행중,안전운전불이행,포장 - 건조,맑음,기타 - 기타,승용,남,53세,상해없음,보행자,남,30세,경상
26609,2020110800100552,2020년 11월 8일 23시,일요일,서울특별시 강북구 수유동,중상사고,0,1,0,0,차대사람 - 횡단중,신호위반,포장 - 건조,맑음,교차로 - 교차로안,원동기,남,28세,상해없음,보행자,남,67세,중상
26610,2020110900100002,2020년 11월 9일 00시,월요일,서울특별시 강남구 신사동,경상사고,0,0,1,0,차대사람 - 횡단중,교차로운행방법위반,포장 - 건조,맑음,교차로 - 교차로안,승용,남,50세,상해없음,보행자,남,54세,경상
26611,2020110900100011,2020년 11월 9일 01시,월요일,서울특별시 마포구 서교동,경상사고,0,0,1,0,차대사람 - 기타,안전운전불이행,포장 - 건조,맑음,교차로 - 교차로부근,승용,남,21세,상해없음,보행자,남,19세,경상
26612,2020110900100012,2020년 11월 9일 01시,월요일,서울특별시 동작구 노량진동,사망사고,1,0,0,0,차대사람 - 횡단중,안전운전불이행,포장 - 건조,맑음,교차로 - 교차로안,승용,남,64세,상해없음,보행자,남,51세,사망
26613,2020110900100013,2020년 11월 9일 01시,월요일,서울특별시 노원구 상계동,사망사고,1,0,1,0,차대사람 - 횡단중,과속,포장 - 건조,맑음,교차로 - 교차로횡단보도내,이륜,남,20세,경상,보행자,남,65세,사망
26614,2020110900100060,2020년 11월 9일 07시,월요일,서울특별시 구로구 온수동,경상사고,0,0,1,0,차대사람 - 횡단중,과속,포장 - 건조,맑음,교차로 - 교차로안,승용,남,32세,상해없음,보행자,여,27세,경상
26615,2020110900100185,2020년 11월 9일 10시,월요일,서울특별시 양천구 목동,경상사고,0,0,1,0,차대사람 - 횡단중,보행자보호의무위반,포장 - 건조,맑음,단일로 - 기타,승용,남,62세,상해없음,보행자,여,80세,경상
26616,2020110900100217,2020년 11월 9일 11시,월요일,서울특별시 성동구 행당동,중상사고,0,1,1,0,차대사람 - 횡단중,보행자보호의무위반,포장 - 건조,맑음,교차로 - 교차로안,승용,남,65세,상해없음,보행자,여,70세,중상
26617,2020110900100250,2020년 11월 9일 12시,월요일,서울특별시 성북구 정릉동,중상사고,0,1,0,0,차대사람 - 기타,기타,포장 - 건조,맑음,교차로 - 교차로부근,승합,남,57세,상해없음,보행자,여,63세,중상
26618,2020110900100251,2020년 11월 9일 12시,월요일,서울특별시 강북구 수유동,경상사고,0,0,1,0,차대사람 - 차도통행중,안전운전불이행,포장 - 건조,맑음,교차로 - 교차로안,이륜,남,36세,상해없음,보행자,남,44세,경상
26619,2020110900100252,2020년 11월 9일 12시,월요일,서울특별시 광진구 화양동,중상사고,0,1,0,0,차대사람 - 기타,안전운전불이행,포장 - 건조,맑음,교차로 - 교차로부근,개인형이동수단(PM),남,51세,상해없음,보행자,여,78세,중상
26620,2020110900100255,2020년 11월 9일 12시,월요일,서울특별시 구로구 구로동,중상사고,0,1,0,0,차대사람 - 횡단중,보행자보호의무위반,포장 - 건조,맑음,교차로 - 교차로횡단보도내,승용,남,39세,상해없음,보행자,여,32세,중상
26621,2020110900100303,2020년 11월 9일 13시,월요일,서울특별시 중랑구 묵동,중상사고,0,1,0,0,차대사람 - 기타,보행자보호의무위반,포장 - 건조,맑음,단일로 - 기타,승용,여,57세,상해없음,보행자,여,80세,중상
26622,2020110900100372,2020년 11월 9일 15시,월요일,서울특별시 성동구 용답동,경상사고,0,0,1,0,차대사람 - 길가장자리구역통행중,안전운전불이행,포장 - 건조,맑음,단일로 - 기타,승용,남,59세,상해없음,보행자,여,22세,경상
26623,2020110900100379,2020년 11월 9일 15시,월요일,서울특별시 도봉구 창동,경상사고,0,0,1,0,차대사람 - 기타,안전운전불이행,포장 - 건조,맑음,기타 - 기타,자전거,여,48세,상해없음,보행자,여,65세,경상
26624,2020110900100423,2020년 11월 9일 16시,월요일,서울특별시 강서구 화곡동,중상사고,0,1,0,0,차대사람 - 차도통행중,신호위반,포장 - 건조,맑음,교차로 - 교차로부근,화물,남,63세,상해없음,보행자,남,78세,중상
26625,2020110900100474,2020년 11월 9일 17시,월요일,서울특별시 강동구 천호동,경상사고,0,0,1,0,차대사람 - 길가장자리구역통행중,안전운전불이행,포장 - 건조,맑음,단일로 - 기타,승합,여,47세,상해없음,보행자,여,69세,경상
26626,2020110900100477,2020년 11월 9일 17시,월요일,서울특별시 구로구 신도림동,중상사고,0,1,0,0,차대사람 - 차도통행중,안전운전불이행,포장 - 건조,맑음,교차로 - 교차로부근,승용,남,57세,상해없음,보행자,남,7세,중상
26627,2020110900100581,2020년 11월 9일 19시,월요일,서울특별시 동작구 사당동,경상사고,0,0,1,0,차대사람 - 기타,안전운전불이행,포장 - 건조,맑음,단일로 - 기타,승용,남,72세,상해없음,보행자,남,55세,경상
26628,2020110900100644,2020년 11월 9일 21시,월요일,서울특별시 동대문구 답십리동,경상사고,0,0,1,0,차대사람 - 차도통행중,안전운전불이행,포장 - 건조,흐림,교차로 - 교차로안,승용,남,46세,상해없음,보행자,남,61세,경상
26629,2020110900100659,2020년 11월 9일 22시,월요일,서울특별시 마포구 합정동,경상사고,0,0,1,0,차대사람 - 기타,안전운전불이행,포장 - 건조,맑음,교차로 - 교차로안,승용,남,32세,상해없음,보행자,남,44세,경상
26630,2020110900100660,2020년 11월 9일 22시,월요일,서울특별시 관악구 신림동,중상사고,0,1,0,0,차대사람 - 기타,신호위반,포장 - 건조,맑음,교차로 - 교차로안,이륜,남,18세,상해없음,보행자,남,54세,중상
26631,2020110900100661,2020년 11월 9일 22시,월요일,서울특별시 강남구 삼성동,경상사고,0,0,1,0,차대사람 - 길가장자리구역통행중,안전운전불이행,포장 - 건조,맑음,교차로 - 교차로부근,승용,남,43세,상해없음,보행자,남,46세,경상
26632,2020110900100662,2020년 11월 9일 22시,월요일,서울특별시 송파구 석촌동,경상사고,0,0,1,0,차대사람 - 길가장자리구역통행중,안전운전불이행,포장 - 건조,맑음,단일로 - 기타,승용,남,31세,상해없음,보행자,여,53세,경상
26633,2020110900100679,2020년 11월 9일 23시,월요일,서울특별시 강서구 화곡동,경상사고,0,0,1,0,차대사람 - 횡단중,안전운전불이행,포장 - 건조,맑음,교차로 - 교차로횡단보도내,승용,남,59세,상해없음,보행자,남,46세,경상
26634,2020111000100003,2020년 11월 10일 00시,화요일,서울특별시 성동구 행당동,경상사고,0,0,1,0,차대사람 - 기타,안전운전불이행,포장 - 건조,맑음,단일로 - 기타,승용,남,57세,상해없음,보행자,남,28세,경상
26635,2020111000100093,2020년 11월 10일 08시,화요일,서울특별시 마포구 상암동,경상사고,0,0,1,0,차대사람 - 기타,안전운전불이행,포장 - 건조,맑음,단일로 - 기타,이륜,남,25세,상해없음,보행자,여,28세,경상
26636,2020111000100098,2020년 11월 10일 08시,화요일,서울특별시 송파구 가락동,중상사고,0,1,0,0,차대사람 - 기타,보행자보호의무위반,포장 - 건조,맑음,교차로 - 교차로횡단보도내,승용,남,68세,상해없음,보행자,남,25세,중상
26637,2020111000100154,2020년 11월 10일 09시,화요일,서울특별시 강동구 천호동,경상사고,0,0,1,0,차대사람 - 차도통행중,안전운전불이행,포장 - 건조,맑음,교차로 - 교차로부근,화물,남,66세,상해없음,보행자,여,43세,경상
26638,2020111000100187,2020년 11월 10일 10시,화요일,서울특별시 서대문구 창천동,경상사고,0,0,1,0,차대사람 - 횡단중,안전운전불이행,포장 - 건조,맑음,교차로 - 교차로횡단보도내,승용,남,21세,상해없음,보행자,남,43세,경상
26639,2020111000100293,2020년 11월 10일 13시,화요일,서울특별시 강남구 신사동,경상사고,0,0,1,0,차대사람 - 기타,안전운전불이행,포장 - 건조,맑음,단일로 - 기타,승용,남,41세,상해없음,보행자,여,40세,경상
26640,2020111000100332,2020년 11월 10일 14시,화요일,서울특별시 강북구 수유동,경상사고,0,0,1,0,차대사람 - 기타,안전운전불이행,포장 - 건조,맑음,단일로 - 기타,승용,여,30세,상해없음,보행자,여,51세,경상
26641,2020111000100333,2020년 11월 10일 14시,화요일,서울특별시 광진구 군자동,중상사고,0,1,0,0,차대사람 - 횡단중,신호위반,포장 - 건조,맑음,교차로 - 교차로안,승용,여,51세,상해없음,보행자,여,31세,중상
26642,2020111000100420,2020년 11월 10일 16시,화요일,서울특별시 강서구 염창동,경상사고,0,0,1,0,차대사람 - 기타,안전운전불이행,포장 - 건조,맑음,단일로 - 기타,승용,여,37세,상해없음,보행자,남,71세,경상
26643,2020111000100467,2020년 11월 10일 17시,화요일,서울특별시 중랑구 신내동,경상사고,0,0,1,0,차대사람 - 횡단중,안전운전불이행,포장 - 건조,맑음,교차로 - 교차로안,승용,여,54세,상해없음,보행자,여,41세,경상
26644,2020111000100531,2020년 11월 10일 18시,화요일,서울특별시 서대문구 남가좌동,경상사고,0,0,1,0,차대사람 - 기타,안전운전불이행,포장 - 건조,맑음,단일로 - 기타,승용,남,20세,상해없음,보행자,여,57세,경상
26645,2020111000100532,2020년 11월 10일 18시,화요일,서울특별시 강북구 수유동,경상사고,0,0,1,0,차대사람 - 기타,안전운전불이행,포장 - 건조,맑음,단일로 - 기타,승용,남,68세,상해없음,보행자,여,60세,경상
26646,2020111000100535,2020년 11월 10일 18시,화요일,서울특별시 강서구 화곡동,중상사고,0,1,0,0,차대사람 - 횡단중,보행자보호의무위반,포장 - 건조,맑음,단일로 - 기타,승용,남,56세,상해없음,보행자,남,76세,중상
26647,2020111000100536,2020년 11월 10일 18시,화요일,서울특별시 서초구 서초동,경상사고,0,0,1,0,차대사람 - 기타,안전운전불이행,포장 - 건조,맑음,단일로 - 기타,승합,남,60세,상해없음,보행자,남,31세,경상