,사고번호,사고일시,요일,시군구,사고내용,사망자수,중상자수,경상자수,부상신고자수,사고유형,법규위반,노면상태,기상상태,도로형태,가해운전자 차종,가해운전자 성별,가해운전자 연령,가해운전자 상해정도,피해운전자 차종,피해운전자 성별,피해운전자 연령,피해운전자 상해정도
26648,2020111000100641,2020년 11월 10일 20시,화요일,서울특별시 성동구 금호동4가,경상사고,0,0,1,0,차대사람 - 횡단중,안전운전불이행,포장 - 건조,맑음,단일로 - 기타,자전거,남,29세,상해없음,보행자,여,58세,경상
26649,2020111000100715,2020년 11월 10일 22시,화요일,서울특별시 은평구 대조동,중상사고,0,1,0,0,차대사람 - 보도통행중,보행자보호의무위반,포장 - 건조,맑음,단일로 - 기타,승용,남,33세,상해없음,보행자,여,56세,중상
26650,2020111000100727,2020년 11월 10일 23시,화요일,서울특별시 송파구 가락동,경상사고,0,0,1,0,차대사람 - 기타,기타,포장 - 건조,맑음,단일로 - 기타,승용,남,45세,상해없음,보행자,남,46세,경상
26651,2020111100100042,2020년 11월 11일 06시,수요일,서울특별시 강동구 길동,중상사고,0,1,0,0,차대사람 - 횡단중,보행자보호의무위반,포장 - 건조,맑음,교차로 - 교차로횡단보도내,화물,남,56세,상해없음,보행자,여,68세,중상
26652,2020111100100058,2020년 11월 11일 07시,수요일,서울특별시 광진구 중곡동,중상사고,0,1,0,0,차대사람 - 차도통행중,교차로운행방법위반,포장 - 건조,맑음,교차로 - 교차로안,승합,여,58세,상해없음,보행자,남,74세,중상
26653,2020111100100080,2020년 11월 11일 08시,수요일,서울특별시 서대문구 대신동,경상사고,0,0,1,0,차대사람 - 보도통행중,기타,포장 - 건조,맑음,단일로 - 기타,개인형이동수단(PM),여,23세,상해없음,보행자,여,39세,경상
26654,2020111100100082,2020년 11월 11일 08시,수요일,서울특별시 강북구 수유동,경상사고,0,0,1,0,차대사람 - 횡단중,신호위반,포장 - 건조,맑음,교차로 - 교차로횡단보도내,승합,남,53세,상해없음,보행자,여,6세,경상
26655,2020111100100083,2020년 11월 11일 08시,수요일,서울특별시 광진구 구의동,경상사고,0,0,1,0,차대사람 - 기타,기타,포장 - 건조,맑음,단일로 - 기타,승용,남,57세,상해없음,보행자,남,9세,경상
26656,2020111100100180,2020년 11월 11일 10시,수요일,서울특별시 서초구 방배동,중상사고,0,1,0,0,차대사람 - 보도통행중,안전운전불이행,포장 - 건조,맑음,교차로 - 교차로안,승용,남,39세,상해없음,보행자,여,70세,중상
26657,2020111100100181,2020년 11월 11일 10시,수요일,서울특별시 서초구 방배동,경상사고,0,0,4,0,차대사람 - 기타,안전운전불이행,포장 - 기타,맑음,교차로 - 교차로안,승용,여,43세,상해없음,보행자,여,14세,경상
26658,2020111100100267,2020년 11월 11일 12시,수요일,서울특별시 강서구 방화동,경상사고,0,0,1,0,차대사람 - 횡단중,기타,포장 - 건조,맑음,교차로 - 교차로횡단보도내,승용,남,37세,상해없음,보행자,여,34세,경상
26659,2020111100100268,2020년 11월 11일 12시,수요일,서울특별시 강동구 길동,경상사고,0,0,1,0,차대사람 - 횡단중,보행자보호의무위반,포장 - 건조,맑음,교차로 - 교차로부근,개인형이동수단(PM),남,75세,상해없음,보행자,남,71세,경상
26660,2020111100100271,2020년 11월 11일 12시,수요일,서울특별시 강남구 대치동,경상사고,0,0,1,0,차대사람 - 횡단중,보행자보호의무위반,포장 - 건조,맑음,단일로 - 기타,승용,여,52세,상해없음,보행자,여,34세,경상
26661,2020111100100308,2020년 11월 11일 13시,수요일,서울특별시 종로구 종로6가,경상사고,0,0,1,0,차대사람 - 기타,안전운전불이행,포장 - 건조,맑음,단일로 - 기타,기타불명,기타불명,미분류,기타불명,보행자,남,57세,경상
26662,2020111100100311,2020년 11월 11일 13시,수요일,서울특별시 동대문구 용두동,중상사고,0,1,0,0,차대사람 - 횡단중,안전운전불이행,포장 - 건조,맑음,단일로 - 기타,화물,남,54세,상해없음,보행자,남,24세,중상
26663,2020111100100313,2020년 11월 11일 13시,수요일,서울특별시 성동구 성수동2가,경상사고,0,0,1,0,차대사람 - 기타,안전운전불이행,포장 - 건조,맑음,단일로 - 기타,승용,남,32세,상해없음,보행자,남,42세,경상
26664,2020111100100351,2020년 11월 11일 14시,수요일,서울특별시 성북구 보문동6가,중상사고,0,1,0,0,차대사람 - 기타,안전운전불이행,포장 - 건조,맑음,교차로 - 교차로안,승용,여,38세,상해없음,보행자,여,58세,중상
26665,2020111100100355,2020년 11월 11일 14시,수요일,서울특별시 강남구 논현동,중상사고,0,1,0,0,차대사람 - 차도통행중,안전운전불이행,포장 - 건조,맑음,교차로 - 교차로부근,화물,남,64세,상해없음,보행자,남,27세,중상
26666,2020111100100382,2020년 11월 11일 15시,수요일,서울특별시 서대문구 홍은동,중상사고,0,1,0,0,차대사람 - 기타,안전운전불이행,포장 - 건조,맑음,교차로 - 교차로부근,승용,남,81세,상해없음,보행자,여,80세,중상
26667,2020111100100387,2020년 11월 11일 15시,수요일,서울특별시 성북구 하월곡동,경상사고,0,0,1,0,차대사람 - 보도통행중,기타,포장 - 건조,맑음,단일로 - 기타,자전거,남,58세,상해없음,보행자,남,46세,경상
26668,2020111100100389,2020년 11월 11일 15시,수요일,서울특별시 서초구 서초동,경상사고,0,0,1,0,차대사람 - 차도통행중,안전운전불이행,포장 - 건조,맑음,기타 - 기타,승용,여,55세,상해없음,보행자,여,13세,경상
26669,2020111100100390,2020년 11월 11일 15시,수요일,서울특별시 서초구 양재동,경상사고,0,0,1,0,차대사람 - 횡단중,기타,포장 - 건조,맑음,교차로 - 교차로안,승용,여,72세,상해없음,보행자,남,11세,경상
26670,2020111100100432,2020년 11월 11일 16시,수요일,서울특별시 종로구 종로6가,경상사고,0,0,1,0,차대사람 - 기타,안전운전불이행,포장 - 건조,맑음,단일로 - 기타,원동기,남,53세,상해없음,보행자,남,35세,경상
26671,2020111100100434,2020년 11월 11일 16시,수요일,서울특별시 마포구 합정동,중상사고,0,1,0,0,차대사람 - 횡단중,보행자보호의무위반,포장 - 건조,맑음,교차로 - 교차로횡단보도내,화물,남,65세,상해없음,보행자,남,15세,중상
26672,2020111100100483,2020년 11월 11일 17시,수요일,서울특별시 영등포구 신길동,경상사고,0,0,1,0,차대사람 - 길가장자리구역통행중,안전운전불이행,포장 - 건조,맑음,단일로 - 기타,화물,남,50세,상해없음,보행자,남,40세,경상
26673,2020111100100484,2020년 11월 11일 17시,수요일,서울특별시 동작구 상도동,부상신고사고,0,0,0,1,차대사람 - 기타,안전운전불이행,포장 - 건조,맑음,교차로 - 교차로부근,승용,여,33세,상해없음,보행자,남,61세,부상신고
26674,2020111100100486,2020년 11월 11일 17시,수요일,서울특별시 도봉구 창동,중상사고,0,1,0,0,차대사람 - 기타,안전운전불이행,포장 - 건조,맑음,단일로 - 기타,이륜,남,18세,상해없음,보행자,남,55세,중상
26675,2020111100100487,2020년 11월 11일 17시,수요일,서울특별시 강남구 대치동,경상사고,0,0,1,0,차대사람 - 보도통행중,기타,포장 - 건조,맑음,기타 - 기타,자전거,남,36세,상해없음,보행자,남,36세,경상
26676,2020111100100529,2020년 11월 11일 18시,수요일,서울특별시 영등포구 여의도동,경상사고,0,0,1,0,차대사람 - 기타,중앙선침범,포장 - 건조,맑음,단일로 - 기타,승용,남,40세,상해없음,보행자,남,52세,경상
26677,2020111100100532,2020년 11월 11일 18시,수요일,서울특별시 서초구 서초동,경상사고,0,0,1,0,차대사람 - 보도통행중,기타,포장 - 건조,맑음,단일로 - 기타,개인형이동수단(PM),남,38세,상해없음,보행자,남,26세,경상
26678,2020111100100607,2020년 11월 11일 19시,수요일,서울특별시 관악구 신림동,경상사고,0,0,1,0,차대사람 - 기타,안전운전불이행,포장 - 건조,맑음,기타 - 기타,승합,남,65세,상해없음,보행자,남,60세,경상
26679,2020111100100658,2020년 11월 11일 20시,수요일,서울특별시 송파구 마천동,경상사고,0,0,1,0,차대사람 - 길가장자리구역통행중,안전운전불이행,포장 - 건조,맑음,교차로 - 교차로부근,승용,남,27세,상해없음,보행자,여,71세,경상
26680,2020111100100660,2020년 11월 11일 20시,수요일,서울특별시 노원구 중계동,경상사고,0,0,1,0,차대사람 - 기타,신호위반,포장 - 건조,맑음,단일로 - 기타,승용,남,62세,상해없음,보행자,남,16세,경상
26681,2020111100100716,2020년 11월 11일 22시,수요일,서울특별시 중구 봉래동2가,경상사고,0,0,1,0,차대사람 - 횡단중,안전운전불이행,포장 - 건조,맑음,기타 - 기타,기타불명,기타불명,미분류,기타불명,보행자,여,32세,경상
26682,2020111100100720,2020년 11월 11일 22시,수요일,서울특별시 구로구 고척동,경상사고,0,0,1,0,차대사람 - 횡단중,안전운전불이행,포장 - 건조,맑음,교차로 - 교차로횡단보도내,승용,남,62세,상해없음,보행자,여,59세,경상
26683,2020111200100008,2020년 11월 12일 00시,목요일,서울특별시 강동구 성내동,중상사고,0,1,0,0,차대사람 - 기타,안전운전불이행,포장 - 건조,맑음,단일로 - 기타,승용,남,25세,상해없음,보행자,여,65세,중상
26684,2020111200100021,2020년 11월 12일 01시,목요일,서울특별시 강남구 청담동,중상사고,0,1,0,0,차대사람 - 기타,신호위반,포장 - 건조,맑음,단일로 - 기타,이륜,여,31세,상해없음,보행자,여,66세,중상
26685,2020111200100023,2020년 11월 12일 01시,목요일,서울특별시 송파구 석촌동,경상사고,0,0,1,0,차대사람 - 횡단중,안전운전불이행,포장 - 건조,맑음,교차로 - 교차로부근,승용,여,52세,상해없음,보행자,남,59세,경상
26686,2020111200100033,2020년 11월 12일 02시,목요일,서울특별시 구로구 구로동,경상사고,0,0,1,0,차대사람 - 기타,기타,포장 - 건조,맑음,단일로 - 기타,승용,남,55세,상해없음,보행자,남,40세,경상
26687,2020111200100034,2020년 11월 12일 02시,목요일,서울특별시 양천구 신정동,중상사고,0,1,0,0,차대사람 - 기타,안전운전불이행,포장 - 건조,맑음,단일로 - 기타,승용,남,40세,상해없음,보행자,남,56세,중상
26688,2020111200100042,2020년 11월 12일 03시,목요일,서울특별시 중랑구 면목동,경상사고,0,0,1,0,차대사람 - 기타,안전운전불이행,포장 - 건조,맑음,단일로 - 기타,승용,남,56세,상해없음,보행자,여,40세,경상
26689,2020111200100148,2020년 11월 12일 09시,목요일,서울특별시 영등포구 여의도동,경상사고,0,0,1,0,차대사람 - 기타,안전운전불이행,포장 - 건조,맑음,기타 - 기타,승용,여,43세,상해없음,보행자,남,27세,경상
26690,2020111200100150,2020년 11월 12일 09시,목요일,서울특별시 강남구 논현동,중상사고,0,1,0,0,차대사람 - 기타,안전운전불이행,포장 - 건조,맑음,기타 - 기타,승용,남,38세,상해없음,보행자,여,20세,중상
26691,2020111200100192,2020년 11월 12일 10시,목요일,서울특별시 송파구 잠실동,중상사고,0,1,0,0,차대사람 - 기타,안전운전불이행,포장 - 건조,맑음,단일로 - 기타,승용,남,45세,상해없음,보행자,여,7세,중상
26692,2020111200100210,2020년 11월 12일 11시,목요일,서울특별시 영등포구 대림동,경상사고,0,0,1,0,차대사람 - 기타,기타,포장 - 건조,맑음,단일로 - 기타,승합,남,61세,상해없음,보행자,여,61세,경상
26693,2020111200100243,2020년 11월 12일 12시,목요일,서울특별시 은평구 응암동,경상사고,0,0,1,0,차대사람 - 횡단중,보행자보호의무위반,포장 - 건조,맑음,교차로 - 교차로횡단보도내,승용,남,73세,상해없음,보행자,여,57세,경상
26694,2020111200100247,2020년 11월 12일 12시,목요일,서울특별시 구로구 구로동,경상사고,0,0,1,0,차대사람 - 횡단중,안전운전불이행,포장 - 건조,맑음,교차로 - 교차로횡단보도내,화물,남,53세,상해없음,보행자,여,8세,경상
26695,2020111200100248,2020년 11월 12일 12시,목요일,서울특별시 서초구 방배동,중상사고,0,1,0,0,차대사람 - 기타,안전운전불이행,포장 - 건조,맑음,단일로 - 기타,승용,남,56세,상해없음,보행자,여,50세,중상
26696,2020111200100279,2020년 11월 12일 13시,목요일,서울특별시 용산구 동자동,경상사고,0,0,1,0,차대사람 - 기타,안전운전불이행,포장 - 건조,맑음,기타 - 기타,승용,여,28세,기타불명,보행자,여,21세,경상
26697,2020111200100309,2020년 11월 12일 14시,목요일,서울특별시 중구 을지로6가,경상사고,0,0,1,0,차대사람 - 보도통행중,안전운전불이행,포장 - 건조,맑음,단일로 - 기타,원동기,여,24세,상해없음,보행자,여,6세,경상
26698,2020111200100311,2020년 11월 12일 14시,목요일,서울특별시 영등포구 대림동,경상사고,0,0,1,0,차대사람 - 기타,신호위반,포장 - 건조,맑음,단일로 - 기타,이륜,남,65세,상해없음,보행자,여,79세,경상
26699,2020111200100315,2020년 11월 12일 14시,목요일,서울특별시 송파구 마천동,경상사고,0,0,1,0,차대사람 - 기타,안전운전불이행,포장 - 건조,맑음,단일로 - 기타,승합,남,52세,상해없음,보행자,남,11세,경상
26700,2020111200100354,2020년 11월 12일 15시,목요일,서울특별시 동작구 사당동,경상사고,0,0,1,0,차대사람 - 기타,안전운전불이행,포장 - 건조,맑음,단일로 - 기타,화물,남,63세,상해없음,보행자,남,45세,경상
26701,2020111200100355,2020년 11월 12일 15시,목요일,서울특별시 송파구 풍납동,부상신고사고,0,0,0,1,차대사람 - 기타,기타,포장 - 건조,맑음,기타 - 기타,승합,남,57세,상해없음,보행자,남,66세,부상신고
26702,2020111200100358,2020년 11월 12일 15시,목요일,서울특별시 도봉구 쌍문동,중상사고,0,1,0,0,차대사람 - 기타,안전운전불이행,포장 - 건조,맑음,교차로 - 교차로안,승용,여,60세,상해없음,보행자,여,70세,중상
26703,2020111200100359,2020년 11월 12일 15시,목요일,서울특별시 도봉구 쌍문동,중상사고,0,1,0,0,차대사람 - 기타,안전운전불이행,포장 - 건조,맑음,교차로 - 교차로안,승용,여,65세,상해없음,보행자,여,70세,중상
26704,2020111200100360,2020년 11월 12일 15시,목요일,서울특별시 서초구 방배동,경상사고,0,0,1,0,차대사람 - 기타,안전운전불이행,포장 - 건조,맑음,단일로 - 기타,승합,남,54세,상해없음,보행자,여,59세,경상
26705,2020111200100431,2020년 11월 12일 17시,목요일,서울특별시 서대문구 남가좌동,경상사고,0,0,1,0,차대사람 - 횡단중,안전운전불이행,포장 - 건조,맑음,단일로 - 기타,승합,여,48세,상해없음,보행자,여,78세,경상
26706,2020111200100492,2020년 11월 12일 18시,목요일,서울특별시 중구 황학동,경상사고,0,0,1,0,차대사람 - 기타,안전운전불이행,포장 - 건조,맑음,단일로 - 기타,승용,남,64세,상해없음,보행자,여,61세,경상
26707,2020111200100499,2020년 11월 12일 18시,목요일,서울특별시 서초구 양재동,중상사고,0,1,0,0,차대사람 - 기타,신호위반,포장 - 건조,맑음,단일로 - 기타,승용,남,28세,상해없음,보행자,남,62세,중상
26708,2020111200100574,2020년 11월 12일 19시,목요일,서울특별시 구로구 가리봉동,경상사고,0,0,1,0,차대사람 - 길가장자리구역통행중,안전운전불이행,포장 - 건조,맑음,단일로 - 기타,화물,남,48세,상해없음,보행자,남,51세,경상
26709,2020111200100609,2020년 11월 12일 20시,목요일,서울특별시 송파구 방이동,경상사고,0,0,1,0,차대사람 - 길가장자리구역통행중,안전운전불이행,포장 - 건조,맑음,기타 - 기타,승용,남,59세,상해없음,보행자,여,60세,경상
26710,2020111200100610,2020년 11월 12일 20시,목요일,서울특별시 성북구 종암동,중상사고,0,1,0,0,차대사람 - 기타,안전운전불이행,포장 - 건조,맑음,교차로 - 교차로부근,승합,남,41세,상해없음,보행자,남,54세,중상
26711,2020111200100658,2020년 11월 12일 22시,목요일,서울특별시 동대문구 용두동,경상사고,0,0,1,0,차대사람 - 기타,안전운전불이행,포장 - 건조,맑음,단일로 - 기타,자전거,남,53세,경상,보행자,남,67세,상해없음
26712,2020111200100664,2020년 11월 12일 22시,목요일,서울특별시 강동구 길동,경상사고,0,0,1,0,차대사람 - 기타,안전운전불이행,포장 - 건조,맑음,단일로 - 기타,기타불명,기타불명,미분류,기타불명,보행자,남,39세,경상
26713,2020111300100013,2020년 11월 13일 01시,금요일,서울특별시 중구 황학동,부상신고사고,0,0,0,1,차대사람 - 기타,안전운전불이행,포장 - 건조,맑음,단일로 - 기타,자전거,남,34세,상해없음,보행자,남,73세,부상신고
26714,2020111300100020,2020년 11월 13일 02시,금요일,서울특별시 마포구 마포동,중상사고,0,1,0,0,차대사람 - 차도통행중,안전운전불이행,포장 - 건조,맑음,단일로 - 기타,승용,남,66세,상해없음,보행자,여,25세,중상
26715,2020111300100022,2020년 11월 13일 02시,금요일,서울특별시 은평구 갈현동,중상사고,0,1,0,0,차대사람 - 기타,안전운전불이행,포장 - 건조,맑음,기타 - 기타,이륜,남,27세,상해없음,보행자,남,35세,중상
26716,2020111300100047,2020년 11월 13일 06시,금요일,서울특별시 영등포구 문래동3가,중상사고,0,1,0,0,차대사람 - 횡단중,보행자보호의무위반,포장 - 건조,맑음,단일로 - 기타,승용,여,45세,상해없음,보행자,남,50세,중상
26717,2020111300100050,2020년 11월 13일 06시,금요일,서울특별시 동작구 상도동,중상사고,0,1,0,0,차대사람 - 기타,안전운전불이행,포장 - 건조,맑음,교차로 - 교차로안,승합,남,48세,상해없음,보행자,남,44세,중상
26718,2020111300100095,2020년 11월 13일 08시,금요일,서울특별시 중랑구 상봉동,경상사고,0,0,1,0,차대사람 - 횡단중,안전운전불이행,포장 - 건조,맑음,교차로 - 교차로부근,승용,남,52세,상해없음,보행자,여,24세,경상
26719,2020111300100242,2020년 11월 13일 12시,금요일,서울특별시 광진구 화양동,경상사고,0,0,1,0,차대사람 - 기타,안전운전불이행,포장 - 건조,맑음,단일로 - 기타,승용,남,28세,상해없음,보행자,여,22세,경상
26720,2020111300100264,2020년 11월 13일 13시,금요일,서울특별시 은평구 신사동,경상사고,0,0,1,0,차대사람 - 보도통행중,신호위반,포장 - 건조,맑음,교차로 - 교차로횡단보도내,원동기,남,27세,상해없음,보행자,여,46세,경상
26721,2020111300100267,2020년 11월 13일 13시,금요일,서울특별시 성북구 하월곡동,경상사고,0,0,1,0,차대사람 - 기타,안전운전불이행,포장 - 건조,맑음,기타 - 기타,승용,남,77세,기타불명,보행자,남,50세,경상
26722,2020111300100325,2020년 11월 13일 15시,금요일,서울특별시 성동구 성수동1가,경상사고,0,0,1,0,차대사람 - 횡단중,안전운전불이행,포장 - 건조,맑음,단일로 - 기타,자전거,남,65세,상해없음,보행자,여,65세,경상
26723,2020111300100329,2020년 11월 13일 15시,금요일,서울특별시 양천구 신정동,경상사고,0,0,1,0,차대사람 - 횡단중,보행자보호의무위반,포장 - 건조,맑음,단일로 - 기타,승용,남,49세,상해없음,보행자,여,79세,경상
26724,2020111300100410,2020년 11월 13일 17시,금요일,서울특별시 송파구 방이동,중상사고,0,1,0,0,차대사람 - 차도통행중,중앙선침범,포장 - 건조,맑음,단일로 - 기타,승용,여,44세,상해없음,보행자,여,73세,중상
26725,2020111300100413,2020년 11월 13일 17시,금요일,서울특별시 노원구 공릉동,경상사고,0,0,1,0,차대사람 - 횡단중,신호위반,포장 - 건조,맑음,교차로 - 교차로횡단보도내,자전거,남,17세,기타불명,보행자,남,34세,경상
26726,2020111300100453,2020년 11월 13일 18시,금요일,서울특별시 관악구 봉천동,중상사고,0,1,0,0,차대사람 - 기타,기타,포장 - 건조,맑음,단일로 - 기타,개인형이동수단(PM),여,16세,상해없음,보행자,여,56세,중상
26727,2020111300100455,2020년 11월 13일 18시,금요일,서울특별시 송파구 문정동,중상사고,0,1,0,0,차대사람 - 횡단중,안전운전불이행,포장 - 건조,기타,단일로 - 기타,승용,남,33세,상해없음,보행자,여,63세,중상
26728,2020111300100533,2020년 11월 13일 19시,금요일,서울특별시 중랑구 상봉동,중상사고,0,1,1,0,차대사람 - 횡단중,신호위반,포장 - 건조,맑음,교차로 - 교차로횡단보도내,승용,여,38세,상해없음,보행자,여,53세,중상
26729,2020111300100535,2020년 11월 13일 19시,금요일,서울특별시 송파구 방이동,경상사고,0,0,1,0,차대사람 - 기타,안전운전불이행,포장 - 건조,맑음,단일로 - 기타,기타불명,기타불명,미분류,기타불명,보행자,여,24세,경상
26730,2020111300100569,2020년 11월 13일 20시,금요일,서울특별시 중구 을지로6가,중상사고,0,1,0,0,차대사람 - 횡단중,보행자보호의무위반,포장 - 건조,맑음,교차로 - 교차로횡단보도내,승용,남,38세,상해없음,보행자,남,63세,중상
26731,2020111300100572,2020년 11월 13일 20시,금요일,서울특별시 영등포구 문래동6가,경상사고,0,0,1,0,차대사람 - 횡단중,보행자보호의무위반,포장 - 건조,맑음,교차로 - 교차로횡단보도내,승용,남,50세,상해없음,보행자,남,27세,경상
26732,2020111300100576,2020년 11월 13일 20시,금요일,서울특별시 서초구 서초동,중상사고,0,1,0,0,차대사람 - 횡단중,안전운전불이행,포장 - 건조,맑음,교차로 - 교차로횡단보도내,승용,여,43세,상해없음,보행자,남,42세,중상
26733,2020111300100619,2020년 11월 13일 21시,금요일,서울특별시 송파구 가락동,중상사고,0,1,0,0,차대사람 - 기타,안전운전불이행,포장 - 건조,맑음,단일로 - 기타,승용,남,44세,상해없음,보행자,남,54세,중상
26734,2020111300100650,2020년 11월 13일 22시,금요일,서울특별시 서초구 양재동,중상사고,0,1,0,0,차대사람 - 횡단중,안전운전불이행,포장 - 건조,맑음,단일로 - 기타,승용,남,28세,상해없음,보행자,남,56세,중상
26735,2020111400100001,2020년 11월 14일 00시,토요일,서울특별시 종로구 관철동,경상사고,0,0,1,0,차대사람 - 기타,안전운전불이행,포장 - 건조,맑음,단일로 - 기타,승용,남,22세,상해없음,보행자,남,24세,경상
26736,2020111400100004,2020년 11월 14일 00시,토요일,서울특별시 강남구 논현동,경상사고,0,0,1,0,차대사람 - 기타,안전운전불이행,포장 - 건조,맑음,단일로 - 기타,승용,남,77세,상해없음,보행자,여,45세,경상
26737,2020111400100022,2020년 11월 14일 01시,토요일,서울특별시 송파구 송파동,경상사고,0,0,1,0,차대사람 - 기타,안전운전불이행,포장 - 건조,맑음,단일로 - 기타,승용,남,44세,상해없음,보행자,남,37세,경상
26738,2020111400100075,2020년 11월 14일 05시,토요일,서울특별시 금천구 가산동,경상사고,0,0,1,0,차대사람 - 횡단중,보행자보호의무위반,포장 - 건조,맑음,교차로 - 교차로안,기타불명,기타불명,미분류,기타불명,보행자,여,67세,경상
26739,2020111400100076,2020년 11월 14일 05시,토요일,서울특별시 금천구 독산동,경상사고,0,0,1,0,차대사람 - 기타,안전운전불이행,포장 - 건조,맑음,교차로 - 교차로부근,승용,남,44세,상해없음,보행자,남,33세,경상
26740,2020111400100087,2020년 11월 14일 06시,토요일,서울특별시 은평구 증산동,경상사고,0,0,1,0,차대사람 - 기타,안전운전불이행,포장 - 건조,맑음,주차장 - 주차장,승용,남,57세,상해없음,보행자,남,53세,경상
26741,2020111400100133,2020년 11월 14일 09시,토요일,서울특별시 노원구 월계동,중상사고,0,1,0,0,차대사람 - 차도통행중,안전운전불이행,포장 - 건조,맑음,단일로 - 기타,자전거,남,20세,상해없음,보행자,여,80세,중상
26742,2020111400100135,2020년 11월 14일 09시,토요일,서울특별시 강서구 내발산동,경상사고,0,0,1,0,차대사람 - 횡단중,보행자보호의무위반,포장 - 건조,맑음,교차로 - 교차로부근,승용,여,38세,상해없음,보행자,여,83세,경상
26743,2020111400100157,2020년 11월 14일 10시,토요일,서울특별시 성동구 성수동1가,부상신고사고,0,0,0,1,차대사람 - 횡단중,신호위반,포장 - 건조,맑음,교차로 - 교차로부근,화물,남,28세,상해없음,보행자,남,68세,부상신고
26744,2020111400100163,2020년 11월 14일 10시,토요일,서울특별시 강서구 화곡동,경상사고,0,0,1,0,차대사람 - 길가장자리구역통행중,안전운전불이행,포장 - 건조,맑음,기타 - 기타,승용,남,35세,상해없음,보행자,여,13세,경상
26745,2020111400100166,2020년 11월 14일 10시,토요일,서울특별시 양천구 신정동,중상사고,0,1,0,0,차대사람 - 횡단중,보행자보호의무위반,포장 - 건조,맑음,단일로 - 기타,승용,여,61세,상해없음,보행자,여,57세,중상
26746,2020111400100198,2020년 11월 14일 11시,토요일,서울특별시 강남구 신사동,경상사고,0,0,1,0,차대사람 - 횡단중,안전운전불이행,포장 - 건조,맑음,단일로 - 기타,승용,남,54세,상해없음,보행자,남,46세,경상
26747,2020111400100281,2020년 11월 14일 13시,토요일,서울특별시 중구 남대문로5가,중상사고,0,1,0,0,차대사람 - 횡단중,기타,포장 - 건조,흐림,단일로 - 기타,이륜,남,36세,상해없음,보행자,남,68세,중상
26748,2020111400100283,2020년 11월 14일 13시,토요일,서울특별시 강서구 방화동,경상사고,0,0,1,0,차대사람 - 횡단중,안전운전불이행,포장 - 건조,맑음,교차로 - 교차로안,이륜,남,50세,상해없음,보행자,남,32세,경상
26749,2020111400100318,2020년 11월 14일 14시,토요일,서울특별시 강동구 성내동,중상사고,0,1,0,0,차대사람 - 기타,안전운전불이행,포장 - 건조,맑음,단일로 - 기타,승용,여,66세,상해없음,보행자,여,73세,중상
26750,2020111400100365,2020년 11월 14일 15시,토요일,서울특별시 송파구 신천동,중상사고,0,1,0,1,차대사람 - 횡단중,안전운전불이행,포장 - 건조,맑음,단일로 - 기타,자전거,남,22세,부상신고,보행자,여,48세,중상
26751,2020111400100406,2020년 11월 14일 16시,토요일,서울특별시 마포구 아현동,경상사고,0,0,1,0,차대사람 - 기타,안전운전불이행,포장 - 건조,맑음,단일로 - 기타,승용,남,68세,상해없음,보행자,여,15세,경상
26752,2020111400100408,2020년 11월 14일 16시,토요일,서울특별시 서초구 반포동,경상사고,0,0,1,0,차대사람 - 기타,안전운전불이행,포장 - 건조,맑음,단일로 - 기타,승합,남,54세,상해없음,보행자,여,30세,경상
26753,2020111400100438,2020년 11월 14일 17시,토요일,서울특별시 관악구 신림동,경상사고,0,0,1,0,차대사람 - 차도통행중,안전운전불이행,포장 - 건조,맑음,단일로 - 기타,승용,남,66세,상해없음,보행자,여,57세,경상
26754,2020111400100440,2020년 11월 14일 17시,토요일,서울특별시 양천구 목동,중상사고,0,1,0,0,차대사람 - 길가장자리구역통행중,안전운전불이행,포장 - 건조,맑음,단일로 - 기타,승용,여,50세,상해없음,보행자,여,63세,중상
26755,2020111400100493,2020년 11월 14일 18시,토요일,서울특별시 강남구 역삼동,경상사고,0,0,1,0,차대사람 - 기타,안전운전불이행,포장 - 건조,기타,단일로 - 기타,기타불명,기타불명,미분류,기타불명,보행자,남,29세,경상
26756,2020111400100594,2020년 11월 14일 21시,토요일,서울특별시 강남구 역삼동,중상사고,0,1,0,0,차대사람 - 보도통행중,보행자보호의무위반,포장 - 건조,흐림,단일로 - 기타,승용,남,45세,상해없음,보행자,남,33세,중상
26757,2020111500100034,2020년 11월 15일 05시,일요일,서울특별시 강남구 신사동,중상사고,0,1,0,0,차대사람 - 기타,안전운전불이행,포장 - 건조,맑음,단일로 - 기타,승용,남,38세,상해없음,보행자,남,49세,중상
26758,2020111500100065,2020년 11월 15일 09시,일요일,서울특별시 동대문구 제기동,경상사고,0,0,1,0,차대사람 - 횡단중,신호위반,포장 - 건조,맑음,교차로 - 교차로부근,승용,남,61세,상해없음,보행자,여,48세,경상
26759,2020111500100088,2020년 11월 15일 10시,일요일,서울특별시 종로구 동숭동,경상사고,0,0,1,0,차대사람 - 보도통행중,안전운전불이행,포장 - 건조,맑음,단일로 - 기타,승용,남,69세,상해없음,보행자,남,31세,경상
26760,2020111500100089,2020년 11월 15일 10시,일요일,서울특별시 강남구 역삼동,경상사고,0,0,1,0,차대사람 - 기타,기타,포장 - 건조,맑음,단일로 - 기타,승합,남,58세,상해없음,보행자,여,41세,경상