,사고번호,사고일시,요일,시군구,사고내용,사망자수,중상자수,경상자수,부상신고자수,사고유형,법규위반,노면상태,기상상태,도로형태,가해운전자 차종,가해운전자 성별,가해운전자 연령,가해운전자 상해정도,피해운전자 차종,피해운전자 성별,피해운전자 연령,피해운전자 상해정도
27097,2020120100100393,2020년 12월 1일 16시,화요일,서울특별시 서초구 반포동,경상사고,0,0,1,0,차대사람 - 기타,신호위반,포장 - 건조,맑음,교차로 - 교차로부근,이륜,남,18세,상해없음,보행자,여,14세,경상
27098,2020120100100437,2020년 12월 1일 17시,화요일,서울특별시 동작구 상도동,경상사고,0,0,1,0,차대사람 - 기타,기타,포장 - 건조,맑음,단일로 - 기타,화물,남,60세,상해없음,보행자,남,37세,경상
27099,2020120100100487,2020년 12월 1일 18시,화요일,서울특별시 은평구 응암동,중상사고,0,1,0,0,차대사람 - 차도통행중,안전운전불이행,포장 - 건조,맑음,교차로 - 교차로안,원동기,남,21세,상해없음,보행자,남,49세,중상
27100,2020120200100065,2020년 12월 2일 08시,수요일,서울특별시 강남구 자곡동,중상사고,0,1,0,0,차대사람 - 보도통행중,중앙선침범,포장 - 건조,맑음,단일로 - 기타,자전거,남,49세,상해없음,보행자,여,65세,중상
27101,2020120200100094,2020년 12월 2일 09시,수요일,서울특별시 중구 황학동,경상사고,0,0,1,0,차대사람 - 횡단중,안전운전불이행,포장 - 건조,맑음,교차로 - 교차로횡단보도내,화물,남,49세,상해없음,보행자,남,34세,경상
27102,2020120200100098,2020년 12월 2일 09시,수요일,서울특별시 노원구 상계동,중상사고,0,1,0,0,차대사람 - 기타,안전운전불이행,포장 - 건조,맑음,교차로 - 교차로부근,승합,남,49세,상해없음,보행자,여,62세,중상
27103,2020120200100120,2020년 12월 2일 10시,수요일,서울특별시 중구 황학동,경상사고,0,0,1,0,차대사람 - 기타,안전운전불이행,포장 - 건조,맑음,단일로 - 기타,이륜,남,59세,상해없음,보행자,여,35세,경상
27104,2020120200100121,2020년 12월 2일 10시,수요일,서울특별시 마포구 노고산동,경상사고,0,0,1,0,차대사람 - 횡단중,안전운전불이행,포장 - 건조,맑음,교차로 - 교차로부근,기타불명,기타불명,미분류,기타불명,보행자,남,25세,경상
27105,2020120200100122,2020년 12월 2일 10시,수요일,서울특별시 강동구 천호동,경상사고,0,0,1,0,차대사람 - 횡단중,안전운전불이행,포장 - 건조,맑음,단일로 - 기타,자전거,여,57세,상해없음,보행자,여,63세,경상
27106,2020120200100142,2020년 12월 2일 11시,수요일,서울특별시 강서구 화곡동,경상사고,0,0,1,0,차대사람 - 기타,안전운전불이행,포장 - 건조,맑음,단일로 - 기타,승용,남,60세,상해없음,보행자,남,79세,경상
27107,2020120200100175,2020년 12월 2일 12시,수요일,서울특별시 성동구 상왕십리동,경상사고,0,0,1,0,차대사람 - 기타,안전운전불이행,포장 - 건조,맑음,주차장 - 주차장,승용,남,59세,상해없음,보행자,여,58세,경상
27108,2020120200100202,2020년 12월 2일 13시,수요일,서울특별시 동대문구 답십리동,경상사고,0,0,1,0,차대사람 - 기타,안전운전불이행,포장 - 건조,맑음,단일로 - 기타,승용,남,63세,상해없음,보행자,남,28세,경상
27109,2020120200100272,2020년 12월 2일 15시,수요일,서울특별시 은평구 증산동,경상사고,0,0,1,0,차대사람 - 기타,보행자보호의무위반,포장 - 건조,맑음,교차로 - 교차로횡단보도내,승용,여,55세,상해없음,보행자,여,60세,경상
27110,2020120200100273,2020년 12월 2일 15시,수요일,서울특별시 강남구 삼성동,부상신고사고,0,0,0,1,차대사람 - 기타,안전운전불이행,포장 - 건조,맑음,단일로 - 기타,승합,남,52세,상해없음,보행자,여,77세,부상신고
27111,2020120200100332,2020년 12월 2일 17시,수요일,서울특별시 중랑구 신내동,경상사고,0,0,1,0,차대사람 - 횡단중,안전운전불이행,포장 - 건조,맑음,교차로 - 교차로안,승용,여,45세,상해없음,보행자,남,59세,경상
27112,2020120200100333,2020년 12월 2일 17시,수요일,서울특별시 관악구 신림동,중상사고,0,1,0,0,차대사람 - 기타,안전운전불이행,포장 - 기타,기타,교차로 - 교차로안,승용,남,54세,상해없음,보행자,남,34세,중상
27113,2020120200100337,2020년 12월 2일 17시,수요일,서울특별시 구로구 구로동,중상사고,0,1,0,0,차대사람 - 횡단중,안전운전불이행,포장 - 건조,맑음,교차로 - 교차로횡단보도내,승합,남,64세,상해없음,보행자,남,80세,중상
27114,2020120200100386,2020년 12월 2일 18시,수요일,서울특별시 성동구 성수동2가,경상사고,0,0,1,0,차대사람 - 보도통행중,보행자보호의무위반,포장 - 건조,맑음,교차로 - 교차로횡단보도내,승용,남,42세,상해없음,보행자,남,23세,경상
27115,2020120200100387,2020년 12월 2일 18시,수요일,서울특별시 동작구 대방동,경상사고,0,0,1,0,차대사람 - 기타,기타,포장 - 건조,맑음,단일로 - 기타,승합,남,63세,상해없음,보행자,여,22세,경상
27116,2020120200100462,2020년 12월 2일 19시,수요일,서울특별시 서초구 서초동,경상사고,0,0,1,0,차대사람 - 차도통행중,안전운전불이행,포장 - 건조,맑음,단일로 - 기타,이륜,남,37세,상해없음,보행자,남,37세,경상
27117,2020120200100464,2020년 12월 2일 19시,수요일,서울특별시 양천구 신정동,경상사고,0,0,1,0,차대사람 - 기타,안전운전불이행,포장 - 건조,맑음,단일로 - 기타,승용,남,51세,상해없음,보행자,여,73세,경상
27118,2020120200100498,2020년 12월 2일 20시,수요일,서울특별시 마포구 서교동,경상사고,0,0,1,0,차대사람 - 횡단중,신호위반,포장 - 건조,맑음,단일로 - 기타,이륜,남,24세,상해없음,보행자,여,25세,경상
27119,2020120300100021,2020년 12월 3일 04시,목요일,서울특별시 은평구 응암동,경상사고,0,0,1,0,차대사람 - 횡단중,신호위반,포장 - 건조,맑음,교차로 - 교차로횡단보도내,승용,남,46세,상해없음,보행자,남,73세,경상
27120,2020120300100046,2020년 12월 3일 07시,목요일,서울특별시 강동구 길동,중상사고,0,1,0,0,차대사람 - 횡단중,신호위반,포장 - 건조,맑음,교차로 - 교차로횡단보도내,승용,남,32세,상해없음,보행자,남,22세,중상
27121,2020120300100072,2020년 12월 3일 08시,목요일,서울특별시 동작구 사당동,경상사고,0,0,1,0,차대사람 - 기타,안전운전불이행,포장 - 건조,맑음,교차로 - 교차로부근,승용,남,62세,상해없음,보행자,여,32세,경상
27122,2020120300100073,2020년 12월 3일 08시,목요일,서울특별시 강남구 논현동,중상사고,0,1,0,0,차대사람 - 기타,기타,포장 - 건조,기타,단일로 - 기타,개인형이동수단(PM),여,39세,상해없음,보행자,남,32세,중상
27123,2020120300100101,2020년 12월 3일 09시,목요일,서울특별시 관악구 신림동,경상사고,0,0,1,0,차대사람 - 기타,안전운전불이행,포장 - 건조,흐림,단일로 - 기타,화물,남,40세,상해없음,보행자,여,60세,경상
27124,2020120300100150,2020년 12월 3일 11시,목요일,서울특별시 강남구 역삼동,경상사고,0,0,1,0,차대사람 - 기타,안전운전불이행,포장 - 건조,맑음,단일로 - 기타,승용,여,65세,상해없음,보행자,남,37세,경상
27125,2020120300100184,2020년 12월 3일 12시,목요일,서울특별시 성동구 마장동,경상사고,0,0,1,0,차대사람 - 기타,안전운전불이행,포장 - 건조,맑음,단일로 - 기타,승용,남,62세,기타불명,보행자,여,75세,경상
27126,2020120300100188,2020년 12월 3일 12시,목요일,서울특별시 구로구 오류동,중상사고,0,1,0,0,차대사람 - 횡단중,안전운전불이행,포장 - 건조,맑음,교차로 - 교차로횡단보도내,승용,남,75세,상해없음,보행자,남,67세,중상
27127,2020120300100245,2020년 12월 3일 14시,목요일,서울특별시 용산구 용문동,사망사고,1,0,0,0,차대사람 - 횡단중,안전운전불이행,포장 - 건조,맑음,기타 - 기타,화물,남,59세,상해없음,보행자,여,95세,사망
27128,2020120300100282,2020년 12월 3일 15시,목요일,서울특별시 강동구 성내동,경상사고,0,0,1,0,차대사람 - 보도통행중,안전운전불이행,포장 - 건조,맑음,기타 - 기타,자전거,남,94세,상해없음,보행자,남,63세,경상
27129,2020120300100355,2020년 12월 3일 17시,목요일,서울특별시 관악구 신림동,경상사고,0,0,2,0,차대사람 - 기타,안전운전불이행,포장 - 건조,맑음,단일로 - 기타,화물,남,53세,상해없음,보행자,여,55세,경상
27130,2020120300100358,2020년 12월 3일 17시,목요일,서울특별시 노원구 월계동,경상사고,0,0,1,0,차대사람 - 차도통행중,기타,포장 - 건조,맑음,교차로 - 교차로안,화물,남,52세,상해없음,보행자,남,9세,경상
27131,2020120300100407,2020년 12월 3일 18시,목요일,서울특별시 은평구 구산동,중상사고,0,1,0,0,차대사람 - 차도통행중,안전운전불이행,포장 - 건조,맑음,단일로 - 기타,승용,남,28세,상해없음,보행자,여,79세,중상
27132,2020120300100458,2020년 12월 3일 19시,목요일,서울특별시 중랑구 상봉동,부상신고사고,0,0,0,1,차대사람 - 기타,안전운전불이행,포장 - 건조,맑음,기타 - 기타,이륜,남,49세,상해없음,보행자,남,9세,부상신고
27133,2020120300100490,2020년 12월 3일 20시,목요일,서울특별시 은평구 수색동,중상사고,0,1,0,0,차대사람 - 보도통행중,기타,포장 - 건조,맑음,기타 - 기타,자전거,남,33세,상해없음,보행자,여,43세,중상
27134,2020120300100510,2020년 12월 3일 21시,목요일,서울특별시 관악구 신림동,경상사고,0,0,1,0,차대사람 - 기타,안전운전불이행,포장 - 건조,맑음,교차로 - 교차로부근,이륜,남,16세,상해없음,보행자,여,70세,경상
27135,2020120400100044,2020년 12월 4일 06시,금요일,서울특별시 서초구 서초동,중상사고,0,1,0,0,차대사람 - 차도통행중,안전운전불이행,포장 - 건조,맑음,교차로 - 교차로부근,승용,남,47세,상해없음,보행자,여,78세,중상
27136,2020120400100094,2020년 12월 4일 08시,금요일,서울특별시 도봉구 쌍문동,경상사고,0,0,1,0,차대사람 - 횡단중,보행자보호의무위반,포장 - 건조,맑음,교차로 - 교차로횡단보도내,화물,남,56세,상해없음,보행자,남,26세,경상
27137,2020120400100164,2020년 12월 4일 10시,금요일,서울특별시 동대문구 장안동,중상사고,0,1,0,0,차대사람 - 기타,안전운전불이행,포장 - 건조,맑음,교차로 - 교차로안,승용,여,43세,상해없음,보행자,남,77세,중상
27138,2020120400100166,2020년 12월 4일 10시,금요일,서울특별시 강서구 등촌동,경상사고,0,0,1,0,차대사람 - 횡단중,보행자보호의무위반,포장 - 건조,맑음,교차로 - 교차로횡단보도내,승용,여,60세,상해없음,보행자,남,34세,경상
27139,2020120400100167,2020년 12월 4일 10시,금요일,서울특별시 도봉구 창동,경상사고,0,0,1,0,차대사람 - 횡단중,안전운전불이행,포장 - 건조,맑음,교차로 - 교차로안,이륜,남,18세,상해없음,보행자,여,50세,경상
27140,2020120400100194,2020년 12월 4일 11시,금요일,서울특별시 금천구 시흥동,경상사고,0,0,1,0,차대사람 - 기타,안전운전불이행,포장 - 건조,맑음,단일로 - 기타,자전거,남,35세,상해없음,보행자,남,76세,경상
27141,2020120400100225,2020년 12월 4일 12시,금요일,서울특별시 강남구 역삼동,경상사고,0,0,1,0,차대사람 - 기타,안전운전불이행,포장 - 건조,맑음,단일로 - 기타,화물,남,37세,상해없음,보행자,남,51세,경상
27142,2020120400100253,2020년 12월 4일 13시,금요일,서울특별시 광진구 구의동,경상사고,0,0,1,0,차대사람 - 기타,안전운전불이행,포장 - 건조,맑음,단일로 - 기타,승용,남,57세,상해없음,보행자,남,20세,경상
27143,2020120400100319,2020년 12월 4일 15시,금요일,서울특별시 강북구 미아동,경상사고,0,0,4,1,차대사람 - 기타,안전운전불이행,포장 - 건조,맑음,단일로 - 기타,승합,남,63세,상해없음,보행자,여,68세,경상
27144,2020120400100320,2020년 12월 4일 15시,금요일,서울특별시 동대문구 신설동,경상사고,0,0,1,0,차대사람 - 횡단중,보행자보호의무위반,포장 - 건조,맑음,교차로 - 교차로부근,승용,남,67세,상해없음,보행자,남,45세,경상
27145,2020120400100324,2020년 12월 4일 15시,금요일,서울특별시 양천구 신월동,중상사고,0,1,0,0,차대사람 - 횡단중,중앙선침범,포장 - 건조,맑음,단일로 - 기타,이륜,남,40세,상해없음,보행자,남,68세,중상
27146,2020120400100357,2020년 12월 4일 16시,금요일,서울특별시 강서구 화곡동,경상사고,0,0,1,0,차대사람 - 기타,신호위반,포장 - 건조,맑음,단일로 - 기타,승용,남,28세,상해없음,보행자,여,59세,경상
27147,2020120400100395,2020년 12월 4일 17시,금요일,서울특별시 종로구 예지동,경상사고,0,0,1,0,차대사람 - 기타,안전운전불이행,포장 - 건조,맑음,단일로 - 기타,승용,남,70세,상해없음,보행자,남,25세,경상
27148,2020120400100396,2020년 12월 4일 17시,금요일,서울특별시 관악구 남현동,경상사고,0,0,1,0,차대사람 - 기타,안전운전불이행,포장 - 건조,맑음,단일로 - 기타,승용,남,39세,상해없음,보행자,여,47세,경상
27149,2020120400100398,2020년 12월 4일 17시,금요일,서울특별시 강남구 논현동,중상사고,0,1,0,0,차대사람 - 기타,안전운전불이행,포장 - 건조,맑음,단일로 - 기타,승용,남,61세,기타불명,보행자,남,62세,중상
27150,2020120400100460,2020년 12월 4일 18시,금요일,서울특별시 구로구 개봉동,중상사고,0,1,0,0,차대사람 - 횡단중,보행자보호의무위반,포장 - 건조,맑음,교차로 - 교차로횡단보도내,승합,남,64세,상해없음,보행자,남,48세,중상
27151,2020120400100528,2020년 12월 4일 19시,금요일,서울특별시 관악구 봉천동,경상사고,0,0,1,0,차대사람 - 기타,안전운전불이행,포장 - 건조,맑음,단일로 - 기타,이륜,남,22세,상해없음,보행자,남,11세,경상
27152,2020120400100560,2020년 12월 4일 20시,금요일,서울특별시 강북구 미아동,경상사고,0,0,2,0,차대사람 - 차도통행중,안전운전불이행,포장 - 건조,맑음,단일로 - 기타,이륜,남,43세,경상,보행자,남,50세,경상
27153,2020120400100565,2020년 12월 4일 20시,금요일,서울특별시 강남구 역삼동,경상사고,0,0,1,0,차대사람 - 기타,안전운전불이행,포장 - 건조,맑음,단일로 - 기타,승용,남,67세,상해없음,보행자,남,52세,경상
27154,2020120400100599,2020년 12월 4일 21시,금요일,서울특별시 금천구 시흥동,부상신고사고,0,0,0,1,차대사람 - 길가장자리구역통행중,안전운전불이행,포장 - 건조,맑음,단일로 - 기타,승용,남,40세,상해없음,보행자,남,56세,부상신고
27155,2020120500100047,2020년 12월 5일 06시,토요일,서울특별시 강북구 미아동,중상사고,0,1,0,0,차대사람 - 기타,안전운전불이행,포장 - 건조,맑음,단일로 - 기타,화물,남,41세,상해없음,보행자,남,50세,중상
27156,2020120500100135,2020년 12월 5일 11시,토요일,서울특별시 강서구 화곡동,경상사고,0,0,1,0,차대사람 - 기타,안전운전불이행,포장 - 건조,맑음,단일로 - 기타,승합,남,65세,상해없음,보행자,남,29세,경상
27157,2020120500100212,2020년 12월 5일 13시,토요일,서울특별시 서대문구 홍제동,경상사고,0,0,1,0,차대사람 - 기타,안전운전불이행,포장 - 건조,맑음,단일로 - 기타,승용,남,64세,상해없음,보행자,남,43세,경상
27158,2020120500100357,2020년 12월 5일 17시,토요일,서울특별시 송파구 마천동,경상사고,0,0,1,0,차대사람 - 기타,기타,포장 - 건조,맑음,단일로 - 기타,승합,남,65세,상해없음,보행자,여,64세,경상
27159,2020120500100401,2020년 12월 5일 18시,토요일,서울특별시 종로구 명륜4가,경상사고,0,0,1,0,차대사람 - 기타,안전운전불이행,포장 - 건조,맑음,단일로 - 기타,승합,남,62세,상해없음,보행자,여,51세,경상
27160,2020120500100403,2020년 12월 5일 18시,토요일,서울특별시 은평구 불광동,중상사고,0,1,1,0,차대사람 - 기타,안전운전불이행,포장 - 건조,맑음,단일로 - 기타,승용,남,63세,상해없음,보행자,여,61세,경상
27161,2020120500100480,2020년 12월 5일 20시,토요일,서울특별시 금천구 독산동,경상사고,0,0,1,0,차대사람 - 기타,신호위반,포장 - 건조,맑음,단일로 - 기타,승용,남,61세,상해없음,보행자,남,45세,경상
27162,2020120500100481,2020년 12월 5일 20시,토요일,서울특별시 관악구 신림동,경상사고,0,0,1,0,차대사람 - 기타,보행자보호의무위반,포장 - 건조,맑음,교차로 - 교차로안,승용,여,54세,상해없음,보행자,여,61세,경상
27163,2020120500100502,2020년 12월 5일 21시,토요일,서울특별시 마포구 동교동,경상사고,0,0,1,0,차대사람 - 기타,신호위반,포장 - 건조,맑음,단일로 - 기타,승용,남,28세,상해없음,보행자,남,23세,경상
27164,2020120600100026,2020년 12월 6일 02시,일요일,서울특별시 강동구 성내동,중상사고,0,1,0,0,차대사람 - 차도통행중,안전운전불이행,포장 - 건조,맑음,교차로 - 교차로횡단보도내,승용,남,41세,상해없음,보행자,남,35세,중상
27165,2020120600100048,2020년 12월 6일 06시,일요일,서울특별시 중랑구 망우동,경상사고,0,0,1,0,차대사람 - 기타,안전운전불이행,포장 - 건조,맑음,단일로 - 기타,승용,여,50세,상해없음,보행자,남,59세,경상
27166,2020120600100152,2020년 12월 6일 13시,일요일,서울특별시 노원구 상계동,경상사고,0,0,1,0,차대사람 - 기타,신호위반,포장 - 건조,맑음,교차로 - 교차로안,승용,남,51세,상해없음,보행자,여,10세,경상
27167,2020120600100269,2020년 12월 6일 17시,일요일,서울특별시 송파구 마천동,중상사고,0,1,0,0,차대사람 - 기타,안전운전불이행,포장 - 건조,맑음,교차로 - 교차로안,화물,남,50세,상해없음,보행자,남,41세,중상
27168,2020120600100329,2020년 12월 6일 19시,일요일,서울특별시 성북구 정릉동,중상사고,0,1,0,0,차대사람 - 횡단중,안전운전불이행,포장 - 건조,맑음,단일로 - 기타,승용,남,31세,상해없음,보행자,여,68세,중상
27169,2020120700100049,2020년 12월 7일 07시,월요일,서울특별시 관악구 신림동,경상사고,0,0,1,0,차대사람 - 길가장자리구역통행중,안전운전불이행,포장 - 건조,맑음,단일로 - 기타,승용,여,55세,상해없음,보행자,여,19세,경상
27170,2020120700100101,2020년 12월 7일 09시,월요일,서울특별시 동대문구 회기동,중상사고,0,1,0,0,차대사람 - 기타,안전운전불이행,포장 - 건조,맑음,단일로 - 기타,승용,여,55세,상해없음,보행자,여,78세,중상
27171,2020120700100102,2020년 12월 7일 09시,월요일,서울특별시 영등포구 영등포동,경상사고,0,0,1,0,차대사람 - 횡단중,안전운전불이행,포장 - 건조,맑음,단일로 - 기타,승용,여,59세,상해없음,보행자,여,26세,경상
27172,2020120700100131,2020년 12월 7일 10시,월요일,서울특별시 동대문구 장안동,중상사고,0,1,0,0,차대사람 - 횡단중,안전운전불이행,포장 - 건조,맑음,교차로 - 교차로안,화물,남,54세,상해없음,보행자,여,89세,중상
27173,2020120700100166,2020년 12월 7일 11시,월요일,서울특별시 은평구 신사동,경상사고,0,0,1,0,차대사람 - 기타,안전운전불이행,포장 - 건조,맑음,단일로 - 기타,승용,남,66세,상해없음,보행자,여,63세,경상
27174,2020120700100191,2020년 12월 7일 12시,월요일,서울특별시 중랑구 묵동,중상사고,0,1,0,0,차대사람 - 횡단중,중앙선침범,포장 - 건조,맑음,단일로 - 기타,이륜,남,31세,상해없음,보행자,여,64세,중상
27175,2020120700100337,2020년 12월 7일 17시,월요일,서울특별시 동작구 상도동,경상사고,0,0,1,0,차대사람 - 기타,안전운전불이행,포장 - 건조,맑음,교차로 - 교차로부근,승용,남,60세,상해없음,보행자,여,65세,경상
27176,2020120700100338,2020년 12월 7일 17시,월요일,서울특별시 동작구 노량진동,경상사고,0,0,1,0,차대사람 - 길가장자리구역통행중,안전운전불이행,포장 - 건조,맑음,단일로 - 기타,승용,남,58세,상해없음,보행자,여,80세,경상
27177,2020120700100340,2020년 12월 7일 17시,월요일,서울특별시 강남구 대치동,부상신고사고,0,0,0,1,차대사람 - 기타,신호위반,포장 - 건조,맑음,단일로 - 기타,승용,여,28세,상해없음,보행자,남,56세,부상신고
27178,2020120700100380,2020년 12월 7일 18시,월요일,서울특별시 강서구 염창동,경상사고,0,0,1,0,차대사람 - 차도통행중,안전운전불이행,포장 - 건조,맑음,단일로 - 기타,화물,남,50세,상해없음,보행자,남,56세,경상
27179,2020120700100381,2020년 12월 7일 18시,월요일,서울특별시 성북구 장위동,중상사고,0,1,0,0,차대사람 - 횡단중,보행자보호의무위반,포장 - 건조,맑음,교차로 - 교차로안,승용,남,70세,상해없음,보행자,남,70세,중상
27180,2020120700100426,2020년 12월 7일 19시,월요일,서울특별시 강동구 고덕동,경상사고,0,0,1,0,차대사람 - 횡단중,보행자보호의무위반,포장 - 건조,맑음,교차로 - 교차로횡단보도내,승용,남,62세,상해없음,보행자,남,68세,경상
27181,2020120700100427,2020년 12월 7일 19시,월요일,서울특별시 양천구 목동,경상사고,0,0,1,0,차대사람 - 보도통행중,신호위반,포장 - 건조,맑음,단일로 - 기타,승용,남,68세,상해없음,보행자,여,40세,경상
27182,2020120700100457,2020년 12월 7일 20시,월요일,서울특별시 종로구 창신동,부상신고사고,0,0,0,1,차대사람 - 횡단중,안전운전불이행,포장 - 건조,맑음,단일로 - 기타,원동기,남,53세,부상신고,보행자,남,50세,상해없음
27183,2020120700100459,2020년 12월 7일 20시,월요일,서울특별시 성동구 홍익동,중상사고,0,1,0,0,차대사람 - 길가장자리구역통행중,안전운전불이행,포장 - 건조,맑음,단일로 - 기타,화물,남,53세,상해없음,보행자,여,82세,중상
27184,2020120700100461,2020년 12월 7일 20시,월요일,서울특별시 구로구 고척동,경상사고,0,0,1,0,차대사람 - 보도통행중,신호위반,포장 - 건조,맑음,교차로 - 교차로안,이륜,남,26세,상해없음,보행자,남,10세,경상
27185,2020120700100490,2020년 12월 7일 21시,월요일,서울특별시 강동구 성내동,경상사고,0,0,1,0,차대사람 - 횡단중,보행자보호의무위반,포장 - 건조,맑음,교차로 - 교차로횡단보도내,승용,남,32세,상해없음,보행자,남,51세,경상
27186,2020120700100491,2020년 12월 7일 21시,월요일,서울특별시 송파구 문정동,경상사고,0,0,1,0,차대사람 - 기타,기타,포장 - 건조,맑음,기타 - 기타,이륜,남,25세,상해없음,보행자,남,39세,경상
27187,2020120700100512,2020년 12월 7일 22시,월요일,서울특별시 중랑구 면목동,경상사고,0,0,1,0,차대사람 - 횡단중,안전운전불이행,포장 - 건조,맑음,단일로 - 기타,기타불명,기타불명,미분류,기타불명,보행자,남,56세,경상
27188,2020120800100062,2020년 12월 8일 08시,화요일,서울특별시 서대문구 북아현동,경상사고,0,0,1,0,차대사람 - 보도통행중,안전운전불이행,포장 - 건조,맑음,단일로 - 기타,승용,여,37세,상해없음,보행자,남,32세,경상
27189,2020120800100064,2020년 12월 8일 08시,화요일,서울특별시 마포구 동교동,중상사고,0,1,0,0,차대사람 - 횡단중,안전운전불이행,포장 - 건조,맑음,교차로 - 교차로부근,승용,여,44세,상해없음,보행자,여,24세,중상
27190,2020120800100112,2020년 12월 8일 09시,화요일,서울특별시 관악구 신림동,중상사고,0,1,0,0,차대사람 - 길가장자리구역통행중,보행자보호의무위반,포장 - 건조,맑음,단일로 - 기타,승용,남,29세,상해없음,보행자,남,58세,중상
27191,2020120800100144,2020년 12월 8일 10시,화요일,서울특별시 관악구 신림동,경상사고,0,0,1,0,차대사람 - 기타,안전운전불이행,포장 - 건조,맑음,교차로 - 교차로안,승용,남,45세,상해없음,보행자,여,56세,경상
27192,2020120800100171,2020년 12월 8일 11시,화요일,서울특별시 강남구 역삼동,경상사고,0,0,1,0,차대사람 - 길가장자리구역통행중,안전운전불이행,포장 - 건조,맑음,기타 - 기타,승용,남,54세,기타불명,보행자,남,59세,경상
27193,2020120800100196,2020년 12월 8일 12시,화요일,서울특별시 강북구 수유동,경상사고,0,0,1,0,차대사람 - 기타,보행자보호의무위반,포장 - 건조,맑음,교차로 - 교차로부근,승용,남,51세,상해없음,보행자,남,9세,경상
27194,2020120800100270,2020년 12월 8일 14시,화요일,서울특별시 강남구 역삼동,경상사고,0,0,1,0,차대사람 - 길가장자리구역통행중,안전운전불이행,포장 - 건조,맑음,단일로 - 기타,승용,여,30세,상해없음,보행자,여,45세,경상
27195,2020120800100273,2020년 12월 8일 14시,화요일,서울특별시 서초구 양재동,경상사고,0,0,1,0,차대사람 - 기타,안전운전불이행,포장 - 건조,맑음,단일로 - 기타,승용,여,53세,상해없음,보행자,여,29세,경상
27196,2020120800100321,2020년 12월 8일 15시,화요일,서울특별시 강서구 화곡동,경상사고,0,0,1,0,차대사람 - 차도통행중,안전운전불이행,포장 - 건조,맑음,단일로 - 기타,승용,남,60세,상해없음,보행자,여,14세,경상
27197,2020120800100357,2020년 12월 8일 16시,화요일,서울특별시 강서구 화곡동,경상사고,0,0,1,0,차대사람 - 기타,안전운전불이행,포장 - 건조,맑음,교차로 - 교차로안,화물,남,66세,상해없음,보행자,여,72세,경상
27198,2020120800100396,2020년 12월 8일 17시,화요일,서울특별시 동대문구 장안동,경상사고,0,0,1,0,차대사람 - 기타,기타,포장 - 건조,맑음,단일로 - 기타,승합,여,53세,상해없음,보행자,여,76세,경상
27199,2020120800100400,2020년 12월 8일 17시,화요일,서울특별시 노원구 중계동,경상사고,0,0,1,0,차대사람 - 차도통행중,안전운전불이행,포장 - 건조,맑음,단일로 - 기타,승용,여,61세,상해없음,보행자,여,38세,경상
27200,2020120800100508,2020년 12월 8일 19시,화요일,서울특별시 중구 을지로3가,중상사고,0,1,0,0,차대사람 - 기타,불법유턴,포장 - 건조,맑음,단일로 - 기타,건설기계,남,59세,상해없음,보행자,남,40세,중상
27201,2020120800100544,2020년 12월 8일 20시,화요일,서울특별시 용산구 용문동,경상사고,0,0,1,0,차대사람 - 횡단중,안전운전불이행,포장 - 건조,맑음,단일로 - 기타,이륜,남,50세,상해없음,보행자,남,66세,경상
27202,2020120800100546,2020년 12월 8일 20시,화요일,서울특별시 영등포구 대림동,경상사고,0,0,1,0,차대사람 - 기타,안전운전불이행,포장 - 건조,맑음,단일로 - 기타,원동기,남,43세,상해없음,보행자,남,58세,경상
27203,2020120800100574,2020년 12월 8일 21시,화요일,서울특별시 중랑구 망우동,경상사고,0,0,1,0,차대사람 - 기타,안전운전불이행,포장 - 건조,맑음,단일로 - 기타,승용,남,56세,상해없음,보행자,남,43세,경상
27204,2020120800100576,2020년 12월 8일 21시,화요일,서울특별시 강서구 화곡동,경상사고,0,0,1,0,차대사람 - 기타,안전운전불이행,포장 - 건조,맑음,단일로 - 기타,승용,남,27세,상해없음,보행자,남,73세,경상
27205,2020120800100578,2020년 12월 8일 21시,화요일,서울특별시 도봉구 도봉동,중상사고,0,1,1,1,차대사람 - 기타,안전운전불이행,포장 - 건조,맑음,교차로 - 교차로안,승용,여,52세,중상,보행자,남,23세,경상
27206,2020120800100622,2020년 12월 8일 23시,화요일,서울특별시 송파구 장지동,중상사고,0,1,0,0,차대사람 - 횡단중,안전운전불이행,포장 - 건조,맑음,단일로 - 기타,승용,남,56세,상해없음,보행자,남,22세,중상
27207,2020120900100120,2020년 12월 9일 09시,수요일,서울특별시 강동구 성내동,경상사고,0,0,1,0,차대사람 - 횡단중,보행자보호의무위반,포장 - 건조,맑음,교차로 - 교차로횡단보도내,화물,남,42세,상해없음,보행자,남,68세,경상
27208,2020120900100205,2020년 12월 9일 12시,수요일,서울특별시 관악구 봉천동,경상사고,0,0,1,0,차대사람 - 보도통행중,안전운전불이행,포장 - 건조,맑음,기타 - 기타,기타불명,남,34세,상해없음,보행자,남,41세,경상
27209,2020120900100237,2020년 12월 9일 13시,수요일,서울특별시 구로구 개봉동,경상사고,0,0,1,0,차대사람 - 기타,기타,포장 - 건조,맑음,기타 - 기타,승용,여,70세,상해없음,보행자,남,39세,경상