,사고번호,사고일시,요일,시군구,사고내용,사망자수,중상자수,경상자수,부상신고자수,사고유형,법규위반,노면상태,기상상태,도로형태,가해운전자 차종,가해운전자 성별,가해운전자 연령,가해운전자 상해정도,피해운전자 차종,피해운전자 성별,피해운전자 연령,피해운전자 상해정도
27210,2020120900100238,2020년 12월 9일 13시,수요일,서울특별시 도봉구 창동,사망사고,1,0,0,0,차대사람 - 차도통행중,안전운전불이행,포장 - 건조,맑음,교차로 - 교차로부근,화물,남,55세,상해없음,보행자,여,84세,사망
27211,2020120900100325,2020년 12월 9일 16시,수요일,서울특별시 노원구 월계동,중상사고,0,1,1,0,차대사람 - 차도통행중,안전운전불이행,포장 - 건조,맑음,단일로 - 기타,승용,남,38세,상해없음,보행자,남,60세,중상
27212,2020120900100389,2020년 12월 9일 18시,수요일,서울특별시 마포구 동교동,경상사고,0,0,1,0,차대사람 - 기타,안전운전불이행,포장 - 건조,맑음,기타 - 기타,기타불명,기타불명,미분류,기타불명,보행자,여,26세,경상
27213,2020120900100543,2020년 12월 9일 21시,수요일,서울특별시 성동구 성수동1가,부상신고사고,0,0,0,1,차대사람 - 길가장자리구역통행중,안전운전불이행,포장 - 건조,맑음,단일로 - 기타,승용,여,49세,상해없음,보행자,남,55세,부상신고
27214,2020120900100545,2020년 12월 9일 21시,수요일,서울특별시 강남구 역삼동,경상사고,0,0,1,0,차대사람 - 기타,안전운전불이행,포장 - 건조,맑음,단일로 - 기타,승용,남,35세,상해없음,보행자,남,48세,경상
27215,2020120900100592,2020년 12월 9일 23시,수요일,서울특별시 동작구 상도동,경상사고,0,0,1,0,차대사람 - 횡단중,신호위반,포장 - 건조,맑음,단일로 - 기타,원동기,남,19세,상해없음,보행자,남,25세,경상
27216,2020121000100020,2020년 12월 10일 06시,목요일,서울특별시 영등포구 영등포동1가,경상사고,0,0,1,0,차대사람 - 횡단중,신호위반,포장 - 젖음/습기,흐림,단일로 - 기타,승용,남,65세,상해없음,보행자,남,26세,경상
27217,2020121000100038,2020년 12월 10일 07시,목요일,서울특별시 동작구 상도1동,경상사고,0,0,1,0,차대사람 - 기타,안전운전불이행,포장 - 건조,맑음,교차로 - 교차로안,승용,남,27세,상해없음,보행자,여,25세,경상
27218,2020121000100091,2020년 12월 10일 09시,목요일,서울특별시 서초구 방배동,중상사고,0,1,0,0,차대사람 - 보도통행중,기타,포장 - 건조,맑음,단일로 - 기타,이륜,남,41세,상해없음,보행자,여,76세,중상
27219,2020121000100130,2020년 12월 10일 11시,목요일,서울특별시 강서구 등촌동,경상사고,0,0,1,0,차대사람 - 기타,안전운전불이행,포장 - 건조,맑음,단일로 - 기타,기타불명,기타불명,미분류,기타불명,보행자,여,61세,경상
27220,2020121000100157,2020년 12월 10일 12시,목요일,서울특별시 중랑구 면목동,경상사고,0,0,1,0,차대사람 - 기타,안전운전불이행,포장 - 건조,맑음,단일로 - 기타,승용,여,52세,상해없음,보행자,여,57세,경상
27221,2020121000100187,2020년 12월 10일 13시,목요일,서울특별시 성북구 하월곡동,경상사고,0,0,1,0,차대사람 - 차도통행중,안전운전불이행,포장 - 건조,맑음,교차로 - 교차로안,화물,남,57세,상해없음,보행자,남,71세,경상
27222,2020121000100188,2020년 12월 10일 13시,목요일,서울특별시 도봉구 도봉동,사망사고,1,0,0,0,차대사람 - 횡단중,안전운전불이행,포장 - 건조,맑음,교차로 - 교차로횡단보도내,화물,남,54세,상해없음,보행자,여,76세,사망
27223,2020121000100235,2020년 12월 10일 15시,목요일,서울특별시 동대문구 제기동,중상사고,0,1,0,0,차대사람 - 길가장자리구역통행중,안전운전불이행,포장 - 건조,맑음,단일로 - 기타,승용,남,50세,상해없음,보행자,남,73세,중상
27224,2020121000100237,2020년 12월 10일 15시,목요일,서울특별시 송파구 가락동,중상사고,0,1,0,0,차대사람 - 기타,안전운전불이행,포장 - 건조,맑음,단일로 - 기타,화물,남,65세,상해없음,보행자,남,48세,중상
27225,2020121000100345,2020년 12월 10일 18시,목요일,서울특별시 광진구 화양동,경상사고,0,0,1,0,차대사람 - 길가장자리구역통행중,안전운전불이행,포장 - 건조,맑음,단일로 - 기타,승용,남,27세,상해없음,보행자,남,23세,경상
27226,2020121000100352,2020년 12월 10일 18시,목요일,서울특별시 노원구 월계동,중상사고,0,1,0,0,차대사람 - 보도통행중,안전운전불이행,포장 - 건조,맑음,교차로 - 교차로횡단보도내,승용,남,60세,상해없음,보행자,남,63세,중상
27227,2020121000100402,2020년 12월 10일 19시,목요일,서울특별시 강동구 고덕동,중상사고,0,1,0,0,차대사람 - 기타,보행자보호의무위반,포장 - 건조,맑음,교차로 - 교차로안,승용,남,58세,상해없음,보행자,여,71세,중상
27228,2020121000100449,2020년 12월 10일 20시,목요일,서울특별시 노원구 상계동,경상사고,0,0,1,0,차대사람 - 차도통행중,교차로운행방법위반,포장 - 건조,흐림,교차로 - 교차로안,승용,남,68세,상해없음,보행자,남,59세,경상
27229,2020121000100482,2020년 12월 10일 21시,목요일,서울특별시 성북구 안암동5가,경상사고,0,0,1,0,차대사람 - 횡단중,안전운전불이행,포장 - 건조,맑음,기타 - 기타,화물,남,23세,상해없음,보행자,남,45세,경상
27230,2020121000100483,2020년 12월 10일 21시,목요일,서울특별시 성북구 정릉동,경상사고,0,0,1,0,차대사람 - 차도통행중,안전운전불이행,포장 - 건조,맑음,단일로 - 기타,승용,여,23세,상해없음,보행자,여,49세,경상
27231,2020121000100488,2020년 12월 10일 21시,목요일,서울특별시 강남구 역삼동,경상사고,0,0,1,0,차대사람 - 보도통행중,기타,포장 - 건조,맑음,기타 - 기타,개인형이동수단(PM),남,34세,상해없음,보행자,남,28세,경상
27232,2020121000100532,2020년 12월 10일 23시,목요일,서울특별시 종로구 숭인동,경상사고,0,0,1,0,차대사람 - 기타,안전운전불이행,포장 - 건조,맑음,단일로 - 기타,화물,남,33세,상해없음,보행자,남,37세,경상
27233,2020121100100025,2020년 12월 11일 05시,금요일,서울특별시 중랑구 중화동,중상사고,0,1,0,0,차대사람 - 길가장자리구역통행중,안전운전불이행,포장 - 건조,맑음,단일로 - 기타,승용,남,68세,상해없음,보행자,남,21세,중상
27234,2020121100100051,2020년 12월 11일 07시,금요일,서울특별시 송파구 석촌동,부상신고사고,0,0,0,1,차대사람 - 기타,안전운전불이행,포장 - 건조,맑음,교차로 - 교차로안,승용,남,32세,상해없음,보행자,여,21세,부상신고
27235,2020121100100069,2020년 12월 11일 08시,금요일,서울특별시 강남구 논현동,경상사고,0,0,1,0,차대사람 - 기타,기타,포장 - 건조,기타,기타 - 기타,개인형이동수단(PM),여,26세,상해없음,보행자,여,39세,경상
27236,2020121100100103,2020년 12월 11일 10시,금요일,서울특별시 강동구 천호동,중상사고,0,1,0,0,차대사람 - 횡단중,안전운전불이행,포장 - 건조,맑음,단일로 - 기타,승용,남,56세,상해없음,보행자,여,81세,중상
27237,2020121100100126,2020년 12월 11일 11시,금요일,서울특별시 동대문구 전농동,중상사고,0,1,0,0,차대사람 - 기타,안전운전불이행,포장 - 건조,맑음,단일로 - 기타,승용,남,53세,상해없음,보행자,여,63세,중상
27238,2020121100100127,2020년 12월 11일 11시,금요일,서울특별시 강남구 역삼동,경상사고,0,0,1,0,차대사람 - 기타,기타,포장 - 기타,맑음,단일로 - 기타,이륜,남,41세,상해없음,보행자,남,2세,경상
27239,2020121100100129,2020년 12월 11일 11시,금요일,서울특별시 서초구 방배동,경상사고,0,0,1,0,차대사람 - 횡단중,안전운전불이행,포장 - 건조,맑음,단일로 - 기타,승용,여,60세,기타불명,보행자,남,80세,경상
27240,2020121100100161,2020년 12월 11일 12시,금요일,서울특별시 구로구 오류동,경상사고,0,0,1,0,차대사람 - 기타,안전운전불이행,포장 - 건조,맑음,단일로 - 기타,승용,여,52세,상해없음,보행자,남,61세,경상
27241,2020121100100265,2020년 12월 11일 15시,금요일,서울특별시 중구 신당동,경상사고,0,0,1,0,차대사람 - 기타,보행자보호의무위반,포장 - 건조,맑음,단일로 - 기타,승용,남,60세,상해없음,보행자,여,65세,경상
27242,2020121100100307,2020년 12월 11일 16시,금요일,서울특별시 송파구 방이동,중상사고,0,1,0,0,차대사람 - 기타,안전운전불이행,포장 - 건조,맑음,단일로 - 기타,승용,남,60세,상해없음,보행자,남,61세,중상
27243,2020121100100330,2020년 12월 11일 17시,금요일,서울특별시 종로구 세종로,중상사고,0,1,0,0,차대사람 - 횡단중,안전운전불이행,포장 - 건조,맑음,단일로 - 기타,승용,남,32세,상해없음,보행자,남,61세,중상
27244,2020121100100333,2020년 12월 11일 17시,금요일,서울특별시 강남구 역삼동,경상사고,0,0,1,0,차대사람 - 길가장자리구역통행중,안전운전불이행,포장 - 건조,맑음,단일로 - 기타,기타불명,기타불명,미분류,기타불명,보행자,여,35세,경상
27245,2020121100100335,2020년 12월 11일 17시,금요일,서울특별시 성북구 석관동,경상사고,0,0,1,0,차대사람 - 기타,안전운전불이행,포장 - 건조,맑음,단일로 - 기타,승용,남,63세,상해없음,보행자,남,59세,경상
27246,2020121100100382,2020년 12월 11일 18시,금요일,서울특별시 성동구 성수동2가,중상사고,0,1,0,0,차대사람 - 횡단중,안전운전불이행,포장 - 건조,맑음,단일로 - 기타,이륜,남,34세,상해없음,보행자,여,34세,중상
27247,2020121100100386,2020년 12월 11일 18시,금요일,서울특별시 관악구 봉천동,경상사고,0,0,1,0,차대사람 - 차도통행중,중앙선침범,포장 - 건조,맑음,단일로 - 기타,이륜,남,24세,상해없음,보행자,여,66세,경상
27248,2020121100100389,2020년 12월 11일 18시,금요일,서울특별시 강동구 암사동,중상사고,0,1,0,0,차대사람 - 기타,안전운전불이행,포장 - 건조,맑음,단일로 - 기타,화물,남,48세,상해없음,보행자,남,63세,중상
27249,2020121100100460,2020년 12월 11일 19시,금요일,서울특별시 강서구 화곡동,경상사고,0,0,1,0,차대사람 - 기타,안전운전불이행,포장 - 건조,맑음,교차로 - 교차로안,승용,남,61세,상해없음,보행자,남,60세,경상
27250,2020121100100465,2020년 12월 11일 19시,금요일,서울특별시 서초구 방배동,경상사고,0,0,1,0,차대사람 - 보도통행중,보행자보호의무위반,포장 - 건조,맑음,교차로 - 교차로횡단보도내,승용,남,47세,상해없음,보행자,남,27세,경상
27251,2020121100100541,2020년 12월 11일 21시,금요일,서울특별시 동작구 대방동,경상사고,0,0,1,0,차대사람 - 횡단중,안전운전불이행,포장 - 건조,맑음,교차로 - 교차로횡단보도내,화물,남,31세,상해없음,보행자,여,47세,경상
27252,2020121100100572,2020년 12월 11일 22시,금요일,서울특별시 강북구 번동,경상사고,0,0,1,0,차대사람 - 횡단중,안전운전불이행,포장 - 건조,맑음,교차로 - 교차로부근,승용,남,71세,상해없음,보행자,남,34세,경상
27253,2020121200100061,2020년 12월 12일 08시,토요일,서울특별시 송파구 석촌동,경상사고,0,0,1,0,차대사람 - 기타,안전운전불이행,포장 - 건조,맑음,단일로 - 기타,화물,남,60세,상해없음,보행자,여,55세,경상
27254,2020121200100086,2020년 12월 12일 10시,토요일,서울특별시 동대문구 제기동,사망사고,1,1,1,0,차대사람 - 기타,신호위반,포장 - 건조,맑음,교차로 - 교차로횡단보도내,승용,여,63세,상해없음,보행자,남,66세,사망
27255,2020121200100088,2020년 12월 12일 10시,토요일,서울특별시 관악구 신림동,사망사고,1,0,0,0,차대사람 - 기타,안전운전불이행,포장 - 건조,맑음,단일로 - 기타,승용,남,34세,상해없음,보행자,남,51세,사망
27256,2020121200100089,2020년 12월 12일 10시,토요일,서울특별시 강남구 논현동,경상사고,0,0,1,0,차대사람 - 보도통행중,기타,포장 - 건조,맑음,기타 - 기타,승용,여,29세,상해없음,보행자,남,22세,경상
27257,2020121200100220,2020년 12월 12일 14시,토요일,서울특별시 강동구 상일동,중상사고,0,1,0,0,차대사람 - 기타,안전운전불이행,포장 - 건조,맑음,단일로 - 기타,이륜,남,17세,상해없음,보행자,남,43세,중상
27258,2020121200100246,2020년 12월 12일 15시,토요일,서울특별시 강남구 수서동,경상사고,0,0,1,0,차대사람 - 길가장자리구역통행중,안전운전불이행,포장 - 건조,맑음,단일로 - 기타,승용,여,40세,상해없음,보행자,남,37세,경상
27259,2020121200100309,2020년 12월 12일 17시,토요일,서울특별시 노원구 상계동,경상사고,0,0,1,0,차대사람 - 차도통행중,안전운전불이행,포장 - 건조,맑음,기타 - 기타,승용,남,63세,상해없음,보행자,여,66세,경상
27260,2020121200100349,2020년 12월 12일 18시,토요일,서울특별시 강동구 암사동,중상사고,0,1,0,0,차대사람 - 차도통행중,안전운전불이행,포장 - 건조,맑음,단일로 - 기타,승용,남,59세,상해없음,보행자,여,32세,중상
27261,2020121200100453,2020년 12월 12일 21시,토요일,서울특별시 마포구 창전동,경상사고,0,0,1,0,차대사람 - 차도통행중,안전운전불이행,포장 - 건조,흐림,단일로 - 기타,개인형이동수단(PM),남,17세,상해없음,보행자,여,6세,경상
27262,2020121200100455,2020년 12월 12일 21시,토요일,서울특별시 중랑구 상봉동,경상사고,0,0,1,0,차대사람 - 보도통행중,신호위반,포장 - 건조,맑음,기타 - 기타,승용,남,53세,기타불명,보행자,여,25세,경상
27263,2020121200100487,2020년 12월 12일 23시,토요일,서울특별시 강북구 미아동,경상사고,0,0,1,0,차대사람 - 기타,안전운전불이행,포장 - 건조,맑음,교차로 - 교차로안,이륜,남,18세,상해없음,보행자,남,39세,경상
27264,2020121300100162,2020년 12월 13일 14시,일요일,서울특별시 성북구 길음동,경상사고,0,0,1,0,차대사람 - 횡단중,보행자보호의무위반,포장 - 건조,맑음,교차로 - 교차로안,승용,남,47세,상해없음,보행자,남,21세,경상
27265,2020121300100190,2020년 12월 13일 15시,일요일,서울특별시 서초구 반포동,경상사고,0,0,1,0,차대사람 - 횡단중,보행자보호의무위반,포장 - 건조,맑음,교차로 - 교차로횡단보도내,승용,여,65세,상해없음,보행자,여,43세,경상
27266,2020121300100232,2020년 12월 13일 17시,일요일,서울특별시 강북구 미아동,중상사고,0,1,0,0,차대사람 - 차도통행중,안전운전불이행,포장 - 건조,맑음,단일로 - 기타,승용,남,54세,상해없음,보행자,남,58세,중상
27267,2020121300100265,2020년 12월 13일 18시,일요일,서울특별시 금천구 독산동,중상사고,0,2,0,0,차대사람 - 횡단중,안전운전불이행,포장 - 건조,흐림,교차로 - 교차로부근,이륜,남,31세,중상,보행자,남,61세,중상
27268,2020121300100267,2020년 12월 13일 18시,일요일,서울특별시 송파구 신천동,경상사고,0,0,1,0,차대사람 - 횡단중,보행자보호의무위반,포장 - 건조,맑음,교차로 - 교차로횡단보도내,승합,남,40세,상해없음,보행자,남,79세,경상
27269,2020121300100298,2020년 12월 13일 19시,일요일,서울특별시 송파구 장지동,중상사고,0,1,0,0,차대사람 - 횡단중,신호위반,포장 - 젖음/습기,눈,교차로 - 교차로횡단보도내,이륜,남,57세,상해없음,보행자,여,66세,중상
27270,2020121400100029,2020년 12월 14일 06시,월요일,서울특별시 중구 신당동,중상사고,0,1,0,0,차대사람 - 기타,중앙선침범,포장 - 건조,맑음,교차로 - 교차로부근,화물,남,27세,상해없음,보행자,남,56세,중상
27271,2020121400100062,2020년 12월 14일 08시,월요일,서울특별시 성북구 길음동,경상사고,0,0,1,0,차대사람 - 기타,안전운전불이행,포장 - 건조,맑음,주차장 - 주차장,승용,남,77세,기타불명,보행자,남,49세,경상
27272,2020121400100064,2020년 12월 14일 08시,월요일,서울특별시 금천구 가산동,경상사고,0,0,1,0,차대사람 - 횡단중,보행자보호의무위반,포장 - 건조,맑음,교차로 - 교차로안,기타불명,기타불명,미분류,기타불명,보행자,여,33세,경상
27273,2020121400100067,2020년 12월 14일 08시,월요일,서울특별시 도봉구 쌍문동,중상사고,0,1,0,0,차대사람 - 횡단중,보행자보호의무위반,포장 - 건조,맑음,교차로 - 교차로횡단보도내,화물,남,38세,상해없음,보행자,여,71세,중상
27274,2020121400100153,2020년 12월 14일 11시,월요일,서울특별시 중랑구 면목동,경상사고,0,0,1,0,차대사람 - 차도통행중,안전운전불이행,포장 - 건조,맑음,교차로 - 교차로안,승용,남,44세,상해없음,보행자,여,88세,경상
27275,2020121400100156,2020년 12월 14일 11시,월요일,서울특별시 강남구 신사동,중상사고,0,1,0,0,차대사람 - 기타,안전운전불이행,포장 - 건조,맑음,교차로 - 교차로부근,승용,남,62세,상해없음,보행자,남,79세,중상
27276,2020121400100160,2020년 12월 14일 11시,월요일,서울특별시 도봉구 창동,경상사고,0,0,1,0,차대사람 - 횡단중,신호위반,포장 - 건조,맑음,교차로 - 교차로횡단보도내,원동기,남,78세,상해없음,보행자,여,10세,경상
27277,2020121400100210,2020년 12월 14일 13시,월요일,서울특별시 서대문구 대현동,경상사고,0,0,1,0,차대사람 - 횡단중,보행자보호의무위반,포장 - 건조,맑음,교차로 - 교차로횡단보도내,화물,남,51세,상해없음,보행자,여,77세,경상
27278,2020121400100211,2020년 12월 14일 13시,월요일,서울특별시 강북구 미아동,경상사고,0,0,1,0,차대사람 - 기타,교차로운행방법위반,포장 - 건조,맑음,교차로 - 교차로안,이륜,남,58세,상해없음,보행자,남,37세,경상
27279,2020121400100214,2020년 12월 14일 13시,월요일,서울특별시 강남구 역삼동,중상사고,0,1,0,0,차대사람 - 기타,안전운전불이행,포장 - 건조,맑음,단일로 - 기타,승용,남,62세,상해없음,보행자,남,23세,중상
27280,2020121400100245,2020년 12월 14일 14시,월요일,서울특별시 동작구 흑석동,경상사고,0,0,1,0,차대사람 - 횡단중,보행자보호의무위반,포장 - 건조,맑음,단일로 - 기타,승용,남,54세,상해없음,보행자,여,27세,경상
27281,2020121400100247,2020년 12월 14일 14시,월요일,서울특별시 송파구 풍납동,중상사고,0,1,0,0,차대사람 - 기타,안전운전불이행,포장 - 건조,맑음,단일로 - 기타,승용,남,66세,상해없음,보행자,남,30세,중상
27282,2020121400100316,2020년 12월 14일 16시,월요일,서울특별시 은평구 응암동,부상신고사고,0,0,0,1,차대사람 - 횡단중,안전운전불이행,포장 - 건조,맑음,단일로 - 기타,승용,남,59세,상해없음,보행자,여,69세,부상신고
27283,2020121400100317,2020년 12월 14일 16시,월요일,서울특별시 광진구 자양동,경상사고,0,0,1,0,차대사람 - 기타,안전운전불이행,포장 - 건조,맑음,단일로 - 기타,승용,남,74세,상해없음,보행자,남,31세,경상
27284,2020121400100319,2020년 12월 14일 16시,월요일,서울특별시 동작구 노량진동,경상사고,0,0,1,0,차대사람 - 기타,안전운전불이행,포장 - 건조,맑음,단일로 - 기타,승용,남,62세,상해없음,보행자,남,51세,경상
27285,2020121400100321,2020년 12월 14일 16시,월요일,서울특별시 구로구 구로동,경상사고,0,0,1,0,차대사람 - 기타,안전운전불이행,포장 - 건조,맑음,교차로 - 교차로안,승용,남,43세,상해없음,보행자,남,54세,경상
27286,2020121400100347,2020년 12월 14일 17시,월요일,서울특별시 은평구 응암동,경상사고,0,0,1,0,차대사람 - 기타,안전운전불이행,포장 - 건조,맑음,단일로 - 기타,승합,남,48세,상해없음,보행자,여,21세,경상
27287,2020121400100348,2020년 12월 14일 17시,월요일,서울특별시 강북구 번동,중상사고,0,1,0,0,차대사람 - 기타,안전운전불이행,포장 - 건조,맑음,단일로 - 기타,승용,남,65세,상해없음,보행자,남,41세,중상
27288,2020121400100350,2020년 12월 14일 17시,월요일,서울특별시 은평구 갈현동,경상사고,0,0,1,0,차대사람 - 기타,안전운전불이행,포장 - 건조,맑음,단일로 - 기타,승용,남,62세,상해없음,보행자,여,65세,경상
27289,2020121400100449,2020년 12월 14일 19시,월요일,서울특별시 동대문구 답십리동,중상사고,0,1,0,0,차대사람 - 횡단중,신호위반,포장 - 건조,흐림,단일로 - 기타,화물,남,70세,상해없음,보행자,여,42세,중상
27290,2020121400100452,2020년 12월 14일 19시,월요일,서울특별시 강남구 신사동,경상사고,0,0,1,0,차대사람 - 기타,안전운전불이행,포장 - 건조,맑음,교차로 - 교차로부근,기타불명,기타불명,미분류,기타불명,보행자,남,30세,경상
27291,2020121400100482,2020년 12월 14일 20시,월요일,서울특별시 성동구 성수동1가,경상사고,0,0,1,0,차대사람 - 보도통행중,보행자보호의무위반,포장 - 건조,맑음,단일로 - 기타,승용,남,30세,상해없음,보행자,남,58세,경상
27292,2020121400100511,2020년 12월 14일 21시,월요일,서울특별시 강남구 역삼동,중상사고,0,1,0,0,차대사람 - 횡단중,보행자보호의무위반,포장 - 건조,맑음,교차로 - 교차로횡단보도내,화물,남,29세,상해없음,보행자,여,58세,중상
27293,2020121400100512,2020년 12월 14일 21시,월요일,서울특별시 강남구 개포동,경상사고,0,0,1,0,차대사람 - 기타,기타,포장 - 건조,맑음,단일로 - 기타,이륜,남,42세,기타불명,보행자,남,26세,경상
27294,2020121500100012,2020년 12월 15일 03시,화요일,서울특별시 광진구 화양동,중상사고,0,1,0,0,차대사람 - 기타,보행자보호의무위반,포장 - 건조,맑음,교차로 - 교차로안,승용,남,60세,상해없음,보행자,남,50세,중상
27295,2020121500100033,2020년 12월 15일 07시,화요일,서울특별시 노원구 공릉동,중상사고,0,1,0,0,차대사람 - 횡단중,보행자보호의무위반,포장 - 건조,맑음,교차로 - 교차로안,이륜,남,70세,상해없음,보행자,남,48세,중상
27296,2020121500100051,2020년 12월 15일 08시,화요일,서울특별시 성북구 정릉동,경상사고,0,0,1,0,차대사람 - 횡단중,신호위반,포장 - 건조,맑음,교차로 - 교차로횡단보도내,화물,남,55세,상해없음,보행자,남,8세,경상
27297,2020121500100052,2020년 12월 15일 08시,화요일,서울특별시 영등포구 여의도동,중상사고,0,1,0,0,차대사람 - 기타,안전운전불이행,포장 - 건조,맑음,단일로 - 기타,승합,남,58세,상해없음,보행자,남,61세,중상
27298,2020121500100056,2020년 12월 15일 08시,화요일,서울특별시 서초구 방배동,중상사고,0,1,0,0,차대사람 - 차도통행중,안전운전불이행,포장 - 건조,맑음,단일로 - 기타,승용,남,63세,상해없음,보행자,여,43세,중상
27299,2020121500100192,2020년 12월 15일 13시,화요일,서울특별시 광진구 중곡동,경상사고,0,0,1,0,차대사람 - 길가장자리구역통행중,안전운전불이행,포장 - 건조,맑음,단일로 - 기타,화물,남,49세,상해없음,보행자,여,23세,경상
27300,2020121500100193,2020년 12월 15일 13시,화요일,서울특별시 성동구 성수동1가,중상사고,0,1,0,0,차대사람 - 횡단중,보행자보호의무위반,포장 - 건조,맑음,교차로 - 교차로안,화물,남,54세,상해없음,보행자,남,29세,중상
27301,2020121500100197,2020년 12월 15일 13시,화요일,서울특별시 은평구 불광동,중상사고,0,1,0,0,차대사람 - 기타,안전운전불이행,포장 - 건조,맑음,기타 - 기타,승용,남,55세,상해없음,보행자,여,82세,중상
27302,2020121500100266,2020년 12월 15일 15시,화요일,서울특별시 광진구 화양동,중상사고,0,1,0,0,차대사람 - 길가장자리구역통행중,안전운전불이행,포장 - 건조,맑음,단일로 - 기타,승합,남,63세,상해없음,보행자,여,21세,중상
27303,2020121500100267,2020년 12월 15일 15시,화요일,서울특별시 강동구 천호동,부상신고사고,0,0,0,1,차대사람 - 차도통행중,안전운전불이행,포장 - 건조,맑음,교차로 - 교차로안,승용,남,48세,상해없음,보행자,여,48세,부상신고
27304,2020121500100268,2020년 12월 15일 15시,화요일,서울특별시 서초구 양재동,경상사고,0,0,1,0,차대사람 - 기타,안전운전불이행,포장 - 건조,맑음,단일로 - 기타,승합,남,63세,상해없음,보행자,여,69세,경상
27305,2020121500100379,2020년 12월 15일 18시,화요일,서울특별시 강서구 마곡동,경상사고,0,0,1,0,차대사람 - 기타,안전운전불이행,포장 - 건조,맑음,단일로 - 기타,개인형이동수단(PM),남,36세,상해없음,보행자,남,37세,경상
27306,2020121500100514,2020년 12월 15일 21시,화요일,서울특별시 광진구 구의동,중상사고,0,1,0,0,차대사람 - 횡단중,안전운전불이행,포장 - 건조,맑음,교차로 - 교차로부근,이륜,남,38세,상해없음,보행자,여,58세,중상
27307,2020121500100544,2020년 12월 15일 22시,화요일,서울특별시 금천구 독산동,경상사고,0,0,1,0,차대사람 - 기타,보행자보호의무위반,포장 - 건조,맑음,교차로 - 교차로횡단보도내,승용,남,32세,상해없음,보행자,남,22세,경상
27308,2020121500100547,2020년 12월 15일 22시,화요일,서울특별시 강남구 역삼동,중상사고,0,1,0,0,차대사람 - 기타,안전운전불이행,포장 - 건조,맑음,단일로 - 기타,승용,여,32세,상해없음,보행자,여,54세,중상
27309,2020121500100548,2020년 12월 15일 22시,화요일,서울특별시 강동구 천호동,중상사고,0,1,0,0,차대사람 - 횡단중,안전운전불이행,포장 - 건조,맑음,단일로 - 기타,원동기,남,27세,상해없음,보행자,여,34세,중상
27310,2020121600100196,2020년 12월 16일 13시,수요일,서울특별시 영등포구 신길동,경상사고,0,0,1,0,차대사람 - 횡단중,신호위반,포장 - 건조,맑음,교차로 - 교차로안,승용,여,61세,상해없음,보행자,남,22세,경상
27311,2020121600100223,2020년 12월 16일 14시,수요일,서울특별시 종로구 구기동,중상사고,0,1,0,0,차대사람 - 횡단중,보행자보호의무위반,포장 - 건조,맑음,교차로 - 교차로부근,승용,남,72세,상해없음,보행자,남,87세,중상
27312,2020121600100227,2020년 12월 16일 14시,수요일,서울특별시 동작구 사당동,경상사고,0,0,1,0,차대사람 - 기타,안전운전불이행,포장 - 건조,맑음,단일로 - 기타,승용,남,38세,상해없음,보행자,여,73세,경상
27313,2020121600100229,2020년 12월 16일 14시,수요일,서울특별시 송파구 석촌동,경상사고,0,0,1,0,차대사람 - 보도통행중,기타,포장 - 건조,맑음,단일로 - 기타,기타불명,기타불명,미분류,기타불명,보행자,여,32세,경상
27314,2020121600100269,2020년 12월 16일 15시,수요일,서울특별시 동대문구 청량리동,중상사고,0,1,1,0,차대사람 - 보도통행중,신호위반,포장 - 건조,맑음,단일로 - 기타,이륜,남,40세,상해없음,보행자,남,33세,중상
27315,2020121600100271,2020년 12월 16일 15시,수요일,서울특별시 강동구 천호동,경상사고,0,0,1,0,차대사람 - 횡단중,신호위반,포장 - 건조,맑음,단일로 - 기타,이륜,남,17세,상해없음,보행자,여,64세,경상
27316,2020121600100368,2020년 12월 16일 18시,수요일,서울특별시 성북구 삼선동5가,경상사고,0,0,2,0,차대사람 - 기타,안전운전불이행,포장 - 건조,맑음,단일로 - 기타,이륜,남,34세,경상,보행자,남,46세,경상
27317,2020121600100374,2020년 12월 16일 18시,수요일,서울특별시 송파구 잠실동,중상사고,0,1,0,0,차대사람 - 횡단중,안전운전불이행,포장 - 건조,맑음,기타 - 기타,자전거,남,51세,상해없음,보행자,남,67세,중상
27318,2020121600100481,2020년 12월 16일 20시,수요일,서울특별시 서초구 서초동,중상사고,0,1,0,0,차대사람 - 횡단중,신호위반,포장 - 건조,맑음,단일로 - 기타,승용,남,55세,상해없음,보행자,여,24세,중상
27319,2020121600100501,2020년 12월 16일 21시,수요일,서울특별시 중구 만리동2가,중상사고,0,1,0,0,차대사람 - 횡단중,신호위반,포장 - 건조,맑음,단일로 - 기타,이륜,남,17세,상해없음,보행자,여,65세,중상
27320,2020121600100510,2020년 12월 16일 21시,수요일,서울특별시 구로구 개봉동,경상사고,0,0,1,0,차대사람 - 길가장자리구역통행중,안전운전불이행,포장 - 건조,맑음,단일로 - 기타,이륜,남,16세,상해없음,보행자,남,39세,경상
27321,2020121600100556,2020년 12월 16일 23시,수요일,서울특별시 구로구 가리봉동,경상사고,0,0,1,0,차대사람 - 횡단중,안전운전불이행,포장 - 건조,맑음,교차로 - 교차로안,승용,여,45세,상해없음,보행자,여,72세,경상